Date,SP500,AAPL,MSFT,GOOGL,AMZN,META,NVDA,TSLA,Tech_Giants
2012-05-21,0.016035901237667627,0.05826043721542984,0.0163991253581226,0.022834784158100474,0.019920532641259037,-0.1098614578605217,0.017384074509172898,0.043904409529149646,-0.021227035755444157
2012-05-22,0.0004863370186602989,-0.007678966163758627,0.000335973133762435,-0.02167367094892314,-0.01274585610139034,-0.08903900620148442,-0.012205476431978779,0.07055946946271918,-0.033802789766358865
2012-05-23,0.0016937032123527374,0.02439948726650143,-0.02184139961030207,0.014414155721778954,0.009055853167555528,0.03225801858537314,0.024712260407102615,0.007143037117946172,0.012287741543122621
2012-05-24,0.001380031526917458,-0.009183575767175212,-0.001374345619859496,-0.009516545726601766,-0.009388828562474694,0.032187320664708974,-0.02652763935478908,-0.023855461162963776,0.005294502414986857
2012-05-25,-0.002165632329979128,-0.005360071215621098,-0.0003438322956740292,-0.020094175397004865,-0.010918073244703619,-0.033908410883935036,0.023946678845819136,-0.015522086411052571,-0.01639978189228708
2012-05-29,0.011078977592776207,0.01774885581097596,0.017205783983528677,0.004750385351342645,0.008736945269423257,-0.0962081189949725,0.025806822312718136,0.06306644165260322,-0.02073435086619191
2012-05-30,-0.014334892170861036,0.012057335019570292,-0.007442409894448332,-0.010280306072044665,-0.025704309009124682,-0.022538061567533796,-0.011792158002324582,-0.04039162783055239,-0.011626974596879336
2012-05-31,-0.0022766655169013106,-0.0024862641646341554,-0.005112229535401802,-0.012529125459619483,0.01758830113336063,0.05001775122752372,-0.011137885349143173,-0.02992402552858897,0.01223498480795926
2012-06-01,-0.024642584749729912,-0.02897571320031256,-0.025351307873146323,-0.017009219082488758,-0.02202808015612112,-0.06351355258955582,-0.036202560959524566,-0.04576271977516244,-0.036379861233156285
2012-06-04,0.00010955419561042845,0.00588245763817663,0.0035148541570388936,0.013327799376502414,0.030496600399845253,-0.029581592469623996,-0.020868129828776838,-0.009591475982656972,-0.001638563890231426
2012-06-05,0.005726850663809513,-0.0025867640001614456,-0.001400966869667175,-0.014137678289429578,-0.006338331652688156,-0.03828989445339548,0.028985796394482177,0.0010760261163218487,-0.014539433262368173
2012-06-06,0.023049400920118535,0.015332698298626823,0.02946309373213829,0.01781183629416927,0.020777675118962113,0.036335436141329724,0.026511725354028126,0.04693637518142468,0.02634165238609132
2012-06-07,-0.00010646449242102118,0.000455061279693858,-0.0040883417965896784,-0.004030686754734392,0.005329866850168452,-0.018649768980602,-0.04035526222037633,-0.009924540762724088,-0.006502022748084535
2012-06-08,0.008114163624478143,0.015042784558136235,0.014368799178925862,0.0038393567378633975,-0.0014625040786141463,0.03002676756798084,0.019344201561803942,0.039750770621190146,0.015929635874772696
2012-06-11,-0.012620113782869202,-0.015767367655307063,-0.025295271449055412,-0.020587494704022546,-0.009062612508952683,-0.003321116908796329,0.011550991904071717,-0.03191484555419011,-0.014830020634785002
2012-06-12,0.011650737147309576,0.00873617616478084,0.013494894947647662,-0.005980647855482801,-0.0003694882358874496,0.014439059118937392,0.020391429245290915,0.01854390416947238,0.008504904518275902
2012-06-13,-0.007023250955987548,-0.006942321137598406,-0.005462697587522269,-0.007096008341678561,-0.007808918956720312,-0.004744396662883066,-0.026379005796341115,0.0037090333790696928,-0.005907217037145696
2012-06-14,0.010814652782245693,-0.0011009700095991892,0.007209146372299191,-0.0036358329476835483,-0.0013039574575884894,0.03740372094175437,-0.012315284344822874,-0.01276486247216202,0.011321161445861927
2012-06-15,0.010337815429059649,0.004549386109951037,0.023176879772859538,0.009766465806559266,0.018186029153572925,0.06079878121457005,0.02161304797798369,0.017693274234068967,0.02828503732356369
2012-06-18,0.0014447466011910937,0.02029123827164958,-0.005996480753918232,0.011231042640739819,0.019739028224393218,0.04665111684860768,0.00894969534707668,0.06452714085899092,0.021419429470199258
2012-06-19,0.009815695418065262,0.0027826114901117194,0.028820623496610187,0.018708985806280998,0.00615283956025614,0.015918506202851734,0.06774227946353495,0.0078514128376026,0.0159561165087565
2012-06-20,-0.0016863570122068738,-0.002842990160021208,0.007491544073974454,-0.006912811997841217,-0.004508317310344734,-0.009714794612259214,0.015861102619625367,0.052664584348646404,-0.0020452432001573095
2012-06-21,-0.022261677039013494,-0.013777527667051426,-0.02554155335016084,-0.021298397626964505,-0.010985599440880511,0.007594926100114252,-0.04535326169174969,-0.04706935195990758,-0.011608369825765519
2012-06-22,0.007174604262178752,0.00766884099854126,0.018580284513691314,0.011093303013100408,0.00720861415642382,0.038002595495607805,0.012460829545349883,0.04970505420745486,0.021168559355673855
2012-06-25,-0.015954853497705423,-0.0194636502409945,-0.027036299524217378,-0.018863271296633677,-0.009407617821449943,-0.029954613851920664,-0.03153806249085511,-0.020124529416185033,-0.02350248900063523
2012-06-26,0.004772721486371312,0.0022073016111072707,0.005022486286939243,0.007098176233862441,0.025173847196820587,0.0324391888296256,0.011120090909616742,-0.045303603519723956,0.014674180364710132
2012-06-27,0.008984905521485453,0.004317605435013139,0.004996348004957296,0.008181670291503185,4.429992673604666e-05,-0.026284340414044705,0.032207162696497704,0.011072776323016953,-0.005149084386655733
2012-06-28,-0.002109799583246086,-0.009486457153914496,-0.00861791249282795,-0.008765226332844156,-0.019102905354693944,-0.026993260675995057,0.007610258358737854,-0.017209104291142197,-0.015910597474797616
2012-06-29,0.02492023877666627,0.026272199956435704,0.022734874927866633,0.027928001254961865,0.03181051688448644,-0.008290774566496628,0.043806574285629285,-0.003820503837411726,0.01486972703351741
2012-07-02,0.0024593113157624913,0.01458892917562582,-0.0009804775092530083,0.0006895482374182915,0.004247870635399886,-0.010610994877959357,-0.02677265343450208,-0.02844335981387347,-0.0010464944106652885
2012-07-03,0.0062321108631679945,0.011628194031568118,0.006544266577292124,0.012679367893107418,0.0009157469550788999,0.013974741258910406,0.02602271665047673,0.008552362707985761,0.010030052779499865
2012-07-05,-0.0046870230309741245,0.017567367268362055,-0.0019504294829185698,0.013762505731303998,-0.010761109664282342,0.00865381853356495,-0.010144876742559816,0.018591051114542845,0.006368043420530878
2012-07-06,-0.00943264946713962,-0.00665636984638085,-0.016612377850162896,-0.01668013611407293,-0.008852295391576392,0.008261794716790893,-0.019033741853930253,-0.0076849338583122595,-0.006225246551886721
2012-07-09,-0.0016388318166757898,0.013220355493079428,-0.006293713073757479,5.127310866903656e-05,0.0,0.013866923692727129,-0.013433115314942956,0.016134106181896035,0.005460734928147026
2012-07-10,-0.008125926498228409,-0.009252471725220479,-0.008666668746001749,-0.007354858378886386,-0.02466111613079669,-0.021759286104089726,-0.030257310615575017,-0.006986066593748008,-0.014457430740245969
2012-07-11,-1.4923577632885987e-05,-0.006215219177996278,-0.01479497329260182,-0.01806779759628585,-0.005148103226573331,-0.015888155890752542,-0.016380833772380643,0.007675102390548139,-0.012544391974830149
2012-07-12,-0.004987097282612596,-0.009148759246217941,-0.0228664922623506,-0.0012429360161367864,-0.01378397200004855,-0.005166282834961455,-0.01665363418568233,0.037765655835609646,-0.009539317151311177
2012-07-13,0.01649736234989274,0.01013531702160897,0.026544992723949612,0.010587587995603664,0.014069530724556856,-0.0029212033155140427,0.012903725710034175,0.04740045559820483,0.011193345381892872
2012-07-16,-0.002314313728559836,0.003206407221811869,0.0017017495709708008,-0.002775376535112839,-0.010897974362454432,-0.0804035872058283,0.003184239973748504,0.04992694471009851,-0.02404160760143459
2012-07-17,0.007409672577889825,4.956503797481915e-05,0.0074726630956354345,0.0031483830698255666,0.0042591066162949165,-0.005663776955894262,-0.018253662542251137,-0.07258066842013089,-0.0007337641598120781
2012-07-18,0.006680490923747229,-0.0011201352964167466,0.026635203230211735,0.0069876443278724665,0.0024892336315149866,0.0363119094766311,0.0557806330965378,-0.035981981985846345,0.017295673446367843
2012-07-19,0.002717099891568653,0.013294729775092273,0.007224802502576955,0.021179209211736882,0.04000555707043807,-0.003778748531332754,0.009953446319314496,0.0037325677240513944,0.010689029216230939
2012-07-20,-0.010061659913606968,-0.016310928392419655,-0.017932604316960976,0.029946409332079593,0.009373475162639533,-0.008275916744114764,-0.028809520406468447,-0.01487452823758817,-0.004689786204610469
2012-07-23,-0.00890905606969361,-0.0007778378822098642,-0.027888607748198457,0.007678101692632389,-0.009987324724907376,-0.00034772136408467436,0.013270509102402128,-0.03554567282028931,-0.007632897845027964
2012-07-24,-0.009040932945028057,-0.0048193765943950195,-0.004439891801809925,-0.012899902012014186,-0.013140966323029968,-0.010434668724750407,-0.01078557817438186,-0.026745048527631043,-0.00902422057259733
2012-07-25,-0.000313861457302278,-0.04318343718921425,-0.010977868867233731,0.0006913683105362889,-0.02685620999989735,0.0312828571149113,0.01947072965720964,-0.029825617436997853,-0.005007552029077322
2012-07-26,0.016540974699349675,-0.0001562915132049536,0.011446581192491312,0.008832380915715587,0.013637388989541144,-0.08486704362881015,0.004583416724316169,-0.028324869164712885,-0.02037512776521966
2012-07-27,0.01908056557933535,0.01788152623214967,0.02057630132258126,0.03521571111196753,0.07867828478195671,-0.11694608553298602,0.02509516094283848,0.049057959309873445,-0.008725745673767271
2012-07-30,-0.0004833595887074882,0.016867254869377124,-0.004032500247702964,-0.004189181226913252,-0.005182921659103945,-0.023618696166253783,-0.011127606313195648,-0.07319550741266001,-0.006663482174509849
2012-07-31,-0.0043168283608459035,0.026435251248394298,-0.005735251597303148,0.0010596357489216501,-0.011817499150705069,-0.06220302544114176,0.015753913606727288,0.0025595568185785567,-0.012841428889840634
2012-08-01,-0.0028999798130677767,-0.006467189799441941,-0.0020361317729774564,-0.00045805696189293865,-0.0051864676516368835,-0.03823106950305555,-0.011078680863510049,-0.04266955777460768,-0.012279257989800008
2012-08-02,-0.0075036694675360005,0.0016149545482890826,-0.007480042763612804,-0.006211772303468477,-0.005515113163820473,-0.040230009718694615,0.003734523274670387,-0.005714280264718208,-0.012548167374603625
2012-08-03,0.01904028588598905,0.013014638499238451,0.01918456693084236,0.02000788732284353,0.018023498872952848,0.05239525903969766,0.020833043120247252,0.0448275569125014,0.0257387777205198
2012-08-06,0.0023292692665812798,0.011125855559927178,0.0067224465941027045,0.002323432613364096,-0.00417072706455246,0.03935506725655169,0.021137563600512,0.03667056184231199,0.01346321404262718
2012-08-07,0.005106758007594747,-0.0026347068044615396,0.010350505857572356,-0.0035469404922237047,0.010983373974909227,-0.054744541204286956,0.009992813422566638,0.07003881722733718,-0.00837357606418887
2012-08-08,0.0006208264404641284,-0.0016908470357017702,0.0023133647020205927,0.002638404039622344,-0.009215438397098263,0.0,0.005653420375376195,-0.03834739766346662,-0.0012675015854456406
2012-08-09,0.0004136855394443195,0.005702577071127868,0.005604933322216565,0.0001868903248347653,-0.0013652866450927226,0.01399632924467209,0.0337316606685647,0.011000716485258799,0.005884776223383348
2012-08-10,0.002188441817939202,0.0015631141780332314,-0.0026230301020334634,-0.0005449750143621257,-0.005596877639503339,0.038076866936395115,-0.006118327857982497,0.01802092712424508,0.007674444878235542
2012-08-13,-0.0012519007957618733,0.013350378999891,-0.0009857203835113015,0.0280530370578278,-0.0013319071036383967,-0.00962844466970414,0.012995766226855165,0.04108217186897356,0.005670459751616175
2012-08-14,-0.00012814640056846294,0.002682382887993384,-0.0019878334707292833,0.013105818381982104,0.0032266720277682737,-0.05648153446093884,-0.014854510391625775,-0.05614390201478603,-0.011351144348281439
2012-08-15,0.0011396405267545262,-0.0013612619085354716,0.002323481425082319,-0.0016748653927222135,0.01813972860177171,0.04023551716965068,-0.007539915364314087,-0.0006796389246510603,0.010907139643320907
2012-08-16,0.007100510313353237,0.008734733064276856,0.019205181825507234,0.007984391515352351,0.017395337238864217,-0.06273587702507644,0.020718707408809767,0.0306122151080499,-0.003009750935894062
2012-08-17,0.0018721339981915275,0.018496155287972993,0.0038986096659843206,0.006345949843501231,-0.001573177633256373,-0.04126823706988392,-0.00879565934897275,-0.009570735606304392,-0.003163781989871328
2012-08-20,-2.1174829462955458e-05,0.02629189220878203,-0.005177779399307525,-0.002362798079705186,-0.003400121509738785,0.050393835002335186,0.0,-0.01666151059786647,0.012978266262696492
2012-08-21,-0.003497536135912971,-0.013666344018057663,0.0019517246657074772,-0.008926237496718281,-0.0037445455859896892,-0.04247872246762785,-0.002730501854295353,-0.013554353296045596,-0.013520906748842099
2012-08-22,0.0002264032488046297,0.019525990961512196,-0.008441489147248293,0.011455963796485946,0.0152432564531233,0.014613556425141061,0.002053194211152798,0.028856054810054044,0.009390337382476188
2012-08-23,-0.008072242646582573,-0.009329669530653506,-0.009168528129696707,-0.0005609728152573545,-0.007815657378979712,0.0,-0.022540813451132347,0.026043364192214646,-0.004957115022871217
2012-08-24,0.006454730908207917,0.0008909690164879969,0.009914052690006336,0.002703819148799802,0.018822493776009974,-0.0015431832161845183,0.020265513202657015,-0.04002597776818828,0.0044871536811088575
2012-08-27,-0.0004890148137838279,0.018787170429393596,0.004254009542820292,-0.013866001602197975,-0.007406169567442333,-0.013394991278988466,-0.01712339349635905,-0.04000018426923824,-0.0019788544359710114
2012-08-28,-0.0008081822874276279,-0.0013029086390378142,-0.0019548271906668635,0.01199887113159881,0.008978347855440827,0.009921631298816402,-0.004180971767432262,0.013065161262133307,0.004702354358705474
2012-08-29,0.0008443492265819419,-0.0019704260604119783,0.0006525481476029604,0.015887826109619807,0.004103849169186269,-0.012409595335399648,0.002099444809440021,-0.009759661404132203,0.0003914827149098521
2012-08-30,-0.00780580496271055,-0.01425481383580407,-0.010766632878534965,-0.009200477675710084,-0.0036419615157370355,-0.0005235846184483695,-0.01885496341227355,0.0,-0.008082774381558244
2012-08-31,0.0050732955705157234,0.0020638198810642994,0.016491274215395535,0.005002479568189333,0.008325884406863215,-0.05395495376399806,-0.001423414963309777,0.0038716583006168648,-0.004098746756037608
2012-09-04,-0.0011659590635981765,0.014626407017766407,-0.013952339508577882,-0.005911708597372223,-0.0015708526210352902,-0.01827242754388203,-0.05345702131697605,-0.01332377234524107,-0.005743717950924765
2012-09-05,-0.0010676612969652277,-0.00702304892660599,0.0,-0.0004698985469880901,-0.00669680351362123,0.04794152233134796,0.0030122864632733393,-0.0071071864962567455,0.006384094183903288
2012-09-06,0.020435540463669577,0.009012175469467643,0.03158905143986157,0.027441560318580915,0.020956898428920123,0.02045191346708819,0.030780280130593196,0.02183212830211323,0.022254480725098613
2012-09-07,0.0040499740579702515,0.0061659541347700575,-0.01275891250191874,0.009651072393192628,0.03086956218238668,0.0010549015420167063,-0.024034215765910694,0.028021370492901543,0.004425300363817941
2012-09-10,-0.006147829935223559,-0.026012327810462366,-0.007431413826095357,-0.007618581853946926,-0.007910779007741509,-0.008956809679902422,-0.008955733631398566,-0.06746164426425905,-0.012973450623211091
2012-09-11,0.0031349558295050706,-0.003244142970848407,0.0022787796894634393,-0.012243756343532142,-0.005523365373486855,0.03296129933640324,0.012048362627284037,0.015710274697878335,0.0037176174837820763
2012-09-12,0.002092692232889659,0.01392661851717425,-0.0003248108669516858,-0.0018925564546153906,-0.00015644033994333117,0.07720024155262162,0.011160724650467468,0.017266160858986357,0.01834229056863501
2012-09-13,0.01630974737217783,0.019692905974081798,0.005198275279305387,0.021943074327551715,0.018033894592107247,-0.010511441470088867,0.006622560906599073,0.042432846280242575,0.010188714665594567
2012-09-14,0.003958951318527193,0.01215280465992108,0.008726451176938488,0.0051554246959082395,0.00395790962975795,0.06228897119458243,0.011696163764730594,0.030868579741566426,0.019791516736640258
2012-09-17,-0.003124690820504483,0.012295995774399326,0.0,0.0004228193551345516,-0.012515848032055299,-0.021818323927239036,-0.02745664563404171,0.07074677028734966,-0.002407627014860858
2012-09-18,-0.0012797755200721905,0.0030440127613615697,-0.0009608612836135011,0.011690499924443598,0.002907006401446699,0.016263985648076185,0.006686328037990075,-0.03687765981649094,0.005513051747227715
2012-09-19,0.001185553958514829,0.0002707461614446238,-0.00416949499767616,0.012836140691538267,0.011323643191425203,0.06492916854672459,0.011807800907306376,-0.00925325145852618,0.016561042415536242
2012-09-20,-0.0005407337436069692,-0.004842888870609574,0.012882180792370024,0.0008522465647733402,-0.003324667365619649,-0.030055898826732763,-0.0072938590776316925,-0.004830913423070071,-0.00504828575862204
2012-09-21,-7.531901909729743e-05,0.0019894883667814778,-0.008267023847163824,0.008061886246762962,-0.012806243694673536,0.01195223895812636,0.004408871430366057,-0.028479100064743412,0.00023246582487512768
2012-09-24,-0.002232653981520283,-0.013284499460491928,-0.013145234669031947,0.020967420340333165,-0.010370148019352432,-0.09055111863530851,-0.0007313962144491759,0.02131924677982977,-0.023230782392882787
2012-09-25,-0.0105018557847808,-0.0249709059157589,-0.012670578207943595,-0.000293402108562657,-0.009183644290552406,-0.02453105809797973,-0.018302000666828633,-0.0978473274197591,-0.016696853391913624
2012-09-26,-0.0057367349435899495,-0.012412071328629537,-0.007239188666261609,0.005739666628115314,-0.011051304474291146,0.01676530951369748,-0.017151375807894387,-0.004338403628565302,-0.0013839519167503367
2012-09-27,0.009648981834660786,0.024263717968527,-0.00033148580295128127,0.004034764590181483,0.027716640725542696,-0.014548914048029049,0.007587063007977735,0.034495117483483995,0.006806194425882595
2012-09-28,-0.004477753072888002,-0.020871024537432836,-0.013262406409754846,-0.0026437646575705465,-0.008846844642260043,0.06594482946206459,0.004518135985231542,0.027729219545138406,0.004805376794531968
2012-10-01,0.002651506710448004,-0.011557477118707027,-0.009072538905335104,0.009648808474579607,-0.009083005667147592,0.015235368339576727,-0.016491693190376133,-0.004098368915249839,-0.0006849545850811101
2012-10-02,0.0008722869484341089,0.0029116292014570444,0.005764471593471487,-0.006288020704519837,-0.005595045692053269,0.012733217523653861,0.003811276602259772,0.021948061297612842,0.0032940044626845744
2012-10-03,0.0036244096381636837,0.015333363018161794,0.006742989877278394,0.007278953454398218,0.021229034291708748,-0.019757749631647004,-0.009871300520545412,-0.016778864388917625,0.003970910702590702
2012-10-04,0.007174435557619541,-0.006925569065558856,0.005693364050429306,0.007278689600358046,0.017779065640609604,0.0054971911411276775,0.044478554674550086,0.003413149661489312,0.00501581049647104
2012-10-05,-0.00032158936312698394,-0.021310404749823375,-0.005994084966285396,-0.0005206815802820675,-0.007524899074628055,-0.04738051549742062,-0.023494331057967055,-0.017346958387200573,-0.017494297950078397
2012-10-08,-0.0034567355331607263,-0.022096686515911235,-0.0023447969358424414,-0.012779189878859176,0.0021275890887351157,-0.02439018793939951,-0.009774616828470695,0.01246108444925964,-0.01209924998661216
2012-10-09,-0.00989094181235195,-0.0036352786051326857,-0.0167899832670817,-0.018143904246249343,-0.031266867198661785,-0.008333345092566335,-0.021260731085543938,-0.03008567296332154,-0.014900081670217391
2012-10-10,-0.006188030354815854,0.00795787509945467,-0.010246036752884713,0.0006317151318515624,-0.02378865580566325,-0.02916463735900543,-0.017067430015820784,0.0010574416391737618,-0.010049478936784872
2012-10-11,0.00019538952303133073,-0.01998725014825753,-0.001034881502243623,0.009294006947674793,-0.0031429716551759634,0.005600782573492946,0.005524784774132874,-0.002816697799605916,-0.001798285507541908
2012-10-12,-0.0029661372528556607,0.002562959155680389,0.00863538904079153,-0.008955771686236291,-0.007616117321852078,-0.011645432598291094,-0.008634088504815951,-0.024011137481395606,-0.003040277876888209
2012-10-15,0.008077922524027725,0.008019984646070233,0.01061644240944859,-0.005062123721910394,0.0075094572571641205,0.0,0.012668322656556485,-0.011215785101398978,0.004026613043786265
2012-10-16,0.010269933278491461,0.023678281208146412,-0.0006775568442246582,0.005020455086843567,-0.0009828883842480929,-0.0020493739356798324,0.028928791690966182,0.02671073179323491,0.005634235153123113
2012-10-17,0.004117058019306619,-0.007972025695802909,0.0033906469482398727,0.014489104960605959,0.01455281883604198,0.02053395312216466,-0.007598494112849075,0.02708444375111041,0.008548308378861558
2012-10-18,-0.0024437290975140025,-0.01856920038639087,-0.0030411253911859504,-0.08006736437150441,-0.010667094957583445,-0.0452716168620767,-0.015314441675892687,-0.027064505619393442,-0.03137450123424779
2012-10-19,-0.016571304555192734,-0.03603933292540462,-0.02915289151532552,-0.019007173018144585,-0.01980807017609454,0.0010536887853680454,-0.0583202323698101,-0.010698992966183152,-0.02106178490330013
2012-10-22,0.00043958226653084687,0.03966610257684544,-0.022346359881593503,-0.004575852304832928,-0.025916655858357784,0.01684218415387284,-0.011560424926164381,0.003965750744682195,0.0016446954051450025
2012-10-23,-0.01444390628760639,-0.0326014371583313,0.0017856244505844998,0.002475185947086178,0.0022670671516762386,0.00931670756357561,0.030074837616492545,0.019389590347311136,-0.0031859940435869927
2012-10-24,-0.0030853828766044256,0.005657328364983005,-0.00534749497989917,-0.004483001918160423,-0.024838838766480853,0.19128201857774285,-0.012976028753980517,-0.03416718513669159,0.035745615466076464
2012-10-25,0.002995542646406335,-0.011818011958146468,-0.0007164851818614038,0.0006790533183194114,-0.024377482218100543,-0.02884203906816163,0.0008211162116609216,0.003647165274098141,-0.01231085564632195
2012-10-26,-0.0007289817322603254,-0.009089166564940632,0.011835910437288044,-0.003850641707566549,0.06872418807628167,-0.027482191902712172,-0.010673011593047232,-0.005087554487234858,0.0018222092210142815
2012-10-31,0.00015587969925845435,-0.014370776712231303,0.011698305237399342,0.007627841884315423,-0.02245634069743596,-0.037830286044025274,-0.005809047327675287,0.027392236012492965,-0.00978263722461592
2012-11-01,0.010926475234507071,0.0020491506832063244,0.03433760838651123,0.01071586422149906,-0.0032203554045190375,0.004736856937920475,0.047578815079620806,0.03981538109083904,0.01245802318814837
2012-11-02,-0.009379454163327194,-0.03309069245852969,-0.000677165873100738,0.0004800434304812473,0.001206163396358928,-0.0014144027129894265,-0.004780840998291125,-0.011282089153140884,-0.006853781297613715
2012-11-05,0.002163809008205897,0.013557870606718314,0.004406217083754216,-0.007210137276078443,0.008217880560029478,0.003305068336247441,0.04243408167367524,0.08921158387845196,0.006083140465579007
2012-11-06,0.007853184882181896,-0.003027945617862682,0.0077625610812708246,-0.0018157656870064764,0.013783977571866224,-0.0037647910083565828,-0.0007682097567133228,-0.011110873953995237,0.0016930444196672223
2012-11-07,-0.023705000038029778,-0.038262403672818746,-0.02612201025950156,-0.02141646901645,-0.02315209346682523,-0.0330655709112323,-0.03074551848753493,0.012520072793043235,-0.0278869438281637
2012-11-08,-0.01220484261628385,-0.036290374055045316,-0.009284528476944387,-0.02222982231879178,-0.02029642233628104,-0.023448917256211566,0.0055511770268703575,-0.0072927042909098905,-0.021121617399485926
2012-11-09,0.001698692425988746,0.017313353123170838,0.0006941849948822743,0.01646518537098851,-0.004574448592949754,-0.039019502502999126,-0.03864341344392985,-0.031619289246752835,-0.0038116803266070587
2012-11-12,0.00013048788935265954,-0.007732819717146233,-0.021158574851559808,0.004328335906182534,0.0007069435714404104,0.04476813623360565,-0.02214913340259672,0.024736128500716825,0.004072812469436471
2012-11-13,-0.0039854205221913075,0.00012913374598078065,-0.03215443833090059,-0.010286765870221593,0.0005740490417778243,-0.010463102462921148,-0.007550167476700009,0.01738011924768057,-0.011915527849534757
2012-11-14,-0.013852035718884714,-0.011088509172711425,-0.009228221083215749,-0.009862575800131279,-0.016107668736804914,0.1258812212127962,-0.024514337965384936,-0.007275991806575455,0.019689076437887643
2012-11-15,-0.0015935449138314572,-0.020973738971996725,-0.006706357021535769,-0.008106532515098408,-0.010540507268328558,-0.008497539535440635,0.0043328729838869595,-0.017845607787306927,-0.010684383766251249
2012-11-16,0.00483994963594836,0.003919965565755135,-0.005251026055173136,-0.0001236648083746683,0.02098827118901392,0.06269740746562924,-0.01811904077078641,0.033095425357784425,0.01826601132166772
2012-11-19,0.019862053761098286,0.07210774855476942,0.007918117323131302,0.032494783023832685,0.019890775649722636,-0.0271647297480464,0.028119671351069853,0.03391960405750294,0.016690537387307414
2012-11-20,0.0006633863793055195,-0.008519580415762285,-0.000748649688901315,0.002633949674954117,0.01771797379814033,0.00785343448556497,-0.011612712665537761,0.0024299570422965378,0.0028948237926860187
2012-11-21,0.002320181125065268,0.0014080622662688835,0.008985570637813245,-0.006119695166443062,0.018179452149234665,0.05281382195622797,0.028720112330988368,-0.016060525372667223,0.016394121105160586
2012-11-23,0.013026314842639719,0.017447026134009613,0.027829183348928144,0.0031536601093633543,0.0077721874219478515,-0.013157877085776093,0.00676828696513776,-0.010471325285917765,0.0075424270623138945
2012-11-26,-0.0020295818770267315,0.03154873861078866,-0.011191108424114748,-0.010209964489677592,0.01559107171950247,0.08083342335810606,0.017647134812963428,0.004357205355758564,0.023863284583078626
2012-11-27,-0.0052265872985560735,-0.0080575847583495,-0.01131793939829151,0.01445952742638168,-0.0009030194389535451,0.008095538076772435,0.004129024577547602,-0.0037186874712205054,0.00035779887320885884
2012-11-28,0.007856028682432292,-0.0031465920597004704,0.01033978299227356,0.019322853967509657,0.015242411158224556,0.008030526642561098,0.008223241796836644,0.033592553329944375,0.009926643565687066
2012-11-29,0.004269642628790704,0.011013772027138602,-0.014985589084875572,0.012023425648642672,0.016834622587573733,0.03641891427030064,-0.017944294083272028,0.013843095725469157,0.012842801406898419
2012-11-30,0.00016250753698754394,-0.006923038500056045,-0.012244472255158123,0.009365616650271136,0.0031041951876396023,0.024890085122784456,-0.00581415684801001,0.0038588566290183035,0.004981556505056828
2012-12-03,-0.004745224843287543,0.001554934242448125,-0.007137785683488995,-0.004467546088086749,-0.006824002308342125,-0.03428566963710167,-0.01837946564388726,0.02365450996477758,-0.01201108192264655
2012-12-04,-0.0017098123935156417,-0.017639713373611143,-0.0022701903020718728,-0.00606970491154013,0.008628594060178463,0.01553248794685147,0.029787737905286882,-0.02079726839257745,0.00019672073192111839
2012-12-05,0.0015848622233496368,-0.06435636140001999,0.011376599667638931,-0.004645157478579187,0.005821987244356119,0.009104157194016693,-0.011570437987882265,-0.005604841036521591,-0.006640778462140728
2012-12-06,0.0033065906083264984,0.015682667295960684,0.002249849800233017,0.0048121059459951265,-0.0023232011132259256,-0.02670516054185723,0.0016724537555843355,0.005636432343821829,-0.0037419207616101735
2012-12-07,0.0029209195962771606,-0.02556436707661458,-0.010101154821993807,-0.010012621959811563,-0.0003946887525749787,0.019280728358403554,-0.0016696613242320746,0.007964657504852424,-0.0029161671019354296
2012-12-10,0.0003385605486661003,-0.006432480586945233,0.018140931544446737,0.0017685929389532618,-0.021715925468884567,0.012731937758383882,0.03344507867737034,0.011706267906903767,0.004352623448766968
2012-12-11,0.0065488820784729285,0.02183776922873748,0.014105124862033191,0.016719570321553467,0.011785115706477223,0.0050287631659418075,0.02346273412670863,0.0205378921000563,0.013141692341138489
2012-12-12,0.0004482397633895907,-0.004414566883063631,-0.0029281108506153952,0.0009758103432593312,0.004268233671470778,-0.014295974148711865,-0.010276863093107602,-0.0005667509680432614,-0.004743620748146826
2012-12-13,-0.0063214251654488685,-0.01727284964769782,-0.004772468121567064,0.00736859673212642,-0.002025762388276786,0.023930456240882858,0.0007986173807619235,-0.046795184134713064,0.002664813066027616
2012-12-14,-0.004135401260425775,-0.03756923303954163,-0.011066147402541415,-0.0010531321151672213,-0.008198980075209916,-0.05063750838504921,0.004788499189132711,0.005950390288867791,-0.02407629374067699
2012-12-17,0.011870590853387819,0.017732760371030665,0.010817078030128657,0.02681075119497378,0.0187406814972797,-0.0022379321918858386,-0.003971398950290639,0.017450357580277798,0.012348230247268166
2012-12-18,0.011486656421599406,0.029045924971391468,0.016973904565937614,0.00040225351404865606,0.025762280162965334,0.03588780219208654,0.0015952025866079467,0.005523375974224143,0.02186747994969096
2012-12-19,-0.007589201039747917,-0.014215727541078582,-0.00907101737424365,-0.001331330324563007,-0.009255035356265484,-0.010826229255238906,0.007165590355616702,0.0005780564956914258,-0.008751161812858288
2012-12-20,0.00548810949285139,-0.008702130824626453,0.013548304555395019,0.003124468473752806,0.013605172102007845,-0.0018242365739723487,-0.0007906143396118059,-0.0052008461553086915,0.00334129182867815
2012-12-21,-0.009378687628036508,-0.004599827233869758,-0.00830916151438188,-0.009316587401199672,-0.017514347601784386,-0.04020472717539458,-0.022943197825408657,-0.012488828671394003,-0.018024087312473513
2012-12-24,-0.002440296594621194,0.0016168117346544442,-0.014207612530650393,-0.008566023734099204,0.006616848825691024,0.02551411018626304,-0.008097256194252944,0.00823501197527321,0.0033521937556060255
2012-12-26,-0.00478746019469678,-0.013783066295222524,-0.007391440214791767,-0.0008878214648145866,-0.03862805122686286,-0.015595861313776549,-0.0008161142437613789,-0.02012836005162444,-0.013923521702632002
2012-12-27,-0.001218442012279497,0.00401528799106754,0.0037231962085588766,-0.0036395351077970206,-0.001287113149734953,-0.01735202518597634,-0.0065357242140952065,0.002977287165863096,-0.004052268900046174
2012-12-28,-0.011049941573072375,-0.01062032888744635,-0.015207489445880795,-0.00889150776310521,-0.012605200484384071,-0.005374309443854641,-0.0049343062777778,-0.013950564980897306,-0.010245691599465867
2012-12-31,0.016941941334216226,0.04430973948599837,0.006025794585715616,0.010528266080648496,0.023207449722054463,0.027402638842308313,0.013222793387033915,0.019566288552239408,0.02145439222850376
2013-01-02,0.025403420320955883,0.03168161927118063,0.03407000839664609,0.022434878607792808,0.025670706334834925,0.051840536507832935,0.03752032826151508,0.04399160867928131,0.03556999790596538
2013-01-03,-0.0020856174946130013,-0.012621735218200536,-0.01339607023613898,0.0005807345735282521,0.004546992670002581,-0.00821418934280116,0.0007865684774635007,-0.016685325148616315,-0.007054221542947436
2013-01-04,0.004865096315322948,-0.02785497408091886,-0.018715817176178207,0.019760345561873116,0.002592128748100997,0.035649914828835616,0.0329925586897839,-0.010641511553169503,0.00491894538993809
2013-01-07,-0.0031231161538831653,-0.005882820146060341,-0.0018695544816396126,-0.0043632129062167735,0.03592512919038926,0.02294854237619748,-0.028897683092730553,-0.001744163803564125,0.008945287213960373
2013-01-08,-0.003242371304872038,0.0026917581376320054,-0.005245301549038017,-0.0019735491149998063,-0.0077479020302327894,-0.012236557396073211,-0.02192605765952771,-0.019219635917297362,-0.006130965333879246
2013-01-09,0.002655865938542279,-0.01562881001706884,0.005649688840166034,0.006573051587366763,-0.00011263080352952315,0.05264970156764481,-0.022418000677455918,-0.0011873502074677411,0.014982816021556156
2013-01-10,0.007597415119266371,0.012396111132478405,-0.008989019716521551,0.004552281682514314,-0.003791996669247233,0.023210152056756916,0.001637999038487603,-0.0032702108887890935,0.007193072553613344
2013-01-11,-4.7513986152325494e-05,-0.006131496551518567,0.013983262469388746,-0.002009663191751332,0.009798757254631418,0.013418604632626119,-0.0016353203852689235,-0.01849073975118143,0.006535956628034079
2013-01-14,-0.0009306715612543703,-0.03565251346588283,0.0022362569323524095,-0.022621958991334234,0.01787713967188953,-0.02427482626698263,-0.0008189995192438015,0.010634946491111963,-0.013874745610172545
2013-01-15,0.0011286697641588184,-0.03154963799786481,0.011900531547991422,0.002322832185110091,-0.0030433095340783867,-0.027463750120525487,-0.018032334695921803,0.019242446024367865,-0.010100788048210796
2013-01-16,0.00019699191031485874,0.04150889840559646,-0.006247400645017942,-0.01343572130141324,-0.010923165839505922,-0.008305524879244519,0.009181843306533377,0.0058995939183006385,-0.0014895631128546416
2013-01-17,0.005642922184040833,-0.006738453490110152,0.007766022486660695,-0.005411060079324015,0.005763607208874255,0.009715051556784537,0.0132338385964057,0.008211283632492794,0.003561050276282618
2013-01-18,0.0034032703971196288,-0.005330686664574147,0.0,-0.009573711602308799,0.006063278447933751,-0.015925532025305444,-0.006530284861729352,0.004071943740706185,-0.006320295449557811
2013-01-22,0.004428106846314561,0.009539836045887373,-0.0036698225069723422,-0.0023280837796437748,-0.007092488395362029,0.03607538919012332,-0.004930252326337814,0.019409188717108172,0.010301052611614736
2013-01-23,0.001507477027169024,0.01830542904332777,0.016942909888872926,0.05496036013805439,-0.007698222831611257,0.0029288083126246534,0.0016518445134814375,0.023017962594299002,0.016291601828742674
2013-01-24,6.614683421224399e-06,-0.12355788519814193,0.0007243603410145294,0.017141140268406074,0.01995448998433913,0.008436099782098472,0.004946083293733805,0.027499992549419705,-0.009675455850389758
2013-01-25,0.005445481690718124,-0.02357405036797855,0.009047950286325879,-0.0007161394406317578,0.03850652638803442,0.014800462907333278,0.018047545557330347,-0.0002705170975894067,0.008384436961389241
2013-01-28,-0.0018496216125600817,0.02261993159571385,0.0010763574449610402,-0.003900859178769811,-0.027993945969761458,0.029486584749075284,0.016116109353580876,0.028393703272885373,0.008301098908161997
2013-01-29,0.005105995170664235,0.0187624852594237,0.0035829558331090805,0.003929526939749017,-0.05683959712131592,-0.05174028147210541,-0.021411741324520395,-0.002103450296065734,-0.019832843697049296
2013-01-30,-0.0038996213232838084,-0.0031420385904569192,-0.005712127510080434,0.00019906752900067382,0.04766657303918187,0.014615192882089012,-0.0016210567154197886,-0.011330819540786963,0.008557355483143958
2013-01-31,-0.0025633010773032927,-0.002933298725720901,-0.01436261304945885,0.002467437048897736,-0.026616800737933377,-0.008322682208565135,-0.004869913009705629,-0.000266219288631131,-0.009175636223297423
2013-02-01,0.010052705569688847,-0.004105621280033223,0.01748649108580458,0.026346758092328892,-0.0018832104895413204,-0.04034869514981365,0.008972568516541157,0.02106075973456023,-0.0038067180049130567
2013-02-04,-0.011538744820964397,-0.02491058620182196,-0.01754382995060877,-0.021377113310989793,-0.018943426743993186,-0.05449037477132734,-0.01697641806768757,-0.014621285583626853,-0.03017185055378735
2013-02-05,0.010416510240551347,0.035087606785990655,0.002186370652285996,0.00885356159577455,0.026578967852759483,0.01885456009440012,0.023025948159772547,0.010333872238914354,0.016201812203546107
2013-02-06,0.0005491705981217621,-0.0010704970128314617,-0.005818060780510725,0.005785365408774501,-0.01749781064756384,0.014315505049750321,-0.008038571018090579,0.027274916030610274,0.0020779728655464513
2013-02-07,-0.0018053993582290984,0.029734577506512094,-0.0021946272315703785,0.004907897945137796,-0.007589024635071051,-0.01376927959428298,-0.0040518566464529115,0.0079143781948674,-0.00020542464868378296
2013-02-08,0.005657940611518475,0.014437345676987956,0.009897154002783903,0.014755503640833778,0.006609498248512757,-0.0034902961848488623,0.006509555792453492,-0.006079039745609527,0.006805576161198035
2013-02-11,-0.000606117484177382,0.010421244267312835,0.011252207524508284,-0.0037562087619530393,-0.018095019238773102,-0.010157687386991965,0.011317681666262125,-0.020897170228408868,-0.002477936155971139
2013-02-12,0.001595272232703504,-0.025065756672496886,0.0007176057272013647,-0.0021982714947687,0.005792938220029464,-0.031493317759548,-0.006394871545981506,-0.01379473851320423,-0.012359084271904575
2013-02-13,0.000592263093356804,-0.0019022667272091676,0.005380684920820666,0.0027667705606411186,0.041631218761821964,0.019729639411234512,-0.004827021844128976,0.014779497739082048,0.01270363118296447
2013-02-14,0.0006906716689645265,-0.0008993336758088555,0.0003563314876346979,0.0063355447795057085,-0.0008535538922064267,0.021139468190785493,0.029102714430665477,-0.0046814377069847035,0.006873588036835354
2013-02-15,-0.0010450813177572682,-0.013780995688808972,-0.0010696253874620254,0.006435542390610394,-0.015413720527092445,-0.00631588133563632,0.0,-0.032140069036112884,-0.005565144181948201
2013-02-19,0.007336475471722448,-0.00036936513868623955,0.009719225469944526,0.017606570683210254,0.017578919974031493,0.021539603536361085,-0.01335425412202762,0.06047542307316123,0.015388180797673456
2013-02-20,-0.012404137955230099,-0.02421782011483975,-0.0064171142662099445,-0.01783487072051415,-0.012381821281400307,-0.01624607181784654,-0.01433169497082909,-0.01883928461685891,-0.015004061506377453
2013-02-21,-0.006303057332801343,-0.006215977357299285,-0.013634634072022922,0.0038741605259213774,-0.0017642312109411584,-0.041461741669620134,-0.007269569910301921,-0.08770095922967658,-0.017329424895668022
2013-02-22,0.008772467921830174,0.010648839241186536,0.009821670123161264,0.005254332072204937,-0.001955330000935951,-0.005498578749437377,0.0187144736236331,0.027019109797548735,0.0036623599432936693
2013-02-25,-0.018309580659152336,-0.01776810961555042,-0.014048882828425313,-0.011179032261160127,-0.020910267086299617,0.005160438187355787,-0.017571749168106887,-0.04790897096449409,-0.01051358136002567
2013-02-26,0.006109463971145868,0.013934236489823615,0.0,-0.0008092904486064478,-0.0019624692616453387,0.004400363243905359,0.011860589706461644,0.001454124448878158,0.002777018549048993
2013-02-27,0.012725994077109837,-0.009800480374785314,0.016075922377719154,0.012213001696136816,0.014998454912341863,-0.01898500476168319,0.018593725656837812,0.01945992468935298,0.0019478896828351022
2013-02-28,-0.0008640799292052304,-0.007130116233384776,-0.0003597422232406444,0.0017756576290284265,0.0038746165196892335,0.014142181746630067,0.004762206580759321,-0.007692259883189112,0.0034786089470859594
2013-03-01,0.002323855425648391,-0.024762405766296847,0.005395882467442936,0.006227971734855009,0.0055624686448036975,0.01944953115340642,0.003948986293656587,-0.00516799473959495,0.005085402778601367
2013-03-04,0.00461072337316093,-0.0242058290390893,0.007155282412532493,0.018990642184647744,0.027733929238038746,-0.002159858696261896,-0.003933453141115595,0.02683984319281918,0.00599530809798221
2013-03-05,0.00956601649469957,0.026401327239236938,0.007104864528824528,0.020815613003599465,0.009080560353045497,-0.0072150664566911216,0.011057729559041718,0.03007290562795495,0.00925265315577839
2013-03-06,0.001084512714484509,-0.012710334389451017,-0.009170924173375505,-0.00860960230555774,-0.006531452704238827,-0.002543444377243187,-0.0007810992243776349,0.028376824890435692,-0.006424242936435176
2013-03-07,0.0018164914425815581,0.011558345109709434,0.0017797801846688444,0.0014674261306897307,0.0003287475179354349,0.041165642327453345,-0.0023452298384469827,0.014327411551635194,0.01380158365316908
2013-03-08,0.004481139122655131,0.002647536729759814,-0.004975080853083402,-0.0012971521919088458,0.0011318875703381082,-0.02169349566461798,0.0047021900990478205,0.006277804324162917,-0.006782703385698419
2013-03-11,0.0032490857396794137,0.014245693353219568,-0.004642654830872228,0.003968683935639428,-0.0107589653000848,0.006437793721678853,-0.00936016567473219,0.01637641671794343,0.002318632901876727
2013-03-12,-0.0024032529493148713,-0.021558983034836388,0.0014351980728974922,-0.008636635200020115,0.010654754152864099,-0.011016314385983716,0.0031489962094366497,0.0005113803391043614,-0.0058836073295038815
2013-03-13,0.00131405176760091,-0.00018702335831777273,0.0003584533197087403,-0.002779083966818252,0.003538471589842773,-0.02694934840704477,0.0,-0.003578655503899242,-0.007533137570909454
2013-03-14,0.005602990523162488,0.009688700388572169,0.007879284404982423,-0.0045680001569625706,-0.03402402094464296,-0.0014771736489059828,0.0007849793510823488,-0.05464338642183075,-0.00438725077015123
2013-03-15,-0.0016184626244926115,0.02580341417878551,-0.0035534863476269773,-0.008812582939951463,-0.014751268425627684,-0.014423039730552811,-0.00862769795564966,-0.04233372101419175,-0.0061558181258040134
2013-03-18,-0.005510332450180511,0.027182794878694905,0.0021400798219504136,-0.00799466952918726,-0.015010299478950384,-0.006003744022684221,-0.007119692316662429,-0.003967449282773372,-0.0011429596426079103
2013-03-19,-0.0024225306518709244,-0.002698692777065359,0.002846901212277597,0.004369901725900682,-0.005738834865792186,0.002264966280517422,-0.006374598754974148,-0.001991219344343431,0.0009577244847929212
2013-03-20,0.006697492376419811,-0.005302777494325617,0.0049679339044308435,0.004178355319209182,0.0033929991284114003,-0.02598861113038653,0.012028911478648707,0.02480049097366921,-0.004617355798113398
2013-03-21,-0.008282433828555424,0.001437531928402791,-0.0074153116814422715,-0.004234725654660543,-0.015119711181401096,-0.004640438725912022,-0.01584774590132665,0.0016689629788060323,-0.005607441130552893
2013-03-22,0.007174256352702191,0.02027728025009634,0.004980806512648872,-0.0011710250986654014,0.017206634221893724,-0.00038851849198162647,0.004830499871502303,0.016939502302433906,0.006340631038540323
2013-03-25,-0.0033400389194234714,0.0036153440051516217,-0.003186089663164582,-0.0008267115433990835,-0.0067119432882157826,-0.02331912562714067,-0.0056085085132766554,0.024849963763561966,-0.006738188757402286
2013-03-26,0.0077851108025177584,-0.005263624662172672,0.0,0.003433753189107991,0.01675653724354964,0.0031833655195503407,0.0072519501759757965,0.00879289973870212,0.003202771021360018
2013-03-27,-0.0005883499068413123,-0.019646669945200146,0.00745711062357679,-0.012013567099349531,0.019169472808723498,0.034907044341271565,0.011999529152293409,0.007923922934120364,0.008162969057765812
2013-03-28,0.00405666949441863,-0.020837316080269952,0.008460085582664867,-0.010552518304774217,0.004485468455380559,-0.019547892597993055,0.014229448396364086,-0.007075427712543325,-0.007722697746804452
2013-04-01,-0.0044735804606589324,-0.031062011466075012,0.0,0.008814095672952993,-0.018312164309255197,-0.0019545182141110784,-0.032735260416406065,0.1594089635568805,-0.0014813568824109113
2013-04-02,0.005172264111710456,0.00205181317774894,0.0066404523276493155,0.014790516927182473,0.006536502385771525,-0.004308781796434236,-0.010475567940449904,0.009332921948725703,0.004865011335042135
2013-04-03,-0.010546128701639845,0.005118665100554143,-0.008332958847599992,-0.008412939213590431,-0.016291996147636878,0.032651544526302256,-0.012215130329645052,-0.0730717434229019,0.0009417351346001634
2013-04-04,0.004048451943253761,-0.009884521600107887,0.0014004420270854467,-0.013805423189223287,0.00019306907071769963,0.03123816093856524,0.009892820893495413,0.0221412546542743,0.005147205656517828
2013-04-05,-0.00429489561132812,-0.010567840561840347,0.003496741694869465,-0.015118166113728959,-0.013895344959315326,0.01182111600131619,0.017143107493104104,-0.015234638667782296,-0.0025730989943356652
2013-04-08,0.006302737952936344,0.007112675613107022,-0.003833061824787376,-0.010471904082258843,0.013582281098748705,-0.019715232285501427,-0.0024079600349529162,0.011119313893890759,-0.00541774710316667
2013-04-09,0.0035443321494683655,0.0018063790199174257,0.0356769633327092,0.003613676347673289,0.00845722567289009,-0.009683448857373711,0.01609019707653414,-0.03179544816632163,0.007025336266737403
2013-04-10,0.01218913260513399,0.020399298038164648,0.02262762105283156,0.016112594638832745,0.01390054981803357,0.036855947098759945,0.015834995699349097,0.03358037324162999,0.023990489679621474
2013-04-11,0.0035522505198095633,-0.0031218153868926013,-0.0442536497404441,0.00026572394234869456,0.019186514381331232,0.01632215436706108,-0.004676237034220154,0.041328055090745774,-0.003072182549458291
2013-04-12,-0.002836767069231527,-0.010429524073105156,-0.005183327636552826,-0.00043023026397559505,0.011191404074325506,-0.02212712377389825,0.025058511418046603,0.003670710949295719,-0.00708729050388146
2013-04-15,-0.022966290584432447,-0.023150296588454466,-0.0034731762933404298,-0.010277807863362742,-0.01887350330243842,-0.03211674558118616,-0.020626077963330047,-0.010285703355440101,-0.017502684835993487
2013-04-16,0.014307223290395576,0.015219637861033197,0.009759163532490511,0.014630434027310901,0.017256831923197602,0.015082935521481877,0.010920126519474493,0.05288663057516385,0.01514068042086647
2013-04-17,-0.014327681394279534,-0.05499228470337769,-0.004832461841882574,-0.013625407551156599,-0.018139072290644265,-0.010772734252594063,-0.013117325688321468,-0.003070783416890932,-0.016449222518025164
2013-04-18,-0.006701003439812281,-0.026688121679923182,-0.0013874893047191028,-0.02127613253445315,-0.029842944746591882,-0.03529845430085732,-0.019546359347395237,0.03344328128175711,-0.02045477708801613
2013-04-19,0.008847902373522176,-0.0038772679907624896,0.03403953824541395,0.04433930465187297,0.003469283576692739,0.0015570239574613787,0.0023921892012377377,0.018309756312794745,0.018042899194312234
2013-04-22,0.004661629963028435,0.020843610733537465,0.0356065063009805,0.0003000192369226884,0.012407804215407658,0.009327620416314186,0.0015910890027222013,0.04934127466990823,0.017071009485740918
2013-04-23,0.01041921875000007,0.01871237046258467,-0.0074602257422314855,0.009736046911352103,0.02029974793035838,0.0003850776392191335,0.026211824987581345,0.016338014560349556,0.005748830717288156
2013-04-24,6.340190171760796e-06,-0.0016497881401049685,0.03790843733816196,0.006869758982789298,-0.00044623021648870775,0.005003934612378469,0.03405549157372745,-0.011370405900235414,0.011525196375792524
2013-04-25,0.0040347322693841114,0.0072013676407964855,0.005667655569482566,-0.005347739890248837,0.022025412911738096,0.0011489650200715573,0.008233381657391847,0.031132346423189405,0.005521828116268113
2013-04-26,-0.0018421130247733286,0.0215978071014451,-0.0046962572864256424,-0.00949176007361896,-0.07240620541693965,0.02716138116955391,-0.004454530437512094,-0.01538480583731161,-0.003803785457989761
2013-04-29,0.007186011722218666,0.03096821120653237,0.025794121553793792,0.02201072636881274,-0.0198971763890593,0.004841652953569753,0.011931388198672233,0.0730471071394545,0.01601380327550972
2013-04-30,0.002484899676771457,0.02943351601072397,0.015026037270381876,0.006727433442914821,0.016296931722741048,0.029281034798431804,0.014738575078058425,-0.017291767874670683,0.01792487404334464
2013-05-01,-0.009307883608932754,-0.007881727589422405,-0.011480420702965177,-0.005020979070443188,-0.021984971166203793,-0.012243376472579337,-0.008714684097713254,-0.013150492455402674,-0.011277022875903042
2013-05-02,0.009407983261396247,0.014181888348062,0.013447445114410206,0.011189206936580653,0.017403182828007235,0.05614286269998092,0.011721980802176013,0.015577955625148077,0.02483937141680781
2013-05-03,0.010534666895180678,0.010010714989576952,0.009951492967880338,0.019418809421370975,0.021777911807005834,-0.022782322011949963,0.004344487584475587,0.008131788428361153,0.00426607845421656
2013-05-06,0.0019077786269059427,0.023845747637170067,0.007764153765557058,0.018717780494024172,-0.009029250101927344,-0.026139106318397443,-0.002884105004527626,0.09074240850513071,0.003820516255651274
2013-05-07,0.005230269513137653,-0.004449738280896898,-0.013037113319987248,-0.005014082007898879,0.007860167748519276,-0.024664526947094756,-0.013015176527841676,-0.06705882713574296,-0.012790209573599332
2013-05-08,0.004139081299929126,0.011293594935283702,-0.009606826453139372,0.019131265883933546,0.003686001269197492,0.008553479318213819,0.01831524227167125,0.005043963549920649,0.005712543968619865
2013-05-09,-0.0036871039064235722,-0.008724035937077601,-0.010003340298210484,-0.0024609554462968752,0.005721382286550281,-0.0029499190960610155,0.0007195624173750303,0.24395075824616308,0.0042872271483132
2013-05-10,0.004321655306021466,-0.008319180315355612,0.0009187466308855363,0.010040353916839662,0.01333795018826045,-0.013313591514254153,0.04529106739325606,0.10605170206117309,0.004170451200426584
2013-05-13,4.2889368592202715e-05,0.003907320327350305,0.010401111123463203,-0.0030673619074663705,0.0033379866088401045,0.005247405105629932,-0.020633160577929854,0.14382493191978063,0.010938578296467716
2013-05-14,0.010142153479971716,-0.023925659177581604,0.02225571251557401,0.01090566367420176,0.014441796771287319,0.009321478376309589,0.014747499938913444,-0.05193620472412597,0.005915741883167014
2013-05-15,0.0051141362697153525,-0.03381698789360377,0.009543583015159562,0.03245401045096896,-0.00659635689518645,-0.017362421423497976,0.01730098056838436,0.019221596530957896,0.000683257888866251
2013-05-16,-0.005009741163373271,0.013361060627056665,0.0067946548485917635,-0.013123764239964975,-0.009153641954686043,-0.01766927369384408,-0.004761857763005528,0.08734086740521341,-0.00028824824802020643
2013-05-17,0.010300096519028301,-0.003037147191933598,0.02318106764587391,0.005874680501470886,0.02188395807328325,0.004592489791937382,0.016404635746245733,-0.008130112188539096,0.010081723684108646
2013-05-20,-0.000707617924973758,0.022319211142095563,0.006022275890664952,-0.0007149475442058684,-0.008410495915595506,-0.018666658673434422,-0.0020176992495277712,-0.017049195603061063,-0.002291005125482193
2013-05-21,0.001722386289245481,-0.007382712880614428,-0.006556945531815295,-0.001717017273986099,0.004595867019396405,-0.003882019332468234,0.010497882877348763,-0.026128545790564006,-0.004702960842575266
2013-05-22,-0.008273657594813577,0.0038439234939635636,-0.006886096868072622,-0.019350196890802418,-0.021944512371482205,-0.019485665894561466,-0.0348523341286886,-0.003995845490054717,-0.012839498917225911
2013-05-23,-0.002923832356719225,0.0017900749060897336,-0.013291168235524675,-0.007454134723713368,-0.004411287796181829,-0.0039744432301287436,0.015972348082518906,0.06292987902962643,-0.002802176030750947
2013-05-24,-0.0005513654411685165,0.006807717638205757,0.003514031205758883,-0.01072758238155791,-0.00022920239606116777,-0.02992818742122738,-0.0061519501564116785,0.046910377602260356,-0.0046800183557299535
2013-05-28,0.006340981548631053,-0.008334307713566913,0.02188493845415196,0.009103275555262691,0.0212042603234317,-0.008638349091297792,-0.0006876640692053959,0.13648527698992563,0.015354348867523626
2013-05-29,-0.007047981897774669,0.007951194985229781,-0.003997898565216262,-0.014706170494079962,-0.006584630719066675,-0.032365216995226764,-0.006194290509103806,-0.0516631463565812,-0.014429108191334583
2013-05-30,0.00367034439193481,0.014900517460604945,0.0043009090369621195,0.0028216972129575524,0.004895908958705952,0.0527444133170214,0.013158224157709286,0.003058448077545961,0.01580756988368459
2013-05-31,-0.014307241527974024,-0.004096651103018489,-0.003711287883626735,0.0005282736108294106,0.008882041251140116,-0.008146550036040923,-0.01093685848969117,-0.06850888913938546,-0.00654528088783124
2013-06-03,0.005935988427895333,0.0022013161104332823,0.01977089068276805,-0.004120719281328289,-0.008618140798463458,-0.0205339687796412,-0.0013820700098134964,-0.052884516190490394,-0.004161823868752079
2013-06-04,-0.005510807488524838,-0.0031281999782576397,-0.016858791633190928,-0.009831404894933948,-0.004421464018733889,-0.013836478898353821,0.0013839827708952424,0.024300694452330296,-0.009096887674056253
2013-06-05,-0.013779732742503992,-0.009347674776465142,-0.00600168961586256,0.0006984706806234531,0.005532531457254519,-0.026360711639423995,-0.02142345353825814,0.0055882555680060175,-0.007473200372630107
2013-06-06,0.008490293972530871,-0.01494012898222763,0.00517523244129281,0.005746153728045877,0.0024704081456361493,0.003056995304975496,0.0063560575879351155,0.020761241522603058,0.0028521030851602625
2013-06-07,0.012831541229424204,0.007640159763898424,0.020308642184970305,0.017452310119622005,0.03375272735248802,0.013931194549970716,0.014034874770932237,0.04817679212162118,0.020136744107147164
2013-06-10,-0.00034681344994402785,-0.006609244360042399,-0.0056067355760057724,0.01192425375819739,0.015169576773485627,0.04465429462154047,-0.0006920355880273288,-0.019502213163999138,0.010281752091302998
2013-06-11,-0.010153367167240024,-0.0029391585387279484,-0.017761351822510374,-0.011693827378459587,-0.02237875626104302,-0.012330321132135835,-0.01869816588844264,-0.05577214590444779,-0.01643135849666344
2013-06-12,-0.008369555515669425,-0.012362814523991572,0.004592603958261554,-0.008899613566197284,-0.011318175148160026,-0.010819912165131673,-0.00846834355507431,0.03450830766491153,-0.003966496556809251
2013-06-13,0.014784291377196501,0.008723098838617549,-0.00799996540843162,0.005756938082023932,0.015165482346406023,-0.0016827910934710255,0.02277569283487213,0.004604481791240955,0.001993694022950132
2013-06-14,-0.005885016114436148,-0.013556238273837451,-0.009216817923184961,-0.0022348325148835446,-0.006526716055277437,-0.004213947822776065,-0.001391598652067727,0.021593104403886176,-0.005010993446987078
2013-06-17,0.007567364431436019,0.004534251992471372,0.01744205918417774,0.012810902633123122,0.014854541608066318,0.016504316852866463,0.00975583353711773,0.01894308026474012,0.014452753783873451
2013-06-18,0.007791157767295331,-0.0005325977033228124,-0.0005717587118365675,0.0162143392475127,0.013306510914265157,0.007910123799969027,-0.006210950686285854,0.011643902007160145,0.007208997395072858
2013-06-19,-0.013851474486292426,-0.020311646644256,-0.011148983923689904,6.663552464236666e-05,-0.012776852738080269,0.00413047896655816,0.03055564204985628,0.012477023473587368,-0.005207809194904045
2013-06-20,-0.02501035094286319,-0.014562536267800907,-0.031801502214389044,-0.017697795482446543,-0.016968655533837862,-0.016865562500004927,-0.026954455401225208,-0.03849829095014967,-0.02207221460656328
2013-06-21,0.002669776576555538,-0.008012679648075949,-0.006569030472031057,-0.0043063495018197395,-0.00029254754996310695,0.026359938232056068,-0.0013847642667300653,-0.010928951263831643,0.0016041154556962756
2013-06-24,-0.012145015629135836,-0.02650541275172713,0.013525855765214256,-0.012645710673624855,-0.010059980029217264,-0.024052205337698696,-0.02080451974277986,0.019487646983973983,-0.007914171274052917
2013-06-25,0.009497272121224087,0.00022380475193006788,-0.0014830006271577822,-0.004127317756086657,0.005469081161378675,0.012949001058394582,0.007081819409759937,0.008966455780505589,0.002997114247148769
2013-06-26,0.009590486444071455,-0.011325898760829012,0.020196080288930718,0.008600621512850015,0.020140407330993204,-0.0037113549243017463,-0.00562547219559606,0.03242182932517723,0.009467947965247747
2013-06-27,0.0061998311850259835,-0.010776925049429842,0.007860705575121418,0.003914687655096394,-7.208303195660459e-05,0.020695455441966937,-0.00919396615198087,0.033390035551025266,0.008414498753855248
2013-06-28,-0.004289562412875814,0.006983272794770734,-0.002311196417060457,0.0037624856555233954,0.0005044114353507378,0.008921278333673621,0.002141582619252125,-0.017299762423780285,0.0018579063106358706
2013-07-01,0.005403747467634501,0.03200297255862994,-0.005211261026213054,0.00853044667206837,0.01588101836718625,-0.0028134816331908397,0.00427337518117743,0.09146799653431392,0.011390409005127111
2013-07-02,-0.0005449081736377259,0.022652928223253932,-0.012223330496392348,-0.00627331945024634,0.005778096848689351,-0.016122508477602215,-0.0007092136254179815,0.0054617754762251725,-0.004305500005603813
2013-07-03,0.0008240472350893313,0.005519634678468721,0.0020621799988640444,0.004669609026576982,0.0010573674796678922,0.004506402355634709,0.00283859587375912,-0.02189786073470268,0.0016830361193569399
2013-07-05,0.010201732142340214,-0.008032338564805341,0.005880668455126692,0.007964535114254101,0.006513377697337397,-0.006117583008799277,0.0077850599825080025,0.042086009439091576,0.004618181091315954
2013-07-08,0.0052515464964768555,-0.005677644395448822,0.0035077321878462797,0.012982780871070299,0.016475468105384472,0.01395152148482337,-0.004915956688195888,0.012657210051008283,0.008984237811882734
2013-07-09,0.007229670722828763,0.017588611523107422,0.0005825106813970304,0.0001657660749849743,0.0032347934416716573,0.031161451966405185,0.004940242707374587,0.01513029700081936,0.01064712689100733
2013-07-10,0.00018159245054127915,-0.0038360673620652097,0.010189730721421597,0.0008284386754036088,0.0027441403643204687,0.012559004257585826,0.013342939359760386,-0.00955852872263252,0.0048157113250166805
2013-07-11,0.013554249906357896,0.015592033730823074,0.028529998827138137,0.01572866103000692,0.025074395601190735,0.00038754056344680876,0.013859978461221223,0.027316605072109423,0.017498005412830198
2013-07-12,0.003086483632862347,-0.001825372569433159,-0.0005607701364982454,0.0029992980650128676,0.026329826067573503,0.0038744991807546647,0.0006832589592493665,0.03415336345595921,0.0070574882842271425
2013-07-15,0.001374879432867404,0.0021805120973716896,0.014017720122480481,0.001830864686960476,-0.0031864599391348003,0.014280199379723246,-0.0020491626259752094,-0.020323284586552415,0.00539313593619406
2013-07-16,-0.003708760911961373,0.0064570962257437525,0.0027650326078161314,-0.0054936773826876895,0.000978591742462509,0.001521994878000088,0.005475916486131105,-0.14309290377073414,-0.009632301935432852
2013-07-17,0.0027740472164057284,0.0002557989661813309,-0.014612562791941563,-0.001152639629873442,0.005930824287614378,0.01253806860836737,-0.005446094129502366,0.10270528020086189,0.006151945449283103
2013-07-18,0.0050329647425946256,0.0033695336772872064,-0.008394635214368007,-0.008567882779666802,-0.01483689756075135,-0.01763605207527108,-0.004106653194374976,-0.01014568613093969,-0.01017414474179168
2013-07-19,0.0016100503211176065,-0.015772961185929635,-0.11399531374556238,-0.015460915068282621,0.003682924653988451,-0.011459150218278258,-0.021305918256972922,0.005460893511494813,-0.03561594162226467
2013-07-22,0.0020330263437824403,0.00320061968556562,0.01942674795574839,0.015726048737064735,-0.005733418743157026,0.006568862904648531,-0.0007022410802240975,0.022977889047748334,0.010482129398935669
2013-07-23,-0.0018519369130487462,-0.01717085381451,-0.005935548629471876,-0.007576497478812616,-0.007974122706348452,0.003070939249182114,-0.0014052895947794797,0.002532109392827664,-0.005137259802147187
2013-07-24,-0.0038112215188927934,0.051361809075467946,0.004399950068582514,-0.0009960159362549792,-0.007041845286572701,0.014542835378079433,0.0,-0.008473280414277196,0.008601525832137247
2013-07-25,0.0025564722015867236,-0.0045628341060313105,-0.017835008234573957,-0.016834577257145877,0.014919417484710262,0.296114536570492,0.0035184377266279654,0.01947411714397007,0.06506322893647587
2013-07-26,0.0008282942843145236,0.005678376676869545,0.0073270701955041595,-0.002647243118602982,0.028378380247361834,-0.01018634661594331,-0.004207537070589185,0.04287914350555,0.005390549862634986
2013-07-29,-0.003736037754951127,0.015419749211742273,-0.0025301078489672335,-0.003478782615916609,-0.018941687741582114,0.041752568477304575,-0.0021129275052746976,0.040420377319357215,0.012773786824430866
2013-07-30,0.00037381693747806644,0.01234975919551129,0.00982911948437093,0.009804134764578754,-0.012054929147078064,0.06209423458731944,0.016937408326624492,-0.021393489483158334,0.020229531163237446
2013-07-31,-0.00013640921141577778,-0.0017430135249388856,-0.0003140435127170216,-0.003558075114612813,-0.0039350380034857135,-0.022056825553547266,0.002081780840595071,0.019280305308962964,-0.006670657996767471
2013-08-01,0.01254056989753427,0.009171029515942841,-0.0053391006013233655,0.01855239293969979,0.014441254554426575,0.018749881359570342,0.013850473591502377,0.00945790985092776,0.011305267667632846
2013-08-02,0.0016404581697111453,0.012831498906856087,0.006946460542070598,0.0025991331130610362,-0.004450688323358265,0.014937501305340772,0.008196825019539222,0.018074467222872315,0.008629475529893904
2013-08-05,-0.0014798348405500317,0.014939451391174474,-0.005957883189013802,-0.00173181882286777,-0.010584747417843876,0.02996035594812585,0.004742419420629362,0.04840581413778655,0.01145153961576284
2013-08-06,-0.005723033522392118,-0.008946913138577983,-0.0037855465583446213,-0.009314944105417,-0.0007973742351737867,-0.016330675214226043,-0.014834752688942632,-0.017486786703203916,-0.009921415275538803
2013-08-07,-0.0038058649299111957,-0.0005801130424198941,0.015199651775559708,-0.0066029206068558555,-0.012768105351852022,0.008300896857682538,-0.0006848065198616915,-0.05571587659301003,-0.001308951614815701
2013-08-08,0.003885449938943575,-0.0019916055046454995,0.02588906514380107,0.002256761387571693,-0.003940607587959777,-0.008489789679302251,0.006849695620123386,0.1434106151988035,0.012763804889916353
2013-08-09,-0.003569960525698801,-0.014229743250545268,-0.0057771604587381065,-0.002520598774390148,0.005139664242397757,-0.0010378315028121143,-0.014285850845466297,-0.003127496148300435,-0.003263697199761606
2013-08-12,-0.0011529207361400395,0.028407963811472925,0.005198969262940167,-0.005503066122034106,-0.0019174866064998186,-0.007272667093888074,-0.008281502678026187,-0.03673207594800609,-0.002122072543006448
2013-08-13,0.002776056134700333,0.047522037221005675,-0.012561301484481424,-0.004810812272415865,-0.009167860755131096,-0.03139722817124091,0.0034797078087316358,-0.01323111584950143,-0.009631291850726198
2013-08-14,-0.005176618120080079,0.018240239578952933,0.0037230671054493403,-0.012981445225245247,-0.008946443061064624,-0.009994596226565289,0.042302337439967586,-0.04173822257532811,-0.006391255428456644
2013-08-15,-0.014281601380197961,-0.0011834341551901773,-0.017310605862986383,-0.01166929812603923,-0.016715912887316886,-0.0024556188881160734,0.006653216141853768,0.00222439609237135,-0.00838529513508468
2013-08-16,-0.0033045953891290836,0.008877390557607168,0.00031454376172801446,-0.0031990522913597497,-0.0057597309271457675,0.01422322633543538,0.003965934436784835,0.016682302911618985,0.005412961473315381
2013-08-19,-0.005900302398330837,0.010770089172341457,-0.012893111505635435,0.010199428260277754,0.0026332018350780917,0.019686991013633026,-0.015800398945776672,0.0204224642674371,0.008040893666519056
2013-08-20,0.0038211953199089876,-0.0131368779837715,0.007327063837522463,-0.0002656074049500745,0.00532270306647864,0.015868847386684815,0.005042058166656815,0.03229816558866583,0.007719477603696845
2013-08-21,-0.005779602928505545,0.0025741408672930177,-0.00031586931842864097,0.004518033025296964,-0.00877769704906739,-0.0023429992168684244,-0.004681700321187754,-0.011498890631574943,-0.0016127165311345948
2013-08-22,0.008619376484360286,0.0011942866802683305,0.024675360010977032,0.005038331059126433,0.01813257992941386,0.006001915901461263,0.0053759748524373485,0.062491564809881606,0.014919397320542815
2013-08-23,0.003947010921615535,-0.003856572233393196,0.0728622374289496,-0.004005856212897951,0.0009664128099466929,0.05188080448964505,0.0,0.030171863523924314,0.032279532138590916
2013-08-26,-0.00403965777164117,0.0038925514569292385,-0.01726625425247663,-0.004389805794504875,-0.013102967758500617,0.019482127981276687,0.0020052106078622955,0.014705877153501357,0.0017065876711730432
2013-08-27,-0.015874194741040237,-0.02859064396414923,-0.02606148153649479,-0.018744316042350717,-0.018447988280678618,-0.04112245553558769,-0.012674930980680177,0.01698939268158628,-0.025420872550690365
2013-08-28,0.002747645185721348,0.004727777300947089,-0.007215611462647709,-0.0018820462769082447,0.0023137626136182643,0.022956661977991066,0.0,-0.0033530209608778616,0.0057021926318494565
2013-08-29,0.0019634016027962886,0.0016297655285879564,0.016050594282852826,0.008107995424069925,0.008523324208207894,0.01800240439701195,-0.0020270602190527454,-0.0023430478908057495,0.011228156343127571
2013-08-30,-0.0031743183568806455,-0.009111585219467533,-0.004470922157068458,-0.009971707161541166,-0.010564164266249398,0.00024211987667510648,-0.0013539175617126586,0.017704452175986596,-0.003200465930128127
2013-09-03,0.004164221602432239,0.0027914016172319034,-0.04550905084261214,0.015916924728099913,0.027831148120985194,0.014046990190290431,0.0006779196561370604,-0.0003550884771291729,0.0006650444969531488
2013-09-04,0.008116953209842404,0.020692565108376693,-0.021329754055424366,0.013075569409240151,0.01675904341179768,-0.002149381609334644,0.00948504829327268,0.009944400234314532,0.00228678874774646
2013-09-05,0.0012098628337211537,-0.006857654704664151,0.0009614013013079514,0.009098033594568067,0.0015665279415464362,0.021062679922008387,0.0026844653999205104,-0.004044116629858596,0.007412713940902593
2013-09-06,5.443114110303959e-05,0.0059562568421274165,-0.002561619868848175,2.2598254856287525e-05,0.00598437932696072,0.03023911460163231,-0.0040157048165572196,-0.01741893740264311,0.009088875625109072
2013-09-09,0.009992880823750605,0.01595659231847968,0.016372507404853964,0.009629518272806337,0.013012919053726701,0.0020477459816872212,0.01680086103067424,-0.037551675802594775,0.00561584701725093
2013-09-10,0.007345789391592916,-0.022778535152637835,0.02305714215609811,0.0006982559502122232,0.002168717268457465,-0.009990947427886865,0.0211497610888014,0.03528316116158603,0.0018169548487598774
2013-09-11,0.0030522833735622257,-0.054443602899167276,0.010805884455282744,0.008462172989994299,-0.0023970767703397344,0.0330275673558138,0.016828729816285026,-0.017130540340732914,0.006397982964104099
2013-09-12,-0.0033804153149811222,0.010647733600888776,-0.001527013500129737,-0.0034926224708544673,-0.0026031578064243943,-0.006438723009895897,-0.0006368172954107632,0.008622786215159772,-0.0014765499541660176
2013-09-13,0.002714679741101511,-0.0164806780355633,0.01040083098580702,-0.004467828916319472,-0.0031452808565467505,-0.00983226019161565,0.006369478317413746,0.003698617851583874,-0.0037182214983521034
2013-09-16,0.0056931530442476674,-0.031791375149881396,-0.00696374989045534,-0.0014734596002755618,-0.006243250462176109,-0.040623126261538633,0.0006328682163558863,0.006282446076052883,-0.01858262571058733
2013-09-17,0.004217739327674108,0.011552260303704376,0.0039635791406524845,-0.001858589840342817,0.02739305856802221,0.0602213198671695,0.00316274171277664,-0.002101112034175623,0.023980806613892458
2013-09-18,0.012177672896303449,0.020556946618392802,0.011843512772028886,0.019421967520640626,0.025840789782927143,0.0035499430186667347,0.008827195889697936,-6.015325396835358e-05,0.01182557105734272
2013-09-19,-0.0018429538196846895,0.016398331542391453,0.009603628126724884,-0.005457720991780879,9.615291749232036e-05,0.016582051432405542,-0.004375098307443759,0.07038861856067591,0.013954464564373215
2013-09-20,-0.007216886263627376,-0.010353844081679053,-0.025267536621876863,0.00525395332118106,0.013715356418287028,0.03284026454455824,-0.008788169076387686,0.03074417875798119,0.009707587145079577
2013-09-23,-0.004719586526811925,0.049699994409114545,-0.0015248964893748163,-0.018392022792797502,-0.015331624151878387,-0.00631709044485218,-0.009500079047921717,-0.012432477969779754,-0.003109778555307585
2013-09-24,-0.0025971430708935372,-0.0031389762840257074,-0.008857582193316449,0.00038350024395117366,0.008475390463330346,0.02670059542332681,0.0038363809451673614,0.006736144137039712,0.008546584325079376
2013-09-25,-0.00273946595048713,-0.015477534492826406,0.0018490200201017881,-0.010836175598969988,-0.004711448020241593,0.02084621320028579,0.0012741223468333285,0.015960093489693516,0.005000771542697624
2013-09-26,0.0034854258676535466,0.00973959414440051,0.00799751377787361,0.0010716754004567175,0.01749563075925953,0.018803133863404042,-0.003180929140823241,0.018354627547278124,0.01280888850105244
2013-09-27,-0.004073801130465626,-0.007136444882666515,0.015257706530966031,-0.0020270996552462783,-0.0066327310663633066,0.016868334731817036,-0.0057432297334883975,0.011980533396345416,0.008047678287779858
2013-09-30,-0.0060292307798877065,-0.012428896148947377,0.0003006904553330969,-0.000547647523755801,-0.010664216163362883,-0.019711220108524663,-0.0012836908686381099,0.012938597115687456,-0.008315066197953525
2013-10-01,0.007998543475556064,0.02351370987097745,0.009014459023042098,0.012661059271914743,0.026580133167880104,0.003782509053386285,-0.0006427112678443203,-0.0019133656104045604,0.010146242762171243
2013-10-02,-0.0006666695473820372,0.003278789305749541,0.0101249629930531,0.0011161093776808073,-0.0013710089199373554,-0.0027765773313783715,-0.0006432880898274984,-0.06243530271030784,-0.004232568131639525
2013-10-03,-0.008979414583967338,-0.012562255533265398,-0.001768752422236619,-0.013400937368176935,-0.017940122902026512,-0.02187743776776563,-0.010295799552941909,-0.04222155481705303,-0.016916183722408662
2013-10-04,0.0070532243451535415,-0.0007859892521759893,0.0005906970976841119,-0.00426897840072471,0.013597645785432766,0.037820297298453154,0.013653989459576632,0.04425596935828047,0.01764618513955618
2013-10-07,-0.008506361953748875,0.009771386348050637,-0.01711942063287719,-0.007577298437808966,-0.028240944338467355,-0.010188035617479052,0.0,0.011548269802778677,-0.009226081277703302
2013-10-08,-0.012332078852067663,-0.013961750210346624,-0.008708556923848088,-0.013941785199512835,-0.021933370947530118,-0.0669042681814086,-0.008338680313627944,-0.04555632297848933,-0.03518726872607103
2013-10-09,0.0005739063518743759,0.01174711638335113,0.001817302000965304,0.002565332785314345,-0.016489133685809843,-0.007848959696720836,-0.015524024410657367,-0.034052606108815,-0.005403246749352775
2013-10-10,0.02183049604365883,0.00626836976434908,0.020865082098303844,0.014464987703366017,0.023270638272671063,0.04874917072591067,0.011169838296564594,0.024588304165832797,0.028299698041466037
2013-10-11,0.006286271807078414,0.006474005510872294,0.010960163822405944,0.004319066436759611,0.01874366745820244,0.0012232203403890196,-0.008447208498215453,0.03336599748988389,0.008712411537675102
2013-10-14,0.004074720335558668,0.00655460743110714,0.009375637608388443,0.004724961759906776,-0.0006111810174366239,0.008144891439743729,0.015072053968303134,0.005707877059262234,0.006547339089940651
2013-10-15,-0.007063723409320266,0.005321935912325326,0.0011610941062041302,0.006734257133364396,-0.01383972672672451,-0.000201795022151674,-0.005164597969198659,0.02348102072872682,0.002213316052717129
2013-10-16,0.013827532394934838,0.0048732980945009885,0.004349069996571808,0.018162990888529684,0.013348577182631827,0.03313130373256579,0.01232972131434873,-0.002065896852299298,0.0168686136134355
2013-10-17,0.0067439531397044394,0.006764794678909558,0.008083145578914985,-0.010289159733861686,0.0009017964547113344,0.020922841926170666,0.001922945462607295,-0.004140269303371413,0.007799930932953281
2013-10-18,0.006548755402622897,0.008701659575276688,0.0011454003667532575,0.137962973516345,0.0584355604371809,0.03849836660875905,0.011516260929530509,0.00328227237202805,0.04210561486991504
2013-10-21,9.173641713244862e-05,0.024504407796167582,0.0008581335766650877,-0.008018588788164749,-0.007570016037894423,-0.006823979167460137,0.002530112975160037,-0.05888769549607309,-0.0065762917646734476
2013-10-22,0.005737513079636436,-0.0028579248333737706,-0.011717461782661975,0.0036878562038220597,0.018686453606568065,-0.021726998016530885,-0.005047294933795743,-0.006141419231427525,-0.008064667744280274
2013-10-23,-0.004724557241463034,0.009790599829651025,-0.023713378856791256,0.02424037442817828,-0.017381454909911165,-0.0148063388811841,-0.017120995016887908,-0.041039935320933196,-0.009660662826148969
2013-10-24,0.003258134764679621,0.013239399514149985,-0.001184825197707129,-0.00568165922306807,0.01667896944331182,0.010597240805223063,-0.007096698856649319,0.05258351229944136,0.009594784506982146
2013-10-25,0.004394843515520774,-0.011186472369816736,0.05960855416232169,-0.010092135400515567,0.09385629473837964,-0.009532893418184307,-0.009746829860436068,-0.020155878249797476,0.013590483773120221
2013-10-28,0.001329699787098182,0.007453230476032413,-0.004477672301475888,-0.00019699874006984253,-0.014392217719598643,-0.033108823074380345,-0.0019683696401522344,-0.04008020509786858,-0.01601791134753039
2013-10-29,0.00558419502875096,-0.024910761602158993,-0.001406041558823734,0.020926053831476832,0.012675858322815703,-0.01652380533202269,0.0013148345070936873,0.009885865631175106,-0.002737607197818681
2013-10-30,-0.004875923596155185,0.015908602003152916,0.0005633517155443357,-0.005616370272222393,-0.004466466686923409,-0.00789490941039761,-0.0006567209071344227,-0.03192074791209443,-0.004637521894585106
2013-10-31,-0.0038393812241105385,-0.004190928947222061,-0.003658130638192314,0.00015513708182157693,0.008169883543345247,0.024484844497907332,-0.001970872837781301,0.0045220764787243795,0.008171415580336516
2013-11-01,0.002903421198789946,-0.005108002051389393,0.0033889128800497215,-0.003434900712030564,-0.013817497286967795,-0.009161489804845102,0.00460823092029905,0.013942611575014086,-0.004196028623161596
2013-11-04,0.003570558689741876,0.01292197822208263,0.011539440112495525,-0.0009054912387109759,-0.0007242611548012867,-0.030753773465468703,-0.028833414876832664,0.08034787444171498,-0.001023349032060361
2013-11-05,-0.0028055878101066467,-0.002467493352480865,0.019476920810559406,-0.0044732228512356365,0.0004181131019334039,0.03919530919668457,-0.001349606833525252,0.009189402980297467,0.01618453527006891
2013-11-06,0.004265540341705787,-0.0028334420794693393,0.04203028363180206,0.0012041292889874988,-0.007551057675280637,-0.019756575593280146,0.006756810142532377,-0.14507091230570046,-0.010362263432825647
2013-11-07,-0.013182771972194418,-0.016182735723771602,-0.017810243040963458,-0.014470816936973496,-0.03543155248796592,-0.03175895453677746,-0.023489946626320757,-0.07535064849032591,-0.027571416204977273
2013-11-08,0.013427559516743681,0.01574639417856294,0.007466981573825082,0.008016269175364243,0.019647201561498795,-0.0006307712421254053,0.06941577676000943,-0.013021369858302934,0.006111115305952763
2013-11-11,0.000722931253898329,-0.0029000418763683866,-0.005029398589553091,-0.005354200055199154,0.01161832422500031,-0.02798229947855846,0.008354838048278301,0.04893075100866873,-0.006836002229937521
2013-11-12,-0.0023703916199453445,0.0018489854984897747,-0.006118557194025209,0.0011775882336859667,-0.013685891249802573,0.008874415555100823,0.0019119960130160596,-0.04768477102374902,-0.002911390497195465
2013-11-13,0.008095344244797742,0.0011924622761414483,0.021413920381849305,0.02044911133213745,0.019140060936060577,0.04505458770327153,0.027353839859570517,0.006531145958976747,0.02533576979253893
2013-11-14,0.00483725876385388,0.014463412191243252,-0.0036693088905810356,0.0026731983766066225,0.031385098500829045,0.005748496331632991,0.004334068204849384,-0.007930829666723871,0.00638498305371038
2013-11-15,0.004222034052096646,-0.00600233484934376,-0.004734162474592907,-0.0016131793064997346,0.004817586563461429,0.00040818724904512216,-0.003082560381533206,-0.01562501137079908,-0.0021617613293138938
2013-11-18,-0.00369819718572606,-0.012114642837188772,-0.016913371295787516,-0.0019446455421283648,-0.008099243921769639,-0.064884610806205,-0.024118741612827344,-0.10239938339620225,-0.03351248140636387
2013-11-19,-0.0020429655768170463,0.0017741266342021778,-0.0048754342278776175,-0.006155907498831992,-0.003386327740812267,0.011564387308318658,-0.016247073896409336,0.037094934520978784,0.003319553224975458
2013-11-20,-0.0036356111002209257,-0.008757692651839788,0.009254036196739257,-0.0028189626100818543,-0.006494204940207582,0.0015099513310181667,-0.014896259944206625,-0.039495571416091724,-0.002180656553728233
2013-11-21,0.00812856425584818,0.011922358964861823,0.008630006101568277,0.011503430220062727,0.0175138131138175,0.0058151872404317295,0.007888983225884827,0.008174384668073742,0.009684547610752103
2013-11-22,0.004961457973002625,-0.0025717336092249132,0.004545549641918889,-0.002108220657905502,0.009189003513177862,-0.010064256794419135,-0.009784558292959433,-0.005896846888063578,-0.0020749583504489078
2013-11-25,-0.0012633420978621634,0.00758023776791128,0.0018629688478726258,0.013605990604335538,0.011630159910728466,-0.030499727472702687,0.021739398381025454,-0.004448869468126171,-0.004682844227135496
2013-11-26,0.00014980445507073448,0.018444404081243926,-0.007704419778526095,0.011932040177754066,0.012558399382907037,0.02387331461554565,0.008381533467692215,-0.0028136707844184095,0.011347472734206887
2013-11-27,0.0024850813860768373,0.023546834625248536,0.006693370687261835,0.0044406882008092285,0.014002160164667155,0.013074768138927162,0.003836003940680177,0.05344414950448506,0.013663924389771154
2013-11-29,-0.0007856896412440362,0.01851831828341255,0.014095652492310595,-0.0033110995610995397,0.017868636750100197,0.01118522704615632,-0.006369150308903504,0.0026783490632482643,0.010398972679705354
2013-12-02,-0.002719020284730922,-0.008704209484028613,0.008392900997552077,-0.0048225775284472805,-0.0033534874020595407,0.0010636122073321985,0.009615531887116502,-0.024434344997598778,-0.001535997014736834
2013-12-03,-0.0031928479771501372,0.027374917100384755,-0.0036416163066496088,-0.0011570304592743996,-0.019474890335960726,-0.007012365801173703,-0.0006349891290921006,0.16533784356699543,0.006518771045240568
2013-12-04,-0.0013034931835718133,-0.0023309504440391926,0.016445011425911815,0.004671444369096278,0.003379635768107736,0.040445147382318414,0.013977030770478738,-0.0397373750934602,0.014346051248443459
2013-12-05,-0.004339572538419101,0.005133171986620555,-0.024139698413459754,-0.0007940639495257473,-0.0038086681670062017,-0.00575897833730199,-0.01629098191846512,0.011011077687325788,-0.0063094764469719955
2013-12-06,0.011237870620775636,-0.013875647045638706,0.009473678871324775,0.011850528825276152,0.006398043490662753,-0.00827470939465158,-0.014649255068373446,-0.022209486650204835,-0.0007982805341593124
2013-12-09,0.0018171001772671058,0.011445795039035422,0.009124087482085486,0.007729925323966214,-0.005323718396768373,0.01877346092151555,-0.016806574358071646,0.030867742257991937,0.011573132757265236
2013-12-10,-0.003179659038540561,-0.0015535202377765511,-0.015499802906316806,0.006047557462295128,0.0075086772002228575,0.028869748989148514,0.023011162102958727,0.004166667929476953,0.007976965321132345
2013-12-11,-0.01131687458772268,-0.00740880641007069,-0.013120259026221603,-0.006794868429552348,-0.014415341422194028,-0.017313361788820036,-0.009640085179055569,-0.017863335493336296,-0.013168531465891142
2013-12-12,-0.0037705618911193506,-0.001460747304518617,-0.010369625415691641,-0.006804097375536,-0.002459555866612617,0.04961524590062005,-0.019468088126063487,0.055997069525927534,0.01546187237093477
2013-12-13,-0.00010141014414954963,-0.010900270021986569,-0.014239257150853946,-0.00857047072964412,0.007842617347592284,0.028747723398025338,-0.005956377516465383,0.0012205957958657532,0.005024872421786286
2013-12-16,0.006320039831068547,0.005537260076094119,0.005450968860308381,0.011491497093738312,0.012310003523412716,0.009189902186011123,0.001331701713966238,0.001964155732272266,0.00835820477498661
2013-12-17,-0.003100987910356179,-0.004502258243523682,-0.01002987004149658,-0.002907789700752672,-0.003393577182231544,0.019513118223611237,0.004654168860172447,0.03055283841544898,0.005182178983798247
2013-12-18,0.01664796429762072,-0.007603515407079597,0.0016430916637932835,0.01391775409581486,0.021436896551588314,0.012941971753099413,0.013898074761105272,-0.029384786210491787,0.007040214133872347
2013-12-19,-0.0005799292044108562,-0.011456818518032597,-0.009021834879062829,0.0013551679867085387,-0.0019446323618810268,-0.009357657630091887,0.003916541732104761,-0.04906061171722198,-0.009213379773785224
2013-12-20,0.0048187283492318045,0.008375027953277936,0.015172501625833057,0.013257020980880663,0.017738308048259155,0.0012716655157833934,0.020155836777275615,0.017907824110929393,0.009807677286106653
2013-12-23,0.00531812014989308,0.03837778063762598,-0.004891147448987554,0.013156157975139804,0.0017901191945848272,0.04807689964247941,0.005736193437154036,0.002164242982838349,0.022257168360626522
2013-12-24,0.0029157468493599126,-0.00424502241324376,0.012561510346282612,-0.0029235554260479413,-0.00923264294747761,0.003288891463791188,0.0025351279941612237,0.05475446024622932,0.004616486192658309
2013-12-26,0.004745529147706984,-0.0066411720821625275,0.00970904306865572,0.00505474512887516,0.01300102782779744,-0.003968273414329593,-0.009481891030532985,0.02701277341608721,0.0037907163219146334
2013-12-27,-0.00033658435338035364,-0.006756017729175889,-0.004006575849149652,0.0008412194075890778,-0.015603762003410848,-0.03966737252216468,0.005743675434335405,-0.02816718456394418,-0.01882524834605248
2013-12-30,-0.00017925389411521664,-0.00994516943502044,0.0,-0.007993684869556206,-0.011831714041819819,-0.031205010115119447,0.013324784482568353,0.008734809572158664,-0.013964693016728646
2013-12-31,0.003959675229718407,0.011721557859036169,0.0032180190854862456,0.010140169719909498,0.01377837130655779,0.0175015705520718,0.0031308912998648797,-0.013185497557367087,0.010375241236073363
2014-01-02,-0.008861912729460575,-0.014063679835464082,-0.00668281892850775,-0.006772553757171118,-0.0020562383484051816,0.0010978063187598863,-0.009987487429032771,-0.002193742380527608,-0.00402655643198957
2014-01-03,-0.00033296507498215,-0.021965523041503565,-0.006727902958045706,-0.0072947947292321125,-0.003844507739961811,-0.002741681543165453,-0.011979998555656679,-0.003597626590014391,-0.006563434890230702
2014-01-06,-0.0025117674736410134,0.005452931354128054,-0.02113201367998596,0.01114931300827271,-0.007088135343038426,0.048387169391990614,0.013401559749060876,-0.017116878600310192,0.012974271631580825
2014-01-07,0.006081764662643874,-0.007151366771722678,0.007749384818750649,0.01927835221489116,0.01117807212368449,0.012587259802156137,0.016372490967107467,0.01605432829459197,0.010822194520747619
2014-01-08,-0.0002122089839386998,0.006332478762403726,-0.017852143960096267,0.0020808825853240176,0.009773130800322605,0.005352293969020705,0.013630951234019806,0.012854874332201227,0.0015966994998528605
2014-01-09,0.0003483091890779111,-0.012770149306422285,-0.006431641876242233,-0.009629852239334213,-0.0022641222191301935,-0.01734499496411601,-0.037286067537284584,-0.024788472845717502,-0.012199798107547233
2014-01-10,0.002306686808393188,-0.006672712172854367,0.014354172664686082,-5.3029923407388324e-05,-0.008353978320694289,0.012582994996571228,-0.0012700585247912288,-0.012268578178381784,0.00457487438919757
2014-01-13,-0.012576216507389826,0.005235429924519197,-0.02941194821877402,-0.006370718650608231,-0.016798251950372656,-0.03503625303433511,-0.02352158196423948,-0.043782660046313926,-0.02318584585638772
2014-01-14,0.010817971767347556,0.019897974000048002,0.02287002687249795,0.023526657301034648,0.01677840431342381,0.03273122371396853,0.031249745370097948,0.15738480245307973,0.033291100547235164
2014-01-15,0.005166188100786506,0.02007687627610366,0.027390162882267033,-0.0006785648876755923,-0.004200830359208485,-0.0024247086291402375,0.010731965747544425,0.017734279852291923,0.006767929953234164
2014-01-16,-0.0013471203041567348,-0.005579314193391416,0.0035361949852834584,0.0066166082070768795,-0.0001768249466754801,-0.007118087242197535,0.0031233864378779064,0.04167422392380238,0.0014972458950095469
2014-01-17,-0.0038951743709020326,-0.024502211628457116,-0.01382486186147669,-0.004921258470609313,0.009625990057499978,-0.015562181882610604,-0.004358810909645627,-0.005615031674655602,-0.010583614242679174
2014-01-21,0.0027737519941737343,0.015537127820169694,-0.005772478043756801,0.011446965335529802,0.018618235859243937,0.03925395211613414,0.0037524348093316284,0.039233088982679964,0.02099737315372585
2014-01-22,0.0005748652214816463,0.004443482787383823,-0.0066352030790711725,0.0011343002979582462,-0.006166398577320931,-0.017091106055738825,-0.0012460830497811326,0.010640663119913851,-0.006512633574516036
2014-01-23,-0.00888957673985069,0.008467217351707745,0.003618074996856402,-0.004223116235559932,-0.011543952897435927,-0.015301600136843563,-0.0037427554007847252,0.016465061704825867,-0.0047277833937625635
2014-01-24,-0.02087544856898549,-0.01817682678198196,0.020798896257312238,-0.03126445635377695,-0.030685002755106883,-0.0384953930929367,-0.025673055344130113,-0.038016530879737,-0.023307719209833433
2014-01-27,-0.004876293940238585,0.008111938353052128,-0.021190158381216184,-0.020109928906085095,-0.0034055721155459295,-0.016529059610237762,-0.0064271838507530266,-0.028522398851330455,-0.014707847597243973
2014-01-28,0.00614065260021901,-0.07992717163368757,0.006661367190878398,0.01977787410310583,0.0210987489949237,0.029691863459644807,0.009703016980095791,0.051644906929462886,0.012303368087082767
2014-01-29,-0.010209232261157553,-0.011351928166332126,0.010752790890997455,-0.014327504422611326,-0.025936227060123107,-0.029198408442901225,-0.009609773187680748,-0.017658933286585188,-0.016064529514384862
2014-01-30,0.011267044743841437,-0.0019374334379496094,0.0054549277146342945,0.025720025092098586,0.048958891422312245,0.1410425673198561,0.01681785952389081,0.04342859055477111,0.06204432438389107
2014-01-31,-0.0064652996420466735,0.0016404242869907382,0.026587567563765235,0.04014473889565817,-0.10997244115170712,0.024394083219353657,-0.0012726431974908747,-0.007821026766776429,0.006806341889243672
2014-02-03,-0.02283191982018462,0.0018578019883297436,-0.03594057582563681,-0.04025501268214171,-0.034960490141120126,-0.017420473611190035,-0.013375795409022895,-0.023703230806377595,-0.025367968565240262
2014-02-04,0.007641088938743268,0.014476220790107686,-0.003563965286106363,0.004173239792997663,0.005199956138973283,0.02065705752207836,0.005810910997410268,0.009146841348834034,0.010307880966135219
2014-02-05,-0.0020282227794392593,0.007468219097088946,-0.01458055926273294,0.00442810120819348,-0.004310898665760399,-0.008924169060274934,-0.008986115884989432,-0.024114520320419164,-0.006731400100223328
2014-02-06,0.012439792925644788,0.0058290244015382076,0.010050054251382834,0.014660581262274874,0.023495429795642453,-0.00048238427190283595,0.01295320899805108,0.022703812613991126,0.008803092362640097
2014-02-07,0.013301886798946505,0.013990010347222581,0.010503597578571222,0.015069536490001312,0.018302887331792528,0.034749047146180656,0.014706096317752992,0.045688954299176965,0.023964765802387378
2014-02-10,0.0015692347655638095,0.017915297377351536,0.00656391830725922,-0.0038302576536879407,-0.0005815860045791377,-0.011971443022698258,0.003150460225768148,0.05377152554352227,0.001593584838189388
2014-02-11,0.011062113608869106,0.01317566720433816,0.01005490171626322,0.014706547224333288,0.0025493681759316544,0.020456320432807873,0.020728577324159003,0.0003052281788051836,0.013476724895964631
2014-02-12,-0.00026926239009483766,-7.458937352344819e-05,0.008071049782801598,-0.0029321839134563987,-0.034661035070456814,-0.0061681309289601804,0.03569234977443192,-0.006611768550777386,-0.0054039935375231885
2014-02-13,0.005810025082904069,0.015879026629594284,0.00373581936430023,0.011131789007678528,0.022763121002418396,0.04468586317591883,0.03149140344583268,0.02206643880919512,0.02478202278212649
2014-02-14,0.004809216724759979,-0.0008082799120828765,0.0002663086437257878,0.0024167849092131544,0.00041991570929011957,-0.0035645850014712765,0.031681878564935984,-0.007013038699909213,-0.0013860621524567351
2014-02-18,0.0011584739056558213,0.0036770022683629833,0.00214191770832306,0.006717721700384205,-0.010353964616348299,0.003130069514637901,-0.0005583370449924185,0.027594230065768333,0.004074078401885117
2014-02-19,-0.006524484290135191,-0.015788014722642796,0.0024052603498501135,-0.007052720288340142,-0.017729469427573252,0.011292790385142304,0.01340785752827145,-0.049386354816567946,-0.003552890190350988
2014-02-20,0.006031458262132583,-0.01157503885760458,0.006398576493872987,0.001472136165701965,0.006966451351901659,0.023067857434094785,0.035281333812437365,0.08433176962559585,0.016076175514123436
2014-02-21,-0.0019187235651341172,-0.011108240407903258,0.006092738884860172,-0.00026577280325867925,-0.008690704930545357,-0.014936015985668072,-0.007454735212910513,-0.0017621650191746996,-0.006767288483460532
2014-02-24,0.00618651346579302,0.004378902689603059,-0.007635705362779688,0.007243819824947595,0.014476950486270512,0.03192885712220028,0.014484845007437963,0.03840650303963211,0.016941758672305962
2014-02-25,-0.0013476817370097205,-0.010406563111246436,-0.003979564915727374,0.006177264933321824,0.018591145105317786,-0.013139401774428183,-0.004515350426518516,0.13944400853955852,0.007253428392160588
2014-02-26,2.1699977565736717e-05,-0.009021959331691476,-0.0018647768901864925,0.0001393331772046036,0.004130352946787541,-0.008446488756697734,-0.0016007473198597078,0.020161329397426986,-0.002089860313566061
2014-02-27,0.004948082937896281,0.019948123441774435,0.010408456011961942,-0.0007868240247627112,0.0009172025143076024,-0.004620375426700574,-0.011223936649328414,-0.0018181631079348115,0.0015803220856005495
2014-02-28,0.0027826887923012578,-0.0027097957285269203,0.011885384507011265,-0.0029198987942985477,0.00547020780052776,-0.0069625665591031005,-0.006486394483316338,-0.030609002263871865,-0.003582468532708938
2014-03-03,-0.007378510346287226,0.002888491139439786,-0.013834121097783703,-0.010660925084012729,-0.006407027049691316,-0.015337268876011168,-0.004896642451978961,0.023487593975735965,-0.00824184466324307
2014-03-04,0.01526770113133269,0.006593342954368087,0.01667547407168679,0.010160551673442209,0.011451407566858807,0.02061999013828042,0.0103881625411546,0.017081640205592663,0.015640548466287152
2014-03-05,-5.335132643191631e-05,0.0021084399040547375,-0.007810585895039468,0.002757405774633792,0.0232756289166427,0.04026152069349376,0.008658157832818203,-0.0085543289590575,0.015862897331295978
2014-03-06,0.0017184082710823834,-0.0030238451460596893,0.0010496493589065015,0.0011080682106381357,-0.0005639527545890921,-0.010199877790668999,-0.013948601085497336,0.0011082415828502779,-0.003802721869901271
2014-03-07,0.0005380892952486782,-0.0005844905574542425,-0.006553310292403802,-0.003952035431017631,-0.00026865653589280836,-0.014680898328502168,-0.0010882949272406073,-0.02660715081529086,-0.009866415915012916
2014-03-10,-0.0004632463094992323,0.00090496329672618,-0.0021105104393378538,-0.002650534851349362,-0.004112236538700076,0.03194845663659618,-0.014705931746857415,-0.0299337773277899,0.00823794553438395
2014-03-11,-0.005082138985368356,0.009737779505806898,0.005288188031261409,-0.009557997940370044,-0.00461504946556357,-0.026794494158806637,0.00995042181529171,-0.01854801527012917,-0.0121944508417271
2014-03-12,0.00030517087837123036,0.0009698828900046585,0.006575417828482699,0.006091808687251454,0.004934634962679985,0.011126988383844738,0.0027369117726883108,0.03020349867201233,0.00956749166441817
2014-03-13,-0.011701095130556172,-0.011106735590046601,-0.009929562125895464,-0.015108194868933444,0.002347339803347115,-0.028921982775472865,-0.03165965323205122,-0.015321501673975169,-0.01742642925726523
2014-03-14,-0.0028217776974703845,-0.011231019906959183,-0.0050146637454784315,-0.013674662372182622,0.0060025185564875905,-0.016126742349865553,0.004509519039497922,-0.02868079519568567,-0.01211318338963041
2014-03-17,0.009613634629240364,0.003906386069215229,0.009284196839012493,0.016456367377041925,0.003478382463865337,0.015061871642696456,0.0,0.013032042107341546,0.011828430886458463
2014-03-18,0.0072196189337276895,0.008846990101620378,0.03942157909338473,0.016072516880668353,0.00994553295246714,0.006546740616783175,0.023569221173081578,0.02589960570756822,0.0161611723574695
2014-03-19,-0.006131649335692324,-0.000263418104116675,-0.007079448901947782,-0.009915314712213186,-0.014626212632039448,-0.013730584405793667,0.017543678076456848,-0.017497067344171113,-0.011041049526404945
2014-03-20,0.006040504799839086,-0.004818599779038646,0.026992430000734258,-0.0017427791356687816,-0.011413939961780417,-0.018610726233529662,0.0005388702642885601,-0.003943308219114483,-0.004293671599821414
2014-03-21,-0.0029326714097337447,0.007886824672933557,-0.0042149415776727706,-0.011794649467346208,-0.022630541750708,0.004031586029978884,-0.001615604575578633,-0.025626925840671277,-0.005048119671824058
2014-03-24,-0.004864709743258144,0.011860463782413344,0.008465565017315546,-0.021224945736574963,-0.024319197345896493,-0.046698405188918435,-0.00485411388340784,-0.03809683030042055,-0.02377573371792363
2014-03-25,0.004403939814465518,0.010757135117357874,-0.00394992991461196,0.0006823146818080161,0.008128443567798405,0.012324619509325396,0.0,0.0012263011647262179,0.005756734602047731
2014-03-26,-0.007000319763734719,-0.009559733190664166,-0.013634438426422646,-0.023085786330041214,-0.03185703946116103,-0.06934816377940012,-0.02276448097044781,-0.0339321420754084,-0.03862183327053981
2014-03-27,-0.0019000838946738874,-0.0042977191093865885,-0.010806797331510243,-0.01562764723194321,-0.014385122358351876,0.009604305511144995,-0.013311170037334619,-0.026483875208294427,-0.005433968023212055
2014-03-28,0.0046402218845611465,-0.0011170824563121462,0.02388211770222659,0.005267856454131525,-0.0005318508680698386,-0.015745489107518718,0.0061833566219062774,0.02435850887321478,0.0017171708511676265
2014-03-31,0.007924102207026662,-0.00022316536154776134,0.017121881792962368,-0.0050350591307034565,-0.005675530941403384,0.003832649275079092,0.0005585282639628542,-0.018458360341644164,0.0018022445043237578
2014-04-01,0.0070393485966973035,0.009147950093186585,0.01049019899818604,0.01828616615400458,0.019680670938510447,0.03950862706119218,0.041317927757623885,0.040873168566134765,0.02533650583311209
2014-04-02,0.002853326841976367,0.0016611949928062586,-0.0016900399811905498,0.00018508093487179522,-0.0030030217064828113,0.0015969470814372055,-0.0064345620345723775,0.061390940762507284,0.0052141464337449595
2014-04-03,-0.0011264502910314222,-0.0069298456219943905,-0.0082223789886392,0.005952729462285644,-0.024388807305799176,-0.05149864750692956,0.010793292791388298,-0.021234109793757616,-0.023901154080263165
2014-04-04,-0.012537288005457836,-0.012936587271846656,-0.027798134588048362,-0.045931663802209144,-0.031832632641972336,-0.04605817593689765,-0.030966031602815636,-0.05842941263604928,-0.03876564402791416
2014-04-07,-0.010750112394172895,-0.015700881213423612,-0.0017560852334835841,-0.008473251549171112,-0.016222915796401893,0.003524325549774332,0.0033055643828905357,-0.02219291204279228,-0.005630043569163856
2014-04-08,0.0037505537703756975,-5.710165987171667e-05,0.0005027684309035774,0.031222902275084508,0.029298895093121002,0.021773418981315906,0.03569460133668145,0.038261355097989114,0.018966960660467436
2014-04-09,0.010918212704340347,0.01314382440645634,0.016323126455757286,0.017093726200821946,0.014492280332131902,0.07252106251829149,-0.001060397126764867,0.006822582189342397,0.034628597602364364
2014-04-10,-0.020884795550912827,-0.012898153448156258,-0.02742745374610389,-0.03588806236652253,-0.04430244188452781,-0.052075043008470545,-0.024415958739890775,-0.058728586344982125,-0.04054551339915258
2014-04-11,-0.009486773662544357,-0.00739283104057209,-0.003811121503395576,-0.016334663202038358,-0.01696572480540215,-0.010649031817727694,-0.014145985308497755,-0.002007998365690211,-0.009800163335240586
2014-04-14,0.008217286225508769,0.003983871115740278,-0.0007647453663958137,0.013835155662018428,0.013409016234459559,0.006150584663592751,0.01103785815461178,-0.027922211846836853,0.0036759898963980575
2014-04-15,0.006757307791485534,-0.0071310302047328245,0.014548141599772357,0.006419667988146083,0.0005381342337296147,0.0033960600072711067,0.007095984673579858,-0.02110157829990189,0.0028438641734913617
2014-04-16,0.010488490558689278,0.002027371820865209,0.01635221408634946,0.027701806204609936,0.024044553076797426,0.010661908467455294,0.0021679223749819787,0.026816613527514743,0.01631694371423964
2014-04-17,0.001363852909705754,0.01142566270362999,-0.009653472797941043,-0.03646028419098013,0.0038000833698974557,-0.0130611089609175,0.0037856911777447433,-0.004972124748128359,-0.011600919662385079
2014-04-21,0.003775123551313042,0.011868454536784645,-0.001749940543461781,-0.007306637575280495,0.01834356131464343,0.0390228638781982,0.008081969036149772,0.03159695967938991,0.017802290003349208
2014-04-22,0.004092139025126507,0.0009978542278936686,0.0012521161321461527,0.01136507194990033,-0.004684697481160849,0.029229275542186794,0.008551657263218049,0.06977204835910089,0.0179388506397975
2014-04-23,-0.002213313863220212,-0.013071839069557889,-0.007501821037698142,-0.014647088864859437,-0.01439326596799273,-0.026495365705698437,0.011658718071229757,-0.04871021046524071,-0.020235801257492247
2014-04-24,0.0017169605671216726,0.08198202039136526,0.004283136668566501,-0.005711668263185921,0.03872696907977402,-0.0079856865151402,0.00890494363606309,-0.0006250535178002892,0.008753423166652174
2014-04-25,-0.008096390978489132,0.007344969498507714,0.0012545145898172905,-0.021218399580970493,-0.09882843592887003,-0.05191393951386025,-0.027518195075200258,-0.0385355818226627,-0.0339287720438326
2014-04-28,0.0032360358580392212,0.03872744231063763,0.02405426390297949,-0.00022938841553254985,-0.023861978341739754,-0.027205029330645725,-0.004270961293182829,-0.006704972546848098,-0.0032094951680886608
2014-04-29,0.004760757069291355,-0.0029625539884384766,-0.00880821699027845,0.02552678533263597,0.01281270310355409,0.03580348234182207,0.002144471620453059,0.04236565129490799,0.018743350648394275
2014-04-30,0.002992016977140688,-0.0037818675513555666,-0.002715691540528642,-0.00270359442488477,0.012484186652458318,0.028030972635021856,-0.011770802597083185,0.004687738618768256,0.009831546358100685
2014-05-01,-0.0001432614814260713,0.002355716385462392,-0.009900954376911852,0.006824021982100081,0.012363116080724268,0.02291743526176715,0.005414210730874558,-0.0007695820228281747,0.008531568078834928
2014-05-02,-0.0013484450597095465,0.001859908973283142,-0.007750128337515649,-0.008653161718450209,0.00038978329176453386,-0.01128384500723456,-0.0075388328949534955,0.01530832469090404,-0.005484853980831983
2014-05-05,0.001871216126306141,0.014141126769948942,-0.006550659358138922,0.0027347581712870994,0.006623114890180748,0.01257030879464538,0.01085164748868972,0.02702575300410115,0.008074279931620687
2014-05-06,-0.008988392160571124,-0.010898995205650519,-0.009384160496372917,-0.023835799784878375,-0.040864322699897704,-0.04393983546715108,-0.020397223778573448,-0.043072784244390316,-0.02999012950346014
2014-05-07,0.005616468420812426,-0.0034992034830994,0.00921673549724189,-0.008745225293244618,-0.01570384516932133,-0.019477244895858004,0.0010959783394461908,-0.028608709652908404,-0.010648767010916549
2014-05-08,-0.0013736249452109828,-0.0017826283210662375,0.005581222613721515,0.00418929345111918,-0.014997751269122173,-0.010977598849886805,0.012588884881352236,-0.1130369790950656,-0.012893940456575104
2014-05-09,0.001519476431128819,-0.004167100868900708,-0.0025227239351276465,0.012399592336505227,0.013596010974134431,0.008456716090096128,-0.02432454054280564,0.020549895044562172,0.006640097676894552
2014-05-12,0.009672737603931392,0.012450631210418228,0.010874664076352847,0.02242608273505553,0.036339937499481945,0.0452480747408317,0.02936339475755556,0.013222772837518937,0.027539906447353824
2014-05-13,0.0004217577030636299,0.0015684125646908686,0.018392714162669188,0.0057760999907547905,0.005877349532256826,0.0,-0.01614653301468083,0.0297287210342132,0.00750544711924972
2014-05-14,-0.004701005088166399,0.0001850973685870727,-0.004453054982147653,-0.013166270713931283,-0.023043643496613697,-0.010028368011762878,-0.00984699593577687,0.002419066004460735,-0.00850170390496019
2014-05-15,-0.00936180703333589,-0.008502974521067297,-0.01590437993724081,-0.009898675904846277,-0.008164775136714542,-0.02211726050434759,-0.005524888000711492,-0.01064943809161878,-0.015193738405209212
2014-05-16,0.00374696520677964,0.014758063458795379,0.005807848705358554,-0.0015498471495007937,0.008503044333725729,0.0017265336156506716,-0.0022219111666226254,0.015748444805234962,0.005186547676696351
2014-05-19,0.0038447864907102947,0.011848996960585279,-0.0020084268530508043,0.019931945161195008,-0.003157536487252033,0.02051016623925017,0.03229362558005788,0.02364794602948317,0.012956580161349152
2014-05-20,-0.00649839809746755,0.00019857241015830418,-0.0017607679196596226,0.0028952086310933822,0.014927850021058786,-0.010977706725191272,-0.011649832591482778,-0.004028761968195238,-0.002764119209193394
2014-05-21,0.008116098951240547,0.0026459672321053063,0.016884810293526398,0.01722827514319647,0.012683023210012356,0.03295757601100968,0.0,0.021249357258691814,0.02086534031960041
2014-05-22,0.0023622298736216685,0.0015829696566904694,-0.006195925214858677,0.010460229849750702,-0.0003278656129942492,0.0004958776482339999,0.004386055583627035,0.0272248307807903,0.0029123868703111455
2014-05-23,0.004248391856225497,0.011296906531279127,0.0004986695752904335,0.015032934332772196,0.024039937282877233,0.013714384505437716,0.009279350716240087,0.011811774070233927,0.011789376015283182
2014-05-27,0.005987805879090757,0.01872544587776792,0.0017448681856200299,0.019634578358832533,-0.004547789973457506,0.03471897765740173,0.017847338079271635,0.020549956801726887,0.01923471970048074
2014-05-28,-0.0011140717108722997,-0.002589262716453211,-0.004478651031884828,-0.0076886965857280165,-0.0021234149406722524,0.00047252109929152297,0.008501704754187767,-0.006239385775322903,-0.002907185120861522
2014-05-29,0.0053671102654548886,0.018220987446263992,0.00824819491248463,0.00019277420598973194,0.011671379384584846,0.005038630223598517,-0.001580652204504207,0.0,0.006517293659094703
2014-05-30,0.0018436779311643559,-0.0037455093352156688,0.014873432695112987,0.0019104732021111293,-0.003919978890176923,-0.008303301501154658,0.0026387012155941747,-0.01174851112562214,-0.0015137726854601574
2014-06-02,0.0007278261010281728,-0.0068724169617760955,-0.0036636705977757256,-0.012787635456574242,-0.011870049353066792,-0.003475554004909176,-0.0031580422208559167,-0.014775916704391157,-0.007039332546620258
2014-06-03,-0.00037921654875650024,0.014141345966592667,-0.012258176405255838,-0.01741854924873909,-0.005342601715119133,-0.003329108945399062,-0.0042240186343102115,0.0011725022846602595,-0.00520694379829334
2014-06-04,0.001891663548679423,0.011419092340243742,0.0007445329257111943,-0.0013524675103016026,-0.0013346907905279481,0.007475756279832435,0.0010605837986741307,-0.004635585698934408,0.00346015748556483
2014-06-05,0.006525279593556643,0.003923146081100892,0.022073471292529012,0.02017111543824046,0.05472974035798206,-0.0023681912305481,0.004237376137814941,0.014265423668861299,0.013045936267617408
2014-06-06,0.004627758701298612,-0.002749349284360658,0.0065519715842325965,0.0019471902742609348,0.018852200132677854,-0.01091944203218942,0.003691836479031263,0.006138270241253796,-0.00038527294084333974
2014-06-09,0.0009387712266117898,0.016001280584549082,-0.005063085199777162,0.008303465314486447,-0.006582311407839381,0.006080037750828771,0.0010510434104100685,-0.01373880594040544,0.0026059717760102963
2014-06-10,-0.00024598362294592224,0.005869740055825412,-0.0038766975210375865,-0.004257728485532741,0.014992400890088353,0.04596035030047996,0.005249436346161929,-0.014660739681257473,0.015756049146934403
2014-06-11,-0.0035370410325543666,-0.0041379579765679075,-0.006081271319299808,-0.0014077160928349652,0.008393228817907605,0.0001521980124152833,0.013054862910594212,0.010726643965635274,-0.0002014823418950984
2014-06-12,-0.00708889350376507,-0.016727004924823152,-0.0068524047455188475,-0.014096870143959661,-0.027714822249562898,-0.022651238346195424,0.006185339468175455,-0.0046461714141312616,-0.016625656097151054
2014-06-13,0.003134561695468774,-0.010943743698081487,0.016017227475460416,0.0015191029878094398,0.00110457790598395,0.003266332453312426,0.0010249163781830273,0.014249235559878448,0.004470546478542392
2014-06-16,0.0008367051734305964,0.01007876298981425,0.006549014707719847,-0.014365856014198486,0.00413774299740477,-0.004806039266419093,-0.0030711522170951966,0.0881212939552054,0.005644407568033971
2014-06-17,0.0021725690603942027,-0.001301266200957274,0.00433705782838234,-0.0030419274832027554,-0.0061046565107525375,0.003271480632000001,0.006673772426778246,0.03143227501638868,0.0035026080369990886
2014-06-18,0.007718881307192449,0.001086052905941326,-0.000719594891191,0.018234078238050344,0.02690250731818078,0.018633574429581135,-0.0010200208233223096,-0.019640063385359396,0.010183915757306039
2014-06-19,0.0012774785766593855,-0.003471391705984317,-0.003361432693807176,0.007722982714165605,-0.022070667159047597,-0.019207451002510978,-0.022970800891567,0.00295002065272687,-0.00863495278489923
2014-06-20,0.0017300583227324307,-0.010341833139507095,0.004095311889970477,0.002707992197110043,-0.008562770258754293,0.002486785781355083,-0.010971549032603223,0.00790200754536885,0.0008076276913926428
2014-06-23,-0.00013246407875799893,-0.0008802342655378492,0.007437839578847694,0.013715336808537204,0.009376954708880447,0.013488496366192981,-0.011622020226860319,0.033233176551748844,0.011988599254006749
2014-06-24,-0.006435310620591883,-0.006055496062034593,-0.005715873178989805,-0.0030473102915243855,-0.009412011563928013,0.005354123217405915,-0.015499511890717077,-0.01989714693708211,-0.002963751267506143
2014-06-25,0.0048975112174378665,0.0008864734027680399,0.006706872293381627,0.02338705046241829,0.010118432603799077,0.026171805738258058,0.010314960351454516,0.018881767026839746,0.017074153926965874
2014-06-26,-0.00117888399729138,0.005976185403307799,-0.007376007421206143,-0.001979731872195023,-0.005344467378244899,-0.004596977372982147,-0.01343373704844586,-0.005445593222918266,-0.0037387540213086323
2014-06-27,0.001910868625069062,0.011880887901126291,0.01270416045534617,0.0015732649010393729,-0.0034388378789398377,0.007001524994076691,0.0010891935798509333,0.014685875836706552,0.007484466709883009
2014-06-30,-0.0003722566922789161,0.010328722093251974,-0.013017975726185682,-0.0017415662803492715,0.0006470070546686912,-0.004585870377394108,0.008705226912108621,0.004183046350403563,-0.0028855417060451583
2014-07-01,0.006677770440579822,0.006348597321532701,0.004076326587723944,0.011664727669622454,0.0234311767104034,0.011442999586118496,0.011326680982934434,-0.001416329140400019,0.009445988072794176
2014-07-02,0.0006588129971369927,-0.00042788065918131224,0.0007169778341824529,-0.0012005056059202213,0.001383959701627413,-0.02365560156474611,-0.003733185631695113,-0.04292507263253387,-0.012282665591724862
2014-07-03,0.005479508115899812,0.005883833809424255,-0.002386234734250814,0.0038932808559835053,0.013940234460910528,-0.0024077066946075476,0.009100654640611605,-0.0007845585313522863,0.0011748108055855688
2014-07-07,-0.003923521850109468,0.020631712634769928,0.004545069422599912,-0.003911729619176296,-0.011674449633088724,-0.015085238563293357,-0.00795769929787038,-0.028745887240373857,-0.0063239742273716315
2014-07-08,-0.00704880201475111,-0.00646030535249098,-0.00500137556678848,-0.020922164269450483,-0.029200990460340304,-0.038750260280139615,-0.00802119728029338,-0.016123225207840486,-0.022834239157219938
2014-07-09,0.004644267890169251,0.000419395316652027,-0.002632668385547876,0.008575261230330922,0.019023536002007457,0.035213593294647794,0.030188829093219516,0.01821340760212986,0.016503567429897004
2014-07-10,-0.004131071874054704,-0.00366910372327911,0.0004796640462978452,-0.005691125590536195,-0.006212741183028947,-0.0015393026089571826,-0.005233018697977543,-0.01613920326556262,-0.0036876312444665826
2014-07-11,0.0014709227452411877,0.0018938461194062395,0.009595191207836473,0.011395880843209971,0.05574527705530308,0.022660786966994362,0.002104034377844677,-0.006060346907830749,0.016551945954139224
2014-07-14,0.004843552990250188,0.012917594532919852,0.0011875699649144256,0.012971755093745818,0.026343229104973,0.023515278393148042,0.012598423643441325,0.03928847054823881,0.017812880501403505
2014-07-15,-0.0019320956634630848,-0.011716012718374746,0.007356540062649408,-0.002019266442856771,-0.0024766758841938685,-0.010751180773523772,0.004147312627661215,-0.03140707941036425,-0.006888993263608478
2014-07-16,0.004201084929208676,-0.005665122599469941,0.03839759125750408,-0.004114255115163834,0.004119171296738777,0.007294948986098948,-0.001032723721504758,-0.011021087958732911,0.008252837945518232
2014-07-17,-0.01183402645755216,-0.01783112558814215,0.010209211151839925,-0.016592708419638225,-0.009693768452485929,-0.018474707726211848,-0.0025837662000082195,-0.008104628912827039,-0.010740320286608429
2014-07-18,0.010264935568841116,0.014395181568525706,0.0035930903858167884,0.04182017548065331,0.017619583375950265,0.030266461376277753,-0.04455961347378978,0.02144850779519203,0.022835544830781318
2014-07-21,-0.0023202504717819705,-0.005189278684837095,0.0033564495134348338,-0.011022703591781036,0.003066988426043471,0.014323235723101124,0.005965356799099153,0.0023634452244862825,0.00397814944193331
2014-07-22,0.005016150134305564,0.008303596635224952,-0.0002228264685162351,0.008572242053548784,0.0030019426580283337,-0.0018730927145498288,-0.004312892470986207,-0.0043529604983217896,0.0014533972089301184
2014-07-23,0.0017544380056517817,0.026076896475724975,0.000891706314033458,0.0026840660141380646,-0.007482553500273381,0.029161225918907796,-0.02111553344396666,0.013252589373576429,0.014243040872987889
2014-07-24,0.00048815592189166424,-0.0016468037880329467,-0.010474414105479779,-0.003602304972517456,0.0013123606994782655,0.051760377444633576,0.0016594049367937291,0.004719292435327871,0.016670471744552273
2014-07-25,-0.004849150767687549,0.006596111961532092,0.002252180437264162,-0.008175669370508731,-0.09648361949147444,0.002800903070611982,-0.017669681675673288,0.00013419443884687965,-0.00787223833729811
2014-07-28,0.0002881549022029084,0.01382195156257704,-0.011910302648618809,0.0015718410346265976,-0.01111078668871901,-0.0035912486082073647,-0.003934639147642027,0.005591068622831541,-0.0024135964224694106
2014-07-29,-0.004527786939807377,-0.006463198714200757,-0.0018194265211221028,-0.008463912536193385,-0.0012796219138705434,-0.01615031784638654,0.0033858801170936204,0.0008451229210990618,-0.008581197692311027
2014-07-30,6.091277451791832e-05,-0.0023379790740853945,-0.007062497397848255,0.0025086349112322104,0.007843732833862305,0.013159693955180574,0.016872625382482243,0.017377017559351948,0.005806035540546262
2014-07-31,-0.019999240340662028,-0.025980736345001754,-0.00963769814914972,-0.026686114251529225,-0.029518454637735614,-0.027182755298770123,-0.03207940365910256,-0.024550031282283724,-0.023645900718298085
2014-08-01,-0.002859121137017251,0.005543979042373026,-0.006951077318473775,-0.010266568110299135,-0.01894630550607601,-0.0039916369726787915,0.010857306194876015,0.04464842026823912,-0.0018359115438396634
2014-08-04,0.007189032358413172,-0.005617388320938055,0.01189937725508905,0.015115127770417125,0.021461616952879847,0.01589283554665366,-0.002261175788748848,0.022506071870215694,0.013564773534670227
2014-08-05,-0.009685469956760784,-0.004916636301638633,-0.0066866238113683085,-0.015680072404374745,-0.004240376889416919,-0.011155098072591407,0.0005663976301581997,-0.00012576650395990097,-0.008793668878339655
2014-08-06,1.563854864095049e-05,-0.0016821854497622857,-0.007892124999383188,0.0023555105261456877,0.00502688224412462,-0.0030265338916036777,-0.0011322958849039333,0.0437754275084441,0.0015828265836377309
2014-08-07,-0.0055566200056119674,-0.00010553093675080838,0.011464491992655867,-0.004665116508568601,-0.007773407297958612,0.009659037163888717,-0.01020413235935358,0.013899516983279847,0.00566898241431768
2014-08-08,0.011531402436471216,0.0027515934658297603,-0.00069389848533008,0.010720240822533533,0.017177711977806265,-0.001503287530046915,0.08820168790751493,-0.016878663563701712,0.001293092780862315
2014-08-11,0.0027594252503462258,0.013193952561967093,0.0,-0.0011938268194128243,0.004829541554792538,0.005201394869863707,-0.005263117987297838,0.04509734603884441,0.007517094385196987
2014-08-12,-0.00163664161317445,-0.0002081237767551647,0.0074073166661117185,-0.008886850997777085,0.003109949513651067,-0.008306303648884628,0.0,0.0024680349752661535,-0.0026091242888426347
2014-08-13,0.006707160027472625,0.013233377109650224,0.012867152810379201,0.021743597923901126,0.021796290955850894,0.01290689787651833,0.0058200349430108655,0.0013463183591138073,0.01391973173898342
2014-08-14,0.004345814053963171,0.0026737606765150357,0.004310701755772195,0.00015395307539178837,0.021239451650685526,0.00718443686271053,-0.011046839477162451,0.004110460478404354,0.005954188976280417
2014-08-15,-6.137292417629503e-05,0.004923017421768927,0.011746077122883891,-0.0016078163274986235,0.0012604609096842356,-0.009017478182879013,0.01276582134033899,0.0024102734127906533,-0.0005062204326353736
2014-08-18,0.008531672245722488,0.012043044777193535,0.0071445681125794636,0.015401538995760466,0.002697603794230785,0.013038041948972401,0.013655598060926977,-0.007900489991551574,0.009400396453062454
2014-08-19,0.005000651911710952,0.013816231313775962,0.011153449978176688,0.00744048593055191,0.0017936022144013908,0.009384714531328164,0.008066584846517122,-0.012233586896835513,0.007389174005298038
2014-08-20,0.002477812999687634,0.000397879249449673,-0.008383085561337711,-0.0028469682213556613,0.0019395048417616412,-0.006375340323515166,-0.006195323849195855,-0.004089404408890496,-0.004589540441870099
2014-08-21,0.0029498896671826813,9.923693242908094e-05,0.006006339641841718,-0.005021803834259653,-0.008547226051095258,-0.0032081743440866006,-0.009350658572869985,-0.0053576351531577915,-0.0019884076907606962
2014-08-22,-0.0019925870761225983,0.007357752818371477,-0.0015477141792388238,0.0002025473112330367,-0.003965034634897835,0.0,0.0005245297103895208,0.009593550020714714,0.0010436919563288072
2014-08-25,0.004787778824361766,0.002171059572076972,0.00044313130057105354,-0.0033246295816967697,0.00732832798366112,0.006034700091711587,0.0015725026959569899,0.02247047167767935,0.0046470263497957465
2014-08-26,0.0010510808940034089,-0.00640146070127412,-0.0035424850416135856,-0.004148511846168712,0.02338178013264769,0.012530013225516834,0.01779164980361858,-0.0030850667014500344,0.004405204344740232
2014-08-27,4.9987292607633904e-05,0.0122905033674654,-0.003110569164149979,-0.008705747952794995,0.003949394188152322,-0.017509247892014246,-0.011311311901850973,0.0057690483092485145,-0.006286080653781667
2014-08-28,-0.0016899010514689339,0.0011751073198127404,0.0002228982523073686,-0.004596888889269568,-0.009208050725090344,-0.010317456235721778,0.008320571875872984,0.0023172928385630787,-0.004911096292193773
2014-08-29,0.00332041473363498,0.0024449780639022034,0.012255069379523365,0.0035152975774754847,-0.002882170928779293,0.012997439943859934,0.003094402397356255,0.02213286179479579,0.00969561520594997
2014-09-02,-0.0005440661600049079,0.0078049820070817955,-0.007484131592880305,0.010766508414290277,0.009851334367718234,0.02485984773751082,0.002570510779203561,0.05346686612852136,0.015899150282974395
2014-09-03,-0.0007791410646480479,-0.04220723626949652,-0.0028833394460036077,0.001511985244913694,-0.009871997393732124,-0.011085268299011797,0.009230905811015155,-0.010312551544632176,-0.011000056937919167
2014-09-04,-0.0015344207755288997,-0.008287996322151936,0.006672962643846425,0.006140647388829024,0.020501465001223185,0.0015824598017553093,0.017784426287792865,0.017248043736543428,0.005238147397852222
2014-09-05,0.005035885365550108,0.008662758057378595,0.014361452464807911,0.007822667383226456,0.0012429329689513935,0.01724836374324279,-0.002995841613430583,-0.030240486377933085,0.008496497558364569
2014-09-08,-0.003073114142502442,-0.00616310461221814,0.012197970882073639,0.006440489406257965,-0.011663471416312299,0.00815424153898947,-0.00901309447807519,0.01701575878169237,0.006220522524144512
2014-09-09,-0.006545009043329442,-0.0037619081629506335,0.00624012994281542,-0.016056348656738995,-0.0367763814599078,-0.015663105260289467,-0.012632499218984794,-0.012867352321022762,-0.011742593389164058
2014-09-10,0.0036460744169486414,0.030717628238789763,0.001710918917650961,0.0024494802405501392,0.004791537630211673,0.009912573631676969,0.0035821776941666883,0.009408253755734952,0.00896611224275179
2014-09-11,0.0008819054148185845,0.004257490390617402,0.0034161852789649227,-0.0038927241573758486,-0.0024447313299676976,0.006328219779605293,-0.010198724811179227,-0.002810438550752914,0.0024727756169604653
2014-09-12,-0.005962558462297207,0.0022676119451301435,-0.006383133577078759,-0.010505637920417032,0.00202714953851868,-0.00564668687048997,-0.014940920462946372,-0.003959869942916305,-0.0048690292679591796
2014-09-15,-0.0007101514711097545,-0.00029519867389238286,-0.009849795716746046,-0.005573499739784715,-0.022041714836545268,-0.03742902301808626,-0.013598454844387597,-0.09075929522509396,-0.027001771476733216
2014-09-16,0.007484376300642026,-0.0075765092588223615,0.011245155133427165,0.01227551942979499,0.011948533092313252,0.020112486731195478,0.014846265714284046,0.02710161669324518,0.014000118782817372
2014-09-17,0.0012956437010964716,0.007138307939755784,-0.005132372233587423,0.007659900096485206,-0.011471791538951392,0.004600711199705287,0.0005226113808989297,0.002454484127106138,0.001900223566289272
2014-09-18,0.0048911800862372345,0.002067593621644548,0.0034393939554981934,0.006708378309315588,0.003086372512705715,0.007457673694334588,0.015143580210304375,0.00933504803526053,0.005788642437840608
2014-09-19,-0.00047726958102545236,-0.008154243789962323,0.01799504699271104,0.013611920802200528,0.01944615290715146,0.011818208644893247,-0.018518470994150937,-0.017057041633622205,0.009108798051059575
2014-09-22,-0.00801332329681892,0.0009905901637323744,-0.009680204947616122,-0.013429124621411104,-0.020584305419870552,-0.014247156908986258,-0.009958028898986004,-0.03582445993668726,-0.013893511732637864
2014-09-23,-0.0057765015647701645,0.01563453623858302,-0.010624546473364416,-0.0101963841910514,-0.0026811031892631787,0.019401068802472388,-0.004235165794354345,0.0015198218780658745,0.005371760217232735
2014-09-24,0.00783249148610099,-0.008671221948597041,0.011168158203394007,0.012246679514639203,0.014151969773800843,0.003193134535231623,0.005847855501197374,0.006908683086271461,0.005920090922668875
2014-09-25,-0.016168772358634453,-0.03813255326455933,-0.022090379891137824,-0.02200796854073417,-0.01913404126628282,-0.01680682124949251,-0.021670022057243332,-0.02058384201761687,-0.021459542505644413
2014-09-26,0.008575824615237426,0.029426698652266214,0.008037065459139514,0.004528024654904872,0.003975968343926439,0.020331698836686174,0.0021609884148487968,-0.0014172461700872052,0.013451294583911144
2014-09-29,-0.002546802239196233,-0.006352423796129658,0.0006461180277776979,-0.00015307842476219857,-0.00430060773613683,0.0026651688589802713,-0.0016173641234279446,-0.005433855089076345,-0.0003518831859224969
2014-09-30,-0.002785928622506484,0.006393035064200969,-0.001722804534908584,0.001020744420064501,0.001926551369922258,0.000506352729917614,-0.003779536679796691,-0.01051950204719554,1.2466648813269643e-06
2014-10-01,-0.013248560995234304,-0.015583065829454124,-0.009922228014998868,-0.0149215772825112,-0.015444709071358309,-0.031502975392698196,-0.009756105475181576,-0.010054370988181183,-0.020107144068225113
2014-10-02,5.143341477165109e-06,0.007259222486661665,-0.0030497654700778476,0.0021565782927248645,0.002992481335819308,0.006923525637110961,-0.004378819682713586,0.04653675593786688,0.007169781610573134
2014-10-03,0.0111655096821337,-0.0028027192855595295,0.007211299260766246,0.009244589540938541,0.013598777130793271,0.004670490738641009,0.0021991418869231616,0.015074365885482166,0.006582037307943045
2014-10-06,-0.0015651598591330806,0.0,0.0,0.002609788439606131,-0.0016730818214429899,0.0015494607170918329,-0.006034044776284775,0.02119820596674793,0.0026212884935634673
2014-10-07,-0.015126053030587783,-0.008732946831124577,-0.01214994186889673,-0.023274108271738814,-0.016201156011877438,-0.01637426923736618,-0.010485950016388856,-0.004028836811141634,-0.014627041399837282
2014-10-08,0.017461650296527242,0.020759458979848766,0.027454132292068945,0.016791580264619466,0.0180453184543532,0.01612261032336093,0.01840522932193278,-0.0011172064899821477,0.017590235822102063
2014-10-09,-0.02066141501469354,0.0021824311506364324,-0.019880563644891103,-0.022150310164615106,-0.02271458913039448,-0.020768738004962595,-0.019167578922261397,-0.008754986072816884,-0.017385632539244966
2014-10-10,-0.011451012338901223,-0.002870696756192226,-0.03969451040479699,-0.027364614253307162,-0.01262011950669606,-0.03952050392796236,-0.05918475770150189,-0.07820713466800233,-0.03494259572634406
2014-10-13,-0.016467929557809624,-0.00913331004040463,-0.008630397903639286,-0.018804395653052253,-0.01586433354216432,0.0010969784082979217,-0.003560858052282345,-0.05200284592749238,-0.010628351537588898
2014-10-14,0.0015788647774723774,-0.010620075961450093,0.0018328190565399805,0.0072327991247791434,0.006069470185922521,0.008220689086523736,0.023227881420955887,0.010997785411050565,0.004715271727755654
2014-10-15,-0.008100314924121665,-0.012253211095232253,-0.011662511530528441,-0.014507329513257061,-0.007589739452744215,-0.005163828436929752,0.015133802397163665,0.011626859394061828,-0.007398597012641561
2014-10-16,0.0001449777086941495,-0.013123135435052502,-0.011105907470393084,-0.007046049824344203,-0.010164422091506808,-0.007922626313189629,0.0005734109800550335,-0.014584180435521898,-0.0097121727549907
2014-10-17,0.012884107385910504,0.014647819303735599,0.020823852560489575,-0.02598159876107975,0.0025754812172822383,0.045711161451158944,-0.001719247104997712,0.004992222719669259,0.02025008549307894
2014-10-20,0.00914265720638352,0.02139881309686098,0.010313325045913535,0.017993399697710855,0.008463969396992344,0.013166666734047983,0.008611040030632289,0.01314406662204326,0.0138141431379033
2014-10-21,0.019574487182363987,0.02716527016895176,0.018148997255052812,0.010612805884379517,0.02978350306956612,0.02261219206252396,0.042686479607337846,0.021130690599931556,0.021120961387222303
2014-10-22,-0.0072993302004167315,0.005074672200495511,-0.011140726324116224,0.008661202983568206,-0.007484224588676702,-0.004066681995457344,-0.02347153478237962,-0.018016457872609193,-0.004086183730596771
2014-10-23,0.012303377138681793,0.017865694718193215,0.014421371146420281,0.02019570601843257,0.0006709878855299944,0.021309261393867684,0.022358587807480568,0.018130665059079565,0.017551627639327272
2014-10-24,0.007053449392805167,0.0037203007134547494,0.024655461844225846,-0.00857946410713284,-0.08340255932342533,0.00787092707720527,0.010388215024281111,-0.00021248831846232275,0.0005672040000643808
2014-10-27,-0.0015015683952100956,-0.0010454178628817035,-0.004769233377695747,0.0017853792734359164,0.010137266514070875,-0.004834617559350773,0.000541141026021652,-0.057685782233879546,-0.006535075766965881
2014-10-28,0.011939073060167393,0.01550753073419675,0.012633472828418757,0.016476349771427534,0.019381324953812618,0.006103755330375105,0.02379678780059824,0.09518660989105743,0.017525329202821682
2014-10-29,-0.0013853554985293615,0.00562112923521485,0.0027960265830404563,-0.000876723338948393,-0.004973082954598418,-0.060789762532550196,-0.006339324646081335,-0.019236391993001645,-0.024938935459931644
2014-10-30,0.0062301242403934864,-0.0033538091558458216,-0.012226446210231723,0.0032590619274726063,0.01682982867000704,-0.02306884639678486,-0.006379701760297785,0.002352022867035952,-0.009777109132305783
2014-10-31,0.011731393541549506,0.009534328258389957,0.019543964720694085,0.013564837219416814,0.021366233583022698,0.011874172059897825,0.04547923949819599,0.012737701294161408,0.014238613550974666
2014-11-03,-0.00011892184463624389,0.012963137203696462,0.01043660967631288,-0.007219974620547687,0.0008512072600386222,-0.014801921246343053,0.01688821155816389,0.003682279898016505,-0.00253045283460418
2014-11-04,-0.0028298416808328897,-0.007312395355262513,0.0027404149906631314,0.0007450779954132347,-0.009518525494504049,0.025446815752967922,0.01308505075853783,-0.015087152168234197,0.0072804312938064
2014-11-05,0.005700497411807115,0.0023938357019994694,0.006096402860566785,-0.014604937681578,-0.020772091649231994,-0.01227569555958874,0.0,-0.0333152361532324,-0.00941322664320099
2014-11-06,0.0037755130048497954,0.0028603292533853075,0.01755109151931733,-0.007662669541140699,0.0004046651179054894,0.005746292197650327,0.004470942960036917,0.04437806256705623,0.008558756332209372
2014-11-07,0.00034958621780534216,0.0028516962047959726,-0.00041055226386621513,0.0002356027831762475,0.010854925443075647,0.0045177294258285094,-0.021266003336308126,-0.004228554484803526,0.0024060764280129376
2014-11-10,0.003120184693883088,-0.001651346806980536,0.004313954380618101,0.011616156483585272,0.017508157722325723,-0.0079366739464104,0.011622048016252995,0.00720246491077825,0.0012211327013023077
2014-11-11,0.0006966942090356198,0.007994092340462666,-0.0004090486075521982,0.005481708167090149,0.02261481240549923,-0.005200012405107812,-0.011988042546346556,0.037820774125843615,0.004453314697962174
2014-11-12,-0.0007011166816754955,0.01412929305065913,-0.0018417939131580852,-0.005416238340764767,-0.0016025494076099545,0.0014743763069271498,-0.006572356868283835,-0.00788593100955548,0.00032643380416064183
2014-11-13,0.0005298447465655887,0.014112630055675535,0.017015043791527518,-0.003242133966921301,0.015954597374066237,-0.006290109387042553,-0.005088950314501739,0.010437622808061375,0.004558584028695689
2014-11-14,0.00024027020881067784,0.012054661975073655,-0.0006046228595825154,-0.0022465239968040285,0.03583167190663206,0.008484804498707144,0.012276182135809277,0.02773134756903417,0.009315872937400327
2014-11-17,0.0007353590216279127,-0.0016639822773794055,-0.002420135922536093,-0.0154001444554831,-0.014550703691873168,-0.008546997156297587,-0.004547755179263535,-0.018169177508961187,-0.008642179488024593
2014-11-18,0.005133983312177293,0.012983531248782931,-0.008342160258795861,-0.0038964473770563,0.00581952402308672,0.001347097273182607,0.023857979441480603,0.014646888155828597,0.0016101051886294737
2014-11-19,-0.0015011590075549863,-0.006928263470269869,-0.010668494467383605,0.0049401007842071465,0.004954891759594071,-0.013586366979674969,-0.003734391237710244,-0.03864956610594905,-0.010279228521334338
2014-11-20,0.0019670962134916703,0.01430178448929853,0.009954270770949458,-0.006286561786282063,0.012249694803184497,0.0036821311849524196,0.016492180035395876,0.0039153999224634806,0.005718674658562017
2014-11-21,0.0052368773596394025,0.0013757196212695888,-0.01478483602234415,0.003917226195566226,0.006322975385312901,0.0020380079088058167,0.005407589725378026,-0.023843083752586147,-0.0030467701627212573
2014-11-24,0.0028640233144536786,0.018545665651770182,-0.008128043733876544,0.0029127178170573753,0.009049054003717583,0.0035255358042096674,0.006357204491656887,0.01622868668699251,0.004485935437232413
2014-11-25,-0.0011500296768531815,-0.008682660787328489,-0.00252158245560552,0.003196396238635879,-0.0017875569081948761,0.021888757681223447,-0.00048616798962775043,0.005552856854110999,0.007086237948069618
2014-11-26,0.0028059818899186517,0.011904953514165317,0.005898377920194875,-0.0027310786851658664,-0.004387630334629633,0.02631239457345691,0.017015582573195465,0.001410849076513232,0.011886737580783402
2014-11-28,-0.002542427180532325,-0.0005885157726203127,0.0012565199747573974,0.002464716137239309,0.015199208356219573,0.0010305123634286595,0.002389076431566828,-0.015778579595025488,0.0008556206205450057
2014-12-01,-0.006829362527492333,-0.03245571867427843,0.016942105751940995,-0.017174147950428376,-0.03732577362974365,-0.033462014770949566,-0.018597276256295148,-0.052674556984286025,-0.022959279830958912
2014-12-02,0.006384461097458161,-0.0038239588247024336,-0.003291068765899796,-0.0019642413691567384,0.000950983010086448,0.004793525551363809,0.00145729699770758,-0.0009065752022039408,0.0003645748453096065
2014-12-03,0.0037647427417917267,0.011340883464579177,-0.007841244570361172,-0.0030078229355342545,-0.030063463720746086,-0.007686092866679206,0.025716030176650806,-0.009203659508237316,-0.006539407358953309
2014-12-04,-0.0011618962070774064,-0.003795443819869071,0.01580717447127955,0.010447551725238036,0.0013586469334925244,0.004807711529517089,-0.008987798697843163,-0.004448310436831915,0.005699318668088926
2014-12-05,0.0016652165347093018,-0.0042427292269080485,-0.008599796009901017,-0.026724301361845115,-0.013567674073467817,0.014885678973097116,0.005728373327648528,-0.020019327069320858,-0.00294616572702322
2014-12-08,-0.007256565211683386,-0.022608714648423178,-0.014869506777547836,0.005018302029861532,-0.019160058901277366,0.0020952345527722738,-0.012814897923022706,-0.04179515862877048,-0.009149310789983267
2014-12-09,-0.00023782354133117245,0.015302560783277519,-0.002306283602087622,0.010136805807199556,0.019110372128923636,0.004182108724594347,-0.00336521105370835,0.01180258727981931,0.006723920005198947
2014-12-10,-0.01635096881921505,-0.019015167215876816,-0.014498934862545831,-0.015052873953235624,-0.021312011718749968,-0.008589326629280247,-0.022190283861912907,-0.03250497470272151,-0.014741166383238746
2014-12-11,0.0045356892119050585,-0.002947975634761235,0.005757388505719163,0.007707838983467052,0.004969932940954047,0.020346563801058926,-0.0004928068157455945,-0.004574923550736187,0.00972568206309199
2014-12-12,-0.016213587335965784,-0.016932204201124734,-0.004664203662082644,-0.019920747230498526,-0.000130131119048138,0.0012864163675299078,-0.031096036880100097,-0.00900034721817966,-0.005926500174614269
2014-12-15,-0.006342586611898127,-0.013669883735617838,-0.005963895243231043,-0.010872311143511282,-0.004067421533662907,-0.010792764056602233,-0.003056532501487408,-0.014299516894858533,-0.009879686503977636
2014-12-16,-0.008489022887163578,-0.01367451630432881,-0.032354801076524886,-0.03427405663580596,-0.0359721573342312,-0.02987385890527494,-0.011242048229182067,-0.03053325883044966,-0.02944622013710163
2014-12-17,0.020352415732846962,0.024918227432512152,0.0128431027521414,0.01664117869027315,0.012946518090076076,0.019011926982574145,0.04082698380921901,0.04049336122183522,0.019260589514503046
2014-12-18,0.02401520473971619,0.029612969782630838,0.038915661168089866,0.01613200476711185,-0.003847690351960975,0.030087942543089108,0.003972280677412066,0.06044123309512317,0.029462156036771825
2014-12-19,0.004570048934014581,-0.007722781200213191,0.00294613273314015,0.010532056610037532,0.007288450902766641,0.018877451708024795,0.009891563793338554,0.004719127929382783,0.009292315453282463
2014-12-22,0.003810463907886641,0.010377592810714598,0.006713875138886438,0.02357502760326957,0.02214069898508564,0.019654751000900417,0.01762957088065753,0.015094182569247883,0.016239627349952546
2014-12-23,0.0017463617463617798,-0.0035420750631653952,0.009795993606005915,0.012154844197462822,-0.0008155418241605483,-0.010313177459938871,-0.006256246474451221,-0.007322599227755133,-0.0015934326613331606
2014-12-24,-0.00013929653841071588,-0.004709204212604456,-0.006398254486771449,-0.00341525063220105,-0.010643514862019088,0.0019847673250275033,-0.003874115717780735,0.005837926805094318,-0.0019314416758080544
2014-12-26,0.003309574570383944,0.01767707162364407,-0.005400869784441209,0.008548679565550499,0.019998050039216286,0.00012383787939374002,0.0009719636370397744,0.025015736527408627,0.0055518447707436636
2014-12-29,0.0008617745425745227,-0.0007020103717296777,-0.008980732902215127,-0.007774436575536892,0.009544148063913793,-0.009408232764338775,-0.0014567710387330957,-0.009261717422552551,-0.006569319884050628
2014-12-30,-0.0048886047197381766,-0.012202760602489926,-0.009062305634085055,-0.00377817133133429,-0.0055762012478940415,-0.009997486598389171,-0.009240925089229135,-0.01541797479470497,-0.009328272221515999
2014-12-31,-0.010310858415930158,-0.01901870658481364,-0.01212254844169669,-0.008630858114487716,0.00016110733664120858,-0.015147716960572821,-0.015709408231704303,0.0008099773138119382,-0.011809329310251138
2015-01-02,-0.0003399636723855348,-0.009512375308839083,0.006673840564449307,-0.0020917587138699067,-0.005896586611082388,0.005511344327226331,0.003990172490592858,-0.013938176640412192,0.0005429135615566683
2015-01-05,-0.018278105145113743,-0.028171879208896078,-0.009195650450268045,-0.019054022021726902,-0.020517290123177045,-0.016061200847743762,-0.01689058894641371,-0.04204102817052724,-0.018810684385811904
2015-01-06,-0.008893471722946522,9.4498013112565e-05,-0.0146775706935669,-0.024679284430594195,-0.022833334564125174,-0.013473279884417044,-0.030318341265376025,0.005664237314159992,-0.01295340428768843
2015-01-07,0.01162984267174294,0.014021791433685982,0.01270564055957335,-0.002941102664073103,0.010599740338593344,0.0,-0.002605491232306467,-0.0015619306272327549,0.004592495603437774
2015-01-08,0.017888280629516196,0.03842256961559065,0.029417962752236626,0.003484166099114061,0.0068360190164749035,0.026658022830292616,0.03761752597421775,-0.0015643062581811584,0.02211751346497315
2015-01-09,-0.008403811034715436,0.0010724330196489884,-0.00840489940702216,-0.012211343834304556,-0.011748610100441481,-0.00562810369755784,0.004028534876916012,-0.018801629106854012,-0.007572297706845865
2015-01-12,-0.008093685160912578,-0.024640840989157753,-0.01250303138498654,-0.007309359917435865,-0.018590241168821242,-0.013120530188979962,-0.01253757685410295,-0.021532914950603166,-0.01471716338582807
2015-01-13,-0.0025785552362955766,0.008878926288279576,-0.00514992250098012,0.009536062319119631,0.0114272047823194,-0.003519429655082118,-0.0015236721735679692,0.010088497728839352,0.0014415345418354875
2015-01-14,-0.005813067327385291,-0.003810660341429517,-0.008628181816079605,0.008230303680700102,-0.00498748937494764,-0.0022236036557269356,0.004068947079556073,-0.05659733676235856,-0.006404248031745108
2015-01-15,-0.009247875921837956,-0.027140314454887293,-0.010443852556803912,-0.0037950762097583857,-0.02155010661563239,-0.029234428314464656,-0.007092336016390477,-0.004255528597720826,-0.019512022574439847
2015-01-16,0.013424199395820402,-0.00777007016428688,0.016710344887870487,0.01279739023927795,0.01320786597364454,0.015259971218320123,0.01836746099758879,0.006254228739435819,0.011584008435378657
2015-01-20,0.0015499523698385698,0.025757093757434957,0.0032442679511845984,-0.0010186052534808532,-0.004471320197683593,0.014099488054363674,0.0030060614658711238,-0.00590461088227523,0.008491920245998097
2015-01-21,0.004731623968765364,0.007634517477271396,-0.010131742892412254,0.020492679985935736,0.0269831443733215,0.006558291161143259,0.013986284691354767,0.024175518017267583,0.00781583571274913
2015-01-22,0.015269721916580492,0.026015412357892176,0.02635047048887773,0.032494778484247755,0.043969695198313286,0.011858149546886798,0.01724103543123201,0.02569055090301542,0.02271303831389515
2015-01-23,-0.005491522439307173,0.005160022546968568,0.0010605584565319681,0.008654455651017079,0.006670557333399607,0.002318053831283917,0.002905556716334745,-0.0016366947705445112,0.003345549541512005
2015-01-26,0.002568460857030219,0.00106223902837832,-0.0036030253066704487,-0.00965039356238806,-0.008739099022464725,-0.004240035585960089,-0.004345468493329396,0.02613147671721605,-0.0024819300999538996
2015-01-27,-0.013387862410411011,-0.03501311651120964,-0.09253348883556622,-0.028935012817552064,-0.009397415550576715,-0.022193495321489287,-0.048011665153149696,-0.0027596300325537504,-0.036651768859606415
2015-01-28,-0.013495609366348305,0.056533054797355264,-0.034458249653939066,-0.016807751968148765,-0.009258304692531638,0.006070233136296954,-0.016301865199767285,-0.03209052877530916,-0.0023812805687075667
2015-01-29,0.009534685287099887,0.03113303037533699,0.019907166619023142,0.001561198797993768,0.02589578261385017,0.023084963374357947,0.024339919267206023,0.02924214605280495,0.021363662028961672
2015-01-30,-0.012991965252009852,-0.01463417034382386,-0.038323855392888406,0.047386149441192904,0.13711590504758542,-0.026794768534046387,-0.029322629673521727,-0.007797333058199185,-0.0031451991638322685
2015-02-02,0.01296246371066978,0.012547201997894275,0.021782337607657798,-0.00995246525104454,0.02803710563321249,-0.012119673789769414,0.02187516535390488,0.0360511389604945,0.004598348507629968
2015-02-03,0.014439495293299576,0.00016861999941975014,0.007751531153288527,0.0020668690376695054,-0.0025241873816378435,0.005467471304502425,0.024974173030567037,0.0351758385028933,0.006146645432299813
2015-02-04,-0.0041560462088314765,0.007669502509838999,0.005769332983286413,-0.013500784838903157,0.0033007545975995978,0.0030503107323982537,0.002486541475378301,0.0008701251992371262,0.0017896968644894873
2015-02-05,0.010291406686777416,0.007137412295318057,0.014579313135324679,0.007089764945833021,0.02505830029005307,-0.00026430540306621175,0.016368853817374518,0.011164535201252157,0.007636730709275286
2015-02-06,-0.0034181723141418763,-0.008420885361895336,-0.0009420912215365451,0.007643955692155702,0.0010431267192869687,-0.015077614551199159,-0.004392186584828539,-0.016426056915829212,-0.0071374873279282935
2015-02-09,-0.004247194360987749,0.006642540882856096,-0.0011792247892514762,-0.008616079583426028,-0.009939126696499656,-0.00040273675447566326,-0.00098024586326928,0.0005520394593698796,-0.0015418126322040981
2015-02-10,0.010675561019232394,0.019211659608449727,0.005665822751173,0.02055615361649643,0.00658461471310301,0.01007536284371846,0.027968410731185944,-0.005471765552931385,0.010472357787718378
2015-02-11,-2.903358867545336e-05,0.023438459663249978,-0.0051640432270126935,-0.003998797978464919,0.005737284350710414,0.01755552519969017,-0.00668241058353547,-0.016135698387415576,0.007672764766064821
2015-02-12,0.009644506431775834,0.012652106395782292,0.016753133386553376,0.014888545451079649,0.005411289527123664,-0.0036596217651727603,0.07160003229966261,-0.04661658846022321,0.0027643614645531667
2015-02-13,0.004074738491730789,0.0049029284544486185,0.01810149600802613,0.009432033035435605,0.012355161199459674,-0.006428037857883262,0.0004486699020356255,0.004386864226918918,0.004311115133039722
2015-02-17,0.0015975744623728527,0.005901878886388712,0.00045900592431258325,-0.011158267685806189,-0.01676137056164162,-0.00184836289088941,0.0031374994085178187,0.0028462803614237586,-0.0026788003374019764
2015-02-18,-0.0003143092177338991,0.006962491842008367,-0.0011471918835156414,-0.004330180758019164,-0.005486974164552572,0.014682486333726263,-0.011617612048140602,0.0005383231478952588,0.005168409679523478
2015-02-19,-0.0010620573331896477,-0.002097707022738038,-0.0006893909598694181,0.007002716062595393,0.015078868098447495,0.035327776738153904,0.0027129147950035737,0.035459277020091884,0.017626795202613232
2015-02-20,0.006126533626735764,0.008174223491800747,0.008275951513169177,-0.00850961116382487,0.012295503549077491,0.006043809572781944,0.007213410261742714,0.025506564298148016,0.0067405425452533585
2015-02-23,-0.0003033391953459752,0.027027329290289837,0.0066119842707887955,-0.012550695028872405,-0.009174820930662464,-0.013266673628933745,-0.008057371384045275,-0.04500019733692018,-0.0057686536056758
2015-02-24,0.002758770892866691,-0.006240737944999908,-0.0013592188339308642,0.006822347369667359,-0.004077413046397083,-0.004946642297608439,0.010645550428492134,-0.015578320500655551,-0.0035455144770653035
2015-02-25,-0.0007657236475081541,-0.025573137406765367,-0.0022675426732297055,0.01611447736586369,0.01790849120006932,0.014149090223420702,-0.0076202344697766655,-0.001714777553045277,0.004911702912770766
2015-02-26,-0.001476028227480719,0.012656324276155928,0.0015911191735253905,0.021851558849141917,-0.0014790774682414964,0.010683801298605466,0.0027102385099297965,0.016833573717678796,0.010009372593943855
2015-02-27,-0.0029563045487578377,-0.015028406066794675,-0.004766781253431995,0.005971764073735564,-0.012058230442414719,-0.01790810129028142,-0.006306202477495582,-0.0185820116516362,-0.01140357458900787
2015-03-02,0.006124919257840311,0.0049043123725764914,0.0006844615198504655,0.022021536213289172,0.014467673309541018,0.009876996361935397,0.02447913815738123,-0.02955644716492234,0.0070148588493201824
2015-03-03,-0.0045385421527393,0.002091628282197444,-0.013673600231912886,0.006556405743275873,-0.0027226923140075687,-0.0018807490191978804,-0.018584411758040043,0.011300918070464405,-0.001600622252953543
2015-03-04,-0.00438850348301556,-0.006339230935818008,-0.005083267806527347,-0.0007948262036885367,-0.004914047560482082,0.016331599290104082,0.011271212033484801,0.014431779204036044,0.004837079003606748
2015-03-05,0.0011960799848387271,-0.016570415984158093,0.0011611486441249763,0.005360262250903691,0.013351839346541716,0.003831951323287175,0.01917106842293448,-0.008940979178158281,0.0008472697731787271
2015-03-06,-0.014173946589881803,0.0015031193862673486,-0.01739702912509289,-0.014670716318234689,-0.019957250762314804,-0.01477653192981665,-0.0135609177819771,-0.03364400833280279,-0.014720008225940773
2015-03-09,0.0039444211911976446,0.00426512726403816,0.011567149020361711,0.002094552614463119,-0.004025359322132216,-0.0071239857708333965,0.0026603020151645396,-0.015473474370690798,-0.0011722030911063275
2015-03-10,-0.01696133008584244,-0.02068578802222021,-0.019135936517649776,-0.024821367377379167,-0.02390635046947598,-0.02379160782195411,0.017249366483921502,-0.0029337926038629503,-0.02127360988411353
2015-03-11,-0.0019176795748703235,-0.01823139694845055,-0.0011899200391883857,-0.007430635974374433,-0.008497717902359425,0.0002577616548060657,-0.005217474003268996,0.017969786081706296,-0.003326641972163147
2015-03-12,0.012601439566208406,0.01807913929718774,-0.02286785058749663,0.009861621006328924,0.021480981698574597,0.017532775983279514,-0.009178278665033512,-0.013781390917263936,0.007510246426627232
2015-03-13,-0.006074710968194674,-0.006910506346738954,0.008775973133942072,-0.014558827233570937,-0.009779850663734324,-0.011149151226283127,0.0013234376940813863,-0.012508496633278132,-0.007470468658070217
2015-03-16,0.013533671171787054,0.01100412492601377,0.004349759135115816,0.015623871313327209,0.007474781080550219,0.0002561103816074439,0.011894215647898276,0.037205883869277256,0.007605271586322182
2015-03-17,-0.003320173700583018,0.01672676035433862,0.0033688377333731534,-0.0071753200013267016,-0.0038301257588269078,0.016523739453761177,0.01219014957146869,-0.00495657224609003,0.007640963711052828
2015-03-18,0.012158421402569175,0.011256211983537767,0.019184287025728164,0.015333306790263679,0.00865773780829282,0.01953126398038796,-0.016344676563204374,0.030709164308927006,0.0173628470982079
2015-03-19,-0.004872579408787825,-0.007550313073801274,-0.004940708471901423,-0.00439820286238346,-0.005064739217841674,0.022741141891032823,0.015303858634139855,-0.025210528438961433,0.004286965150357203
2015-03-20,0.00901275466979845,-0.012548858715915046,0.013951189348252235,0.0022708603136409877,0.014065954686622861,0.012689066252260073,0.010766923081349633,0.012420115455768377,0.008149705095493287
2015-03-23,-0.0017457310425351702,0.01040497382539285,-0.00046690551183303786,0.0007434537318182777,-0.00893015522852103,0.0075177679956777155,-0.03238178376403722,0.007825204316233458,0.004007686642788055
2015-03-24,-0.006139421956948832,-0.004087440534928266,0.0009335228457494349,0.021525797905677102,-0.002719233981241631,0.010422775395354744,-0.013650163566615192,0.010469325694766773,0.007047990156571204
2015-03-25,-0.014558905652342857,-0.026127123962700116,-0.03356638093316089,-0.018249938814165367,-0.008366963084348256,-0.028015497187949268,-0.060714497176069915,-0.036783689389238594,-0.026309202795972153
2015-03-26,-0.002377499996742527,0.006970298438128575,-0.0060297945558652755,-0.005925990758142485,-0.009731508909358144,0.0010853647122603949,-0.0033276467169375268,-0.020020535165919506,-0.0026375574539205804
2015-03-27,0.0023685613495147972,-0.007968372347117891,-0.005824106056116718,-0.01080469199394074,0.008738237108327551,0.0034937411818407593,0.019552289157706904,-0.028412417028683246,-0.0030768921573927077
2015-03-30,0.012236645187396533,0.025314354781166504,-0.00024390325755374587,0.006438880546210557,0.010875428556369249,-0.0012005820814138257,0.004209869183306125,0.030108169094502424,0.006550364829963851
2015-03-31,-0.008795775050879251,-0.015351701086424363,-0.007324188718243696,-0.011476613996384555,-0.006647282408785982,-0.01177888751773215,-0.025151709400231814,-0.009445338842494988,-0.010886480850579083
2015-04-01,-0.003965371271123064,-0.0014465262570376725,0.001475667467368158,-0.009392430424408849,-0.004944856555692212,-0.00668947187539648,0.0038226409963881824,-0.0062510704017435526,-0.004727179303666951
2015-04-02,0.0035296669586522,0.0086116537110561,-0.010559634371557047,-0.014886534084371683,0.005374533903473866,-0.0013467352666992616,0.0023794931128491292,0.018177920738268627,-0.0015748461062160546
2015-04-06,0.0066088151237357895,0.01619841698267699,0.031273152077541555,0.00487713083104091,0.012867699427462354,0.010789728947567134,0.028964921993521964,0.06335084074758979,0.017802275885164143
2015-04-07,-0.0020619040578628844,-0.010521897105605138,-0.00048174421079660856,0.001672898285157487,-0.006975299267686141,-0.0014557648249823307,0.008767802086665055,0.0007385693434276419,-0.0024592535629338608
2015-04-08,0.002682533127767339,-0.0032540160544244356,-0.0026486808552630414,0.00730451245408914,0.018135119400701116,-0.0004858380538577123,0.007319572271833774,0.02174665976455148,0.002969499605310899
2015-04-09,0.004457481018385057,0.007643282810470442,0.001449019609522928,-0.0014940207676444883,0.006138540562031336,-0.0013370306071878169,0.023160423685198106,0.011653015949509848,0.0019697087715038197
2015-04-10,0.005202865037342352,0.004266950556731652,0.00578566036444661,0.0009488624934379519,-0.0023205063798260595,-0.0015820897167718728,0.010208600260555478,0.0038555516327911654,0.0011540816935036169
2015-04-13,-0.00458128059365126,-0.001967073002250075,0.0009587121236684926,0.00018233828260871832,-0.0007578551960234492,0.011823514759907727,-0.009226453631759668,-0.005310595640134919,0.0041296835643998
2015-04-14,0.0016297588743277025,-0.004335900846905827,-0.0026338800518768135,-0.01614904823326535,0.007192214809078612,0.006144009274227535,-0.008425972246347668,-0.011059221524362783,-0.000827951421492501
2015-04-15,0.005148195696902835,0.003800698054440721,0.014645834744320574,0.0023342920553446334,-0.00431046608425123,-0.009698474144724578,0.012075521141402312,0.0017834849910411954,-0.0007852134277648304
2015-04-16,-0.0007784436134247175,-0.004811396748902075,-0.0023664686877926666,0.004583736899209878,0.006754436369916572,-0.0048360292251865555,-0.006187030394891213,-0.005437155028403029,-0.0021494043697112275
2015-04-17,-0.011311245518606405,-0.01125476425649885,-0.012808380936109809,-0.019833711330654924,-0.027147454491968093,-0.01858831332730737,-0.012894379238021725,0.0004354513000803806,-0.01625745735239892
2015-04-20,0.009235131672624686,0.022845713464506368,0.03099525971400574,0.022130821381163734,0.03714454326424965,0.028596070900618553,-0.004954523071284855,-0.007350472676152187,0.025657083963799066
2015-04-21,-0.0014806053255762563,-0.0054075625550806805,-0.006292820555437673,-0.0029565315653866664,0.004287433338775237,0.006378761948861333,-0.0013584096783021415,0.02016856020521529,0.002012196713727432
2015-04-22,0.005087480356207541,0.013474236818929564,0.008208725066428002,0.01153023880791526,-0.0035278001987215646,0.012078484998927719,0.011332749463165426,0.04789641514821552,0.012447449001985023
2015-04-23,0.002357715893671175,0.008163284614854716,0.008141065163186578,0.01507692331364563,0.0004874552925402398,-0.026231829371608728,-0.004033824231737815,-0.0038279091473925053,-0.0061859794003723545
2015-04-24,0.002252800575326619,0.00470456103507888,0.10452257614166571,0.02906049852763437,0.1413112565602248,-0.010678347082002881,-0.00855133159789967,-0.0007776197845633659,0.03186102441958005
2015-04-27,-0.004141314249916261,0.018191588269259595,0.003342266303566266,-0.013143696505370173,-0.014693312812301018,0.0046609369177124105,0.007716864399335943,0.060065042656655576,0.005621795512971373
2015-04-28,0.0027692316953564777,-0.015755938170655237,0.02352727372459018,-0.003091219994842187,-0.02109173792187191,-0.015016500428431057,0.0049550803729283555,-0.004621129472000773,-0.006111355747642655
2015-04-29,-0.0037403355807980043,-0.014705758797751156,-0.0020342251823309843,-0.005280236951858308,0.00013977123367614475,-0.0026029253009819397,-0.0076202344697766655,0.00854744301337429,-0.003410454652930217
2015-04-30,-0.010128906614839228,-0.02713013065527492,-0.008561305744000713,-0.022480010531144012,-0.017677035330704638,-0.02112586774775793,0.0027102385099297965,-0.027532837607318394,-0.019701232814781422
2015-05-01,0.010923001659165044,0.0303635507560176,0.00041115822698056803,0.0043553168637378015,0.0025842226123322654,0.002792827876121562,0.024774733102669977,-8.840630703377261e-05,0.005977234623049776
2015-05-04,0.002940748690645867,-0.0019387194004724106,-0.008631321044672902,0.0030480801931236368,0.0004020646112508075,-0.002278827227597535,-0.006154071382485804,0.01982033262823535,-0.0009782849648956038
2015-05-05,-0.011837383677612334,-0.022533016324414512,-0.013266895878643603,-0.01772662146815096,-0.004373141299976346,-0.015860917647340766,-0.02565221649916083,0.010585201507501196,-0.013469343730427519
2015-05-06,-0.004455724813014705,-0.006279788188624735,-0.027731201510533987,-0.014658341371387662,-0.004962122471174668,0.0069624295440748885,0.0031774332934446647,-0.01081772507834955,-0.006856075296554076
2015-05-07,0.0037738134388320965,0.006185246720227466,0.009075196332162028,0.01300751332415162,0.018563585797238602,0.0042254754593644694,0.017646979131012985,0.027643952080381284,0.009728290180645027
2015-05-08,0.013457901176364917,0.018840787659057945,0.022483802157432953,0.01274822805851672,0.015952955402946722,0.0010199674209427911,-0.0738102182649597,-0.000802367109835278,0.010161486570810396
2015-05-11,-0.005089560528435566,-0.010186468498776358,-0.007957613639192451,-0.005774770246261052,-0.0019368589267426684,-0.006368667583027343,-0.009601588854922571,0.012171892568897835,-0.0052928455875198566
2015-05-12,-0.0029496376848567873,-0.0035622199439592217,-0.00042255584960826376,-0.012917251612536318,-0.004227761531053864,-0.007050387024406635,0.009694673120306696,0.021921607801995036,-0.003548101123024394
2015-05-13,-0.00030495478248648844,0.0011122111481742802,0.005913411839113314,0.0014106913521254594,-0.00962834448674832,0.012651835152826418,0.005760893917396093,-0.006374116918974937,0.004622841970498559
2015-05-14,0.010779286625573148,0.023331366121965402,0.022884827088754944,0.017998462571694462,0.012673656212196072,0.03735339042830632,0.016228881513007387,0.0037831669775971744,0.025143298407586112
2015-05-15,0.0007684139066803652,-0.0013956413606736051,-0.00862087251273802,-0.004934422066463551,-0.014527670894737499,-0.011675300641963204,0.0004698956466719917,0.019418271142708665,-0.00680267410554547
2015-05-18,0.003047948049283322,0.011027310236704446,-0.006004175236516862,0.00032935573842629573,-0.0017840426372131013,0.005720189694265798,-0.0014082116560009128,-0.0003617094762363715,0.0022677385131326666
2015-05-19,-0.0006433745436266181,-0.0009216529445696953,-0.0025154886532329224,0.004774366882246639,-0.008301120322916189,-0.003091071579073623,-0.006234906425216735,-0.006472295749399448,-0.002480980016775658
2015-05-20,-0.0009305162517933008,-7.709397066102408e-05,0.0,0.00588038919712397,0.005098293739187465,-0.000992137540862248,0.0,-0.011289082211751178,6.80750246617734e-07
2015-05-21,0.0023378744854138933,0.010226007736894305,-0.0033627826491565704,0.007782679502514656,0.01833144395456987,-0.0008691373611560138,-0.007129291142358274,0.005197378373454464,0.0035793898193694496
2015-05-22,-0.002233886303356414,0.008752511803699292,-0.010965896381925133,-0.0041126603633329095,-0.009267143800650524,0.0007456093035864697,-0.001435955094068131,0.008590523912465953,-0.0014191425403601299
2015-05-26,-0.010281980197837881,-0.022031013560939616,-0.00660960566081259,-0.013218615684308155,-0.005051086238223035,-0.015023551591424211,-0.006231931766605081,-0.0010898750183484518,-0.012102670940219884
2015-05-27,0.009162641262365545,0.018670226574781568,0.021892999568982274,0.012902216355157092,0.013984473491185367,0.015378787109060266,0.053545628921461974,-0.00012128073379813475,0.015493778031050676
2015-05-28,-0.0012667608976734135,-0.0019693668126984365,-0.0033607562155015813,-0.0001262664150670778,-0.01124187137514443,-0.004965995477245522,0.013735835251175388,0.016246998689338543,-0.002604452620791231
2015-05-29,-0.0063184691730722164,-0.011382437518408173,-0.012434195044004337,-0.015987540879755513,0.006235760391197553,-0.011977334855274191,-0.00045155345401681757,-0.0025849904207780883,-0.009941233894806722
2015-06-01,0.002059461282371222,0.001995578860017666,0.007895773495316893,0.0071333900623618,0.003937253149593589,0.013890464112148893,0.011297163800193966,-0.005382784466743784,0.0077754002236603
2015-06-02,-0.0010085961899480855,-0.004443257512808718,-0.006563424856408151,0.008630500121969975,0.00016244244026974997,0.0018682908938769671,-0.019660891524423185,-0.004409611340134401,-0.0004354958864337677
2015-06-03,0.0021188711112078984,0.0012311333315164763,-0.0014918947429517493,0.002419082629061986,0.012993373070833591,0.02486336026158642,-0.010938543857287653,0.0025769365731915794,0.01087493813902074
2015-06-04,-0.008623167576889856,-0.005840364719784441,-0.010458960787738558,-0.006483139796929938,-0.013307709211359264,-0.004730816662277815,0.01797242759038853,-0.01232978096437809,-0.007547605373343758
2015-06-05,-0.0014361829335245435,-0.005488804715942708,-0.004745708193363951,-0.00391529495115206,-0.008890835879903691,0.0010967794931517894,0.007695899682806928,0.013093670696398219,-0.001569322091936498
2015-06-08,-0.006474509789282434,-0.006607142833451429,-0.00888580000660899,-0.01100928627415454,-0.008080600144492966,-0.01789624560607661,-0.022911375401734158,0.028698768522178453,-0.009321325182658158
2015-06-09,0.00041835300422188304,-0.002973326802511722,-0.0017492674286173626,-0.0024288640101183256,0.00467536880062136,0.0,0.005057737682982566,-0.00113150446221999,-0.0006417282287353165
2015-06-10,0.012042424827124476,0.011458198752509752,0.02102963375830913,0.019256401998264838,0.012433000950446749,0.01847034017414373,-0.017840879808898702,-0.020703187995237737,0.014293924528862023
2015-06-11,0.0017386264178671507,-0.002250475559137488,-0.0036471889926877887,-0.004632771966568638,0.0051071621147611435,-0.00401657682337353,0.010712579678116674,0.0028321502750325855,-0.0023232155711291336
2015-06-12,-0.0069942998817651425,-0.011042619545862054,-0.010120784429825225,-0.004672420776246189,-0.007044374874504933,-0.0036660736032756436,-0.027188769000567437,-0.0028638677326909834,-0.006303348924452168
2015-06-15,-0.004622572493653387,-0.001965798475356939,-0.010659079974589591,-0.008164851764048908,-0.014537588192468642,-0.01005750400204275,-0.00189492516848222,-0.0012366685227346297,-0.008603734903921856
2015-06-16,0.0056898566086796,0.005357708035977016,0.007695754070728977,0.0034440331178360317,0.008473603388360784,0.004336310599755144,0.01233917030781062,0.010943373157369374,0.005926476140353687
2015-06-17,0.0019796413026920145,-0.002350968394185804,0.0030546580819450497,0.003174909320027508,0.0012871901942481667,0.009005834407158853,0.011720993586449735,0.028800573289696096,0.0064555301589552805
2015-06-18,0.009902710578908236,0.004555742074580094,0.016315356542606407,0.017526618620104184,0.02706811420855093,0.013693397381455252,0.016681871259461856,0.005683373161624372,0.014142580614526112
2015-06-19,-0.0053035017498218595,-0.010008998622311194,-0.01327107930540894,0.002409244992508608,-0.010173162897968435,-0.004824455983725384,-0.003190249587803562,0.0023674530537807215,-0.006107914437681106
2015-06-22,0.006094866554531064,0.007977600377928828,0.0028201635528535274,0.003874352641185297,0.0031500284137579992,0.0270269616501444,-0.004115166551061367,-0.010361630404811084,0.01170064668579407
2015-06-23,0.0006358685039113965,-0.00454481009678398,-0.006921964096112121,0.00662870267789617,0.022232858191701288,0.03705457420553415,-0.025712078594030463,0.030332307745169373,0.01768795853423666
2015-06-24,-0.00735329696164333,0.008501690502644266,-0.005880882117920039,-0.008555291143538257,-0.011547330678381318,0.01115169741387012,-0.009895835872378966,-0.009339929636816735,0.0013968915302673413
2015-06-25,-0.0029735743006855664,-0.004761492696017999,0.00021898093533434526,-0.001110004911197504,-0.0016786433370519216,-0.009903247303099993,0.007615192402040449,0.013651601690611415,-0.0036755467745678283
2015-06-26,-0.0003900796440671206,-0.005882131663792034,-0.00854311676793118,-0.008764202675783817,-0.004544352553277231,0.00034089339547183073,-0.020311468894529283,-0.006324607704336294,-0.004212810622975849
2015-06-29,-0.02086619391956246,-0.017514948883030956,-0.01966432518180361,-0.021353893713279115,-0.018808520575811172,-0.025110754779254507,-0.029894137732341952,-0.018982328906347767,-0.021623232123669567
2015-06-30,0.0026584898861461426,0.007226984084886645,-0.004958553417744094,-0.0022355550619510556,0.009840420953164841,-0.00034964428078398946,-0.0004971943073669438,0.02381499635902573,0.0025157911540700795
2015-07-01,0.006936040108400654,0.00932822631976249,0.006795231869408891,0.0060365495997718455,0.007602064395435759,0.01329139833776738,0.014420663295519276,0.003317596250232091,0.009375276235442875
2015-07-02,-0.0003080227407983305,-0.0012636728240101869,-0.0011247129726545957,0.007436057792848061,0.0007316467345479527,0.004372322005767204,0.0009808007069347369,0.04038639915454456,0.00562704361777433
2015-07-06,-0.003861756863082544,-0.003480138419888479,-0.00022539437315993727,-0.003142476649145798,-0.0038153073323394793,0.0029785840073695002,-0.012243201431204054,-0.001071274437522196,-0.00019650233321755195
2015-07-07,0.00608097510857486,-0.002460406161405415,-0.0020275176152009244,0.008082504295808146,0.0015595081486619033,-0.0037692968331120014,-0.01883995604909816,-0.04232804124569667,-0.004605436512826078
2015-07-08,-0.016652749054007043,-0.024822678422040112,-0.0013540266376789178,-0.015144686360417658,-0.016074364583272382,-0.01800035134486222,-0.00707417868772986,-0.04823057784907436,-0.017854677566240484
2015-07-09,0.0022622025726091177,-0.020396708971122113,0.006328786100636252,0.005445906844815163,0.0109145436816116,0.002685270536906259,-0.012213564401671317,0.011609720385955313,0.0022371421572766614
2015-07-10,0.012338485100151564,0.026734382548532887,0.0020217951216596752,0.021041020607166283,0.020995017858972842,0.024103338226891813,0.01751674211589882,0.004768851945843755,0.018272175853573547
2015-07-13,0.011066049239604414,0.019305792547704703,0.02084709486375469,0.028087959911127225,0.027192113362501047,0.024445691215408516,0.00658205772890752,0.011614881028806812,0.022865992138708657
2015-07-14,0.004453159211633695,-0.0003981149373172288,0.0017567590712583847,0.02177589954273107,0.021950523902293684,-0.004661491680745811,0.0005033206151698888,0.013312443878506386,0.004384902795550705
2015-07-15,-0.000734986066058041,0.009632959924188,0.0030689128431071744,-0.00037648691290459446,-0.00940781692992454,0.0008920166775703287,-0.007038795382330321,-0.009448430502932648,0.00031029563096462986
2015-07-16,0.008014680412562258,0.013326234334783749,0.01966748447198685,0.03051587082858709,0.030985079263800452,0.012143569049968495,0.022278467720805217,0.013452917723576485,0.017981389432749184
2015-07-17,0.001106182994042637,0.008637271136852753,-0.0008573428039586606,0.16258430646768507,0.01583659347889599,0.04534947898306463,-0.00594363274701748,0.029923479333326286,0.043540573082330836
2015-07-20,0.00077123387202227,0.01890132388472332,0.006435304966646571,-0.009691074557555579,0.01053813998417441,0.030957173018290263,-0.018435270228843503,0.027670547578698246,0.017169593387568183
2015-07-21,-0.0042616893616069795,-0.009994644433829802,0.007672856456715671,0.003622801540793974,-0.0002049198104703276,0.004902454645689058,0.0045681482386763506,-0.054878507378390284,-0.0016988712264762729
2015-07-22,-0.0023877098952062026,-0.0422942877194008,-0.036802264766226056,-0.00035960250831312823,0.0005532874522176101,-0.013720824269963128,-0.01920134215240976,0.004123425201304931,-0.016394091633529118
2015-07-23,-0.005676040278268291,-0.0004791848990579606,0.012516388273654977,-0.029305161594207818,-0.01247263120517228,-0.01648810114277821,0.012364579995749025,-0.0025011922264167596,-0.010223737193517435
2015-07-24,-0.01070332804283558,-0.0052734927145478006,-0.003686642991211575,-0.029582132609136003,0.09797177370770194,0.015821451319313562,-0.011704916573859525,-0.0066990980175530845,0.010274656613692423
2015-07-27,-0.005775015185050969,-0.013895501801355126,-0.01284308399001488,0.005345510613470106,0.003758783055256787,-0.028674603646536623,-0.005664182467338685,-0.046720231391331746,-0.017488215233335325
2015-07-28,0.012386154626733425,0.004968876140468925,-0.00022077000730624796,0.0021115708574745984,-0.010123976048688199,0.011893531038502436,0.021750585110433374,0.04667806507496031,0.007760571063563981
2015-07-29,0.007318795346650031,-0.0031612558672204916,0.020953581311890845,0.0026829873286231543,0.005646082569271016,0.01784017952317063,0.012163976841886415,-0.003776200204621105,0.010892813667459977
2015-07-30,2.836730636679441e-05,-0.005041173294209056,0.012745402668476125,0.004732460413683581,0.014669133071491647,-0.018352430876538928,0.0025040896657244627,0.011257673505236987,-0.0027112798793718085
2015-07-31,-0.002271519985995063,-0.008743572979051706,-0.003839560567853062,-0.01062368856908491,-0.0011363926292679016,-0.012603740817171416,-0.0034966366333079035,-0.0023988239767867015,-0.008364423114959885
2015-08-03,-0.002756886733696673,-0.02357800350680639,0.0023557198273951307,0.010980900465384025,-0.0020890296168917244,0.0013828348187274742,0.017042605154831802,-0.023144884928617437,-0.0021565980683528885
2015-08-04,-0.002249704779339723,-0.0320837971243898,0.015594900483169027,-0.005175005896841722,-0.0058501342912083976,-0.0008497562322455909,0.00394265015428763,0.02419330078904558,-0.0008520454831814073
2015-08-05,0.0031146787487494887,0.006629293822984383,0.0008411942901120906,0.018161725191382372,0.00960709908079349,0.025302992810959823,0.010309432297757049,0.014458436896063187,0.015481113880079667
2015-08-06,-0.00775298528243118,0.0021761321067341743,-0.020176881126295565,-0.004663701750368565,-0.014059348338240185,-0.013687346853524462,-0.006316780425682067,-0.08884613070827718,-0.017479592645986308
2015-08-07,-0.0028748824444340126,0.003387574720975506,0.002574329936938069,-0.008594939120470824,-0.01291878742396324,-0.008620567209902563,0.12371674639258146,-0.014707655017798138,-0.00603057520005712
2015-08-10,0.012808166466444781,0.036357518924448495,0.012622980201075107,-0.0018815668538983976,0.002640551175642436,-0.0015906403271607195,0.0348125764802838,-0.005649254943673188,0.005253114575131335
2015-08-11,-0.00955710249815489,-0.0520381942456003,-0.019437786152044945,0.04095677085203708,0.006602993255993894,-0.0056293524381644255,-0.005046390813459922,-0.015634065274604314,-0.006131359018013649
2015-08-12,0.0009500546545004873,0.015420016519761992,0.007110369146704487,0.001694761718438853,-0.0029385884057528955,0.0060884184674401265,0.0025356807170111573,0.0033702625495031224,0.005431347815427756
2015-08-13,-0.0012752120935421996,-0.0007809335152292318,-0.0002139216515015807,-0.007172969951738439,0.00713049766745022,-0.008068846769824778,-0.008431375582695577,0.018222278547613824,-0.002356279861603694
2015-08-14,0.003911964108786803,0.007033894641131022,0.005777591943282534,0.00416601951438289,0.0035117023254125357,0.0105962307532661,0.0008500135979137013,0.0026389930841606013,0.007094579676267809
2015-08-17,0.00521142418513576,0.010348458698807406,0.0068084697036834285,0.006875891621604069,0.006961147819661395,-0.005189596449363787,-0.006371727972196539,0.04869422505161958,0.005313901026591461
2015-08-18,-0.002625530186397551,-0.005633286847320118,0.00553122779269688,-0.007751074896511279,-0.0003736866709606046,0.013201199297721011,-0.009102110371644101,0.022471468870960187,0.005891351843424264
2015-08-19,-0.008254876246131082,-0.012789398433964316,-0.01396241921542729,0.007709899942959009,-0.0039250698812168805,0.0014709994835329088,-0.003899239121274767,-0.02098032399177252,-0.004063734294684984
2015-08-20,-0.021100170073477753,-0.020520166887990743,-0.02038182436883018,-0.020978661057717063,-0.03216243916147665,-0.049837346054624976,-0.03610278460772132,-0.05120474567775368,-0.035647957254834606
2015-08-21,-0.031850965718637325,-0.061162825143789346,-0.0567238543143086,-0.052172310579616354,-0.041316075756406945,-0.04969071775198641,-0.031137101554021607,-0.047113613026361856,-0.05136010869181307
2015-08-24,-0.03941369286646568,-0.02496217869968953,-0.032272727411332025,-0.04024651918917477,-0.06289556260132323,-0.04613072726079093,-0.03539848586122574,-0.05156653613722739,-0.04285666724202786
2015-08-25,-0.01352199497897244,0.006012311657501268,-0.0290309698829867,-0.009124560226969392,0.006474291072001703,0.011085421191300515,-0.02076255619831835,0.005299957738899019,-0.00035206882362914804
2015-08-26,0.03903385877450183,0.05735504922485668,0.05534983341266053,0.07717924668164589,0.07376114566062553,0.050482042706838204,0.07544381990130189,0.021860631008791875,0.05657423205042411
2015-08-27,0.024297748621125326,0.029446310472695192,0.02786222657552062,0.01245931730505112,0.03514591824647484,0.02913186199017659,0.03759735868785463,0.08072407396744574,0.03067675878189302
2015-08-28,0.0006087363616984476,0.003276768147944642,0.0006835926398163217,-0.01238086267539018,-0.0006945446600384875,0.014264996451374135,0.004418650827197723,0.022593474526899193,0.005778708450422387
2015-08-31,-0.008391670369217175,-0.004678214170630524,-0.009333459694141122,-0.017993213359945748,-0.009883925713222386,-0.017360820582305148,-0.01099851618711345,0.00233425311787383,-0.012435393979789877
2015-09-01,-0.029576446640986798,-0.044696453653947255,-0.03906268703919824,-0.02818689416175424,-0.03187822124693118,-0.024600191417130546,-0.040925374456625696,-0.04187746789935942,-0.031888298146923844
2015-09-02,0.01829297500443139,0.04288884787741987,0.03682470386606118,0.024382124977220032,0.028215269575580182,0.03049397629697337,0.030148631744296717,0.0379667326201818,0.03232033561983161
2015-09-03,0.0011647935451044589,-0.017536094181250128,0.0032291219691960027,-0.012187698889216225,-0.011419061396937602,-0.019356913606150994,0.0027015022751235573,-0.008559158628931418,-0.012651766377598683
2015-09-04,-0.015329595723932221,-0.009966592260467255,-0.02045975190743088,-0.012699230586633803,-0.011332988484862638,0.001247822254516695,-0.023349866379141826,-0.014822516253377382,-0.008283758674419883
2015-09-08,0.02508305358648033,0.02782125269654645,0.03003975862493391,0.023721653973436174,0.03715430931582686,0.01438943216959121,0.042758714325779046,0.0257924872165749,0.023249824156461818
2015-09-09,-0.01389756050907287,-0.019232651626131858,-0.018683237282729137,-0.0007298081780869881,-0.0012559887037673079,0.01016421363394504,-0.019841227785397098,0.002981841490309778,-0.0013742545124764138
2015-09-10,0.005277955033794246,0.02196992689391508,0.005108297596324141,0.011920727475699389,0.010350361894030602,0.017027764576786897,0.015744492158481505,-0.0017275792568650639,0.012743768050857973
2015-09-11,0.004487043210972708,0.014568701852809784,0.004388705984003316,0.00648159728531339,0.013786788338058908,0.0007611330734353938,0.0031000891031216504,0.007083127758706009,0.005617800158674191
2015-09-14,-0.004089655710746709,0.009631717466843881,-0.010119249348718773,-0.004318481125079376,-0.01522362783587694,0.0028243079790808423,0.0017659428372922559,0.011788685834209334,-0.0009682915412766446
2015-09-15,0.01283131142251781,0.00841183914122201,0.021839792226137744,0.019311174835838774,0.001898788264036888,0.006391701773029723,0.011018334705251931,0.0015008533688181114,0.010084307151715155
2015-09-16,0.008705414349693852,0.001118072569434192,0.007276102596261769,0.0006766391433088437,0.009610025576882064,0.005920268941026485,0.006974472055174763,0.03423117949694654,0.007329921755753865
2015-09-17,-0.002561059320011938,-0.021390063675673754,-0.001128934966863282,0.009240763939781793,0.02176762280390343,0.009523863504651953,0.009090804843983946,-0.000686427307326376,0.004910897519984081
2015-09-18,-0.016164165744279924,-0.004125613256253713,-0.017400934402654222,-0.01600485577193056,0.002579470675457829,0.0006359863985487824,-0.0008578658448494814,-0.005532854221774852,-0.005411254978442304
2015-09-21,0.004565783605198437,0.015513368929095162,0.014489382863124067,0.009168972712412016,0.015048304717102612,0.01218226278476875,0.010304703283519734,0.013736467307306599,0.012934422211892116
2015-09-22,-0.012318429274285614,-0.01571027210382714,-0.0047606807154121356,-0.020660288444716124,-0.0182169721645149,-0.027106343701316815,-0.027198897088178575,-0.012339109416155347,-0.01924498341872216
2015-09-23,-0.002048642890328245,0.008113004293617054,-0.0006831937527909115,0.00013795168445129846,-0.004327669173923243,0.010865002796495604,0.004804994459731926,0.000459842504490382,0.004639377494430885
2015-09-24,-0.003362984329369434,0.0059481675608612505,0.0009115810307720462,0.002479612894880745,-0.004327764104300469,0.004682318289159104,0.019130626918437255,0.007890882645230857,0.0031441257762800934
2015-09-25,-0.00046579328582951884,-0.002521962266604172,0.0006834369771409055,-0.02253749661153115,-0.01779860914172282,-0.01737103707793264,0.0072527263252839536,-0.02360137483948066,-0.013972304544724645
2015-09-28,-0.02566609046896018,-0.01978900096406888,-0.014792905598373096,-0.02483793695251091,-0.03851217999928547,-0.038374441013851124,-0.013130194648255933,-0.03300761554870424,-0.030119779798715385
2015-09-29,0.001232853252514099,-0.030060250308406866,0.0034646082080269647,-0.0026271447421571947,-0.015851283863707377,-0.028472307554099796,0.017597007918111363,-0.00716505256437161,-0.016635187261370143
2015-09-30,0.019075555906861608,0.011369773579047004,0.01887648113077489,0.02531279712426282,0.03189067635729659,0.03726792134242807,0.03964535916193257,0.007095082009808129,0.026744113767318556
2015-10-01,0.001973884228037459,-0.006527812930416599,0.00790820535280834,0.005686450852134373,0.017249788712016212,0.011679611707687387,-0.019472634999161742,-0.03429950833940998,0.00541095266643099
2015-10-02,0.014315289284541954,0.007300800856794298,0.02151954571527126,0.023348837960640356,0.02269939800863896,0.012314610474259746,0.02606557929350095,0.032057758124643954,0.01748371949913774
2015-10-05,0.018289840800508328,0.003623711841289179,0.02326086753945078,0.02235968211172823,0.02091858600765306,0.021070777702794974,0.024999915935752792,-0.005735797824596434,0.01785387560447327
2015-10-06,-0.0035882361830883447,0.004784287199874893,0.0025736276442513972,-5.970121941456519e-05,-0.011403747269289832,-0.012870938193203618,0.012981836524864399,-0.01905337856419076,-0.006746885028097949
2015-10-07,0.008035633639867479,-0.004761506783916403,0.0010695843163841534,-0.0024417197814301517,0.008297967113034765,-0.004310380126259061,0.0104852618543676,-0.03934404066335062,-0.004078972357530741
2015-10-08,0.008818435459823082,-0.011554300911993942,0.01388889798329096,-0.004477697505179679,-0.016201024986076895,0.0007575072180434628,0.005765067649053268,-0.022590068231747584,-0.0025008394554226765
2015-10-09,0.000725111326717931,0.023926717701289624,-0.0071654518658591515,0.006356954360649647,0.012454003049410911,0.008327102340559334,-0.003821035696552233,-0.02659664782558413,0.0051222443374652205
2015-10-12,0.0012754772073804155,-0.004637695962639632,-0.0023346020020724723,0.007731912748866643,0.0192478968813401,0.01093948556244606,0.010740031716666376,-0.023154721971044956,0.005305822443732566
2015-10-13,-0.006825423947869114,0.0017024103307523575,-0.00234081027747135,0.00996403104831911,-0.002344673932102803,-0.0014852006437905407,0.0018972809858899264,0.017023869860745666,0.0013728392035730064
2015-10-14,-0.0047162741982138545,-0.014133586007585741,-0.004478710695978272,-0.0040399819680608795,-0.007414787487514896,-0.0005313634091819175,0.03636386609303233,-0.010809577491181055,-0.004500298790539814
2015-10-15,0.01485277361914017,0.01497132234205556,0.007069261677191019,0.018532871801987483,0.032321966796598156,0.0200916454722333,0.0025583008966334475,0.020426012486898237,0.018463557552696797
2015-10-16,0.004570474275370051,-0.007330395969888492,0.010636131239731172,0.0033190228048414205,0.014792702156608994,0.01646503914049613,0.015676439728967262,0.025755735523108614,0.011455790565009893
2015-10-19,0.00027054553471672627,0.006213846098052533,0.0023154997131080712,0.006658732606864559,0.00418737143793213,0.00953462069718869,-0.0017946253150717961,0.00480158072748571,0.006590764824611073
2015-10-20,-0.0014210903493528937,0.018258157203554726,0.00315022202414017,-0.02850220083494104,-0.021407963096705007,-0.01492845650879493,-0.001438369623157576,-0.06606755350432658,-0.0142859059827386
2015-10-21,-0.005825414995899281,-8.766753721878295e-05,-0.011932279885295993,-0.012058618753179373,-0.00911071130214225,0.001134053693524928,-0.012963620306718937,-0.013800880426347861,-0.005231935453039127
2015-10-22,0.01662757156411132,0.015295293737390248,0.017584596282463227,0.013902868142647185,0.014646331772892873,0.0263618208286589,0.036118021598422034,0.0077586303749297425,0.019504709789925467
2015-10-23,0.011030344539323389,0.030995421377511656,0.10077045557313569,0.05606774753673416,0.062279461435710504,0.025283381639297442,0.006690254606561696,-0.01242211222596079,0.04517431264315519
2015-10-26,-0.0019131006866738298,-0.03191112147348374,0.026101683182516267,0.016390214291839733,0.01599252433196474,0.01546147847599122,-0.004547229591470803,0.02950887527409196,0.013320316677488231
2015-10-27,-0.002554118539720318,-0.006332483887639739,-0.010322615735123719,0.0023251356950830804,0.00394343961200283,-0.0006745816894457857,-0.0007027164030848354,-0.022809699646425874,-0.003273742102650523
2015-10-28,0.01184003327863703,0.04120463262963403,0.005401171149310047,0.005594992485394634,0.009967059911179632,0.0048216403896457205,0.008087525136069251,0.012407945034625278,0.009707583361587169
2015-10-29,-0.0004497742019048401,0.010564439963874683,-0.011485809135818648,0.010760887649440276,0.015313558723775822,0.00652584720093663,-0.03453094647377353,-0.006245254663083899,0.004512622423850532
2015-10-30,-0.004809877003672414,-0.008545659672710704,-0.01349311597983982,-0.01001534340419774,-0.0010374052825049551,-0.027745806894073244,0.02492776368746208,-0.022208650663342766,-0.01705808575371215
2015-11-02,0.011873817006551102,0.014058760143190963,0.011398460606122152,0.014035858639841914,0.003914346242011257,0.013140939622577674,0.011631946185530762,0.03315139413174362,0.012999507841715552
2015-11-03,0.002728067346863705,0.01147064582693158,0.017092519431558983,0.0014444745918871238,-0.004838081625234136,-0.007066088089960454,-0.0069686551101547645,-0.025445558566223325,-0.0003325661360086274
2015-11-04,-0.003545367230984642,-0.004650618926153149,0.004616682745490763,0.008666862336696113,0.025011642785078614,0.013257963956711194,-0.016491171059464294,0.11173506172895453,0.015735803591748088
2015-11-05,-0.0011321483923818487,-0.00460946624048042,-0.0003675246910281871,0.007096693156200873,0.022934724903762138,0.046372961959883385,-0.011416554568516313,0.0006043683865557536,0.021418111845631804
2015-11-06,-0.0003476213457177524,0.0011576155037504865,0.009929874143129958,0.0012224851218864963,0.005673667424738182,-0.01526307431156726,0.1385786454268183,0.0025456895572166793,-0.002905921125132771
2015-11-09,-0.009822729385718598,-0.004047773029544177,-0.013838329312126474,-0.008968167046699116,-0.005884296824504642,-0.005695608352240145,-0.004437556332368531,-0.030254799225420848,-0.008875176920220995
2015-11-10,0.0015105949543003927,-0.031516785745031806,-0.012001404512546165,0.004624150967592833,0.006392144735131389,0.013334594356048779,-0.019102232775358163,-0.0391869859962497,-0.0008724801779711466
2015-11-11,-0.003228085812548187,-0.005652278077215578,0.002616117252318473,0.00921829580973288,0.02057049753208151,0.01019369268110859,-0.009737156868013241,0.011916854312549408,0.008483222476186603
2015-11-12,-0.013990375564759017,-0.003358799426466441,-0.006150605795013697,-0.011394781027664447,-0.0113627838741166,-0.009081718708540576,-0.0036057321276978804,-0.028026284636262333,-0.009642573346655525
2015-11-13,-0.011207364706699363,-0.029208575063458864,-0.009002291275868823,-0.021757262439698777,-0.03493084485460596,-0.037678097451258385,-0.019736484879955274,-0.02700290247242554,-0.02861636527250988
2015-11-16,0.014903265264943455,0.01637895493036967,0.017600119038623907,0.013985134216494721,0.008500001781597488,0.0008656380181246703,0.020133856433020902,0.03436451812394292,0.010038614127674261
2015-11-17,-0.0013393792481354305,-0.004291452790463057,-0.008238166504999866,-0.005916652155784741,-0.006961862448069844,0.010476804002957474,0.0,-0.0014463979691021756,0.0004611662867983757
2015-11-18,0.01616245179852549,0.03166494920037555,0.01661319527888727,0.01880733217489028,0.03146268285700127,0.025111621445015775,0.02459992963011759,0.033037326654939525,0.024561491560870286
2015-11-19,-0.00112310916925773,0.012703563985330568,0.0016713164800914448,-9.198081906791611e-05,-0.0034210053384148287,-0.014011173523395204,0.002900291989919923,0.0033021410176179433,-0.004311034543117098
2015-11-20,0.003810195689989637,0.0043777315419588625,0.004634423348974126,0.022448922446668185,0.010857929911606723,0.009975526602114648,0.00867602793068567,-0.008070393546729338,0.009334322938301831
2015-11-23,-0.0012348607728660532,-0.012992491418206575,0.0,-0.0003858804342109501,0.01576783357385514,-0.0034475970822709368,-0.014972666612852792,-0.010272166508136338,-0.001367496930129608
2015-11-24,0.0012219959743400288,0.009596816737159841,0.001107702035855862,-0.009102697764896694,-0.01154662347699209,-0.011313739914326937,0.008085334476335637,0.0022961761034103745,-0.005961862283246133
2015-11-25,-0.00012913227667687988,-0.007149920258361253,-0.010322837972467802,-0.00048070612695694237,0.006242996820356117,-0.0031209533870112383,-0.0012833248201652436,0.052187810783939304,-0.00023040516013039802
2015-11-27,0.0005936176807606053,-0.0018641944719646197,0.004470369174984334,0.0035227460082751794,-0.0030799329764649164,0.00037941552094955533,0.008351898383849754,0.008578708564050963,0.0013843141945080184
2015-11-30,-0.004640997274763192,0.0041595108914387335,0.0077875835043399455,-0.01181374766084975,-0.012565622304041901,-0.011474531619569128,0.010513092695946469,-0.005828773569144241,-0.006300486481698342
2015-12-01,0.01068057336863748,-0.008115229595652917,0.016007591870854432,0.027449720241143893,0.021449981965113052,0.027628732786306953,0.03247153207235787,0.03009640513952827,0.02130135184571058
2015-12-02,-0.010995693172566212,-0.009033556588289748,-0.00018127832719949666,-0.007578710532266109,-0.00449150757114003,-0.009802277559567196,-0.00763376832686713,-0.021923391675773063,-0.007722433024236697
2015-12-03,-0.014373526666262015,-0.009288034259852362,-0.018293606464760193,-0.012405983330564752,-0.014437625993189207,-0.015932839398956067,-0.0021535937498943225,0.0031036038358105422,-0.013879002367343074
2015-12-04,0.0205256690573854,0.03324683911561466,0.0315498702678243,0.01433212866425726,0.009590993455382169,0.017244677337425518,0.04070318069602896,-0.010012412396463,0.018472601480559625
2015-12-07,-0.006989502964787397,-0.006301074075145352,-0.0017888556161744784,-0.00798231266133187,-0.004177542671197743,-0.005368366221550014,-0.018963039994046027,0.003255441103328094,-0.004587779657957203
2015-12-08,-0.0064899016523778386,-0.00042261609015104007,-0.0003583343553277274,0.0027813626540322822,0.01119687056215346,0.008332642810934932,0.013590833874942199,-0.01908015011055786,0.0038876388981499144
2015-12-09,-0.007738985017979982,-0.022075696935213718,-0.01451863994893754,-0.016242297940769146,-0.018513950371146337,-0.017748125802586445,-0.025327703078055097,-0.009703589724369799,-0.01704331557525751
2015-12-10,0.0022513871531610885,0.00475704548236533,0.005274800229556398,-0.0032915153492730775,-0.0037153692502526203,0.007839349837408083,0.008254593832659696,0.011357503870956798,0.004231281340803639
2015-12-11,-0.019422767297482935,-0.025738221365408598,-0.021892724931873664,-0.012657172330271305,-0.03347328773190594,-0.03130325239660814,-0.01485737257208275,-0.044259422857554354,-0.02735583431932931
2015-12-14,0.004755560017433602,-0.006184953034524154,0.019977810387322492,0.01615084192290528,0.027743513137480136,0.024872690983069656,0.0024621459814391233,0.007188217785247586,0.01895914318093883
2015-12-15,0.010618561082731848,-0.01769179384332553,0.0010883018122749277,-0.0032128785939495863,0.001109544564889875,-0.00105105293426766,0.012281168724581182,0.011483228662796385,-0.0015667477765219928
2015-12-16,0.014514969430300617,0.007692538559928019,0.016847740203209227,0.021707814989253116,0.02600821552275545,0.021425198667480938,0.006065863408575067,0.06069926383234869,0.022048988045403117
2015-12-17,-0.015040520909943678,-0.021195949936371528,-0.007660769045612303,-0.008704550659078159,-0.007576557278937912,-0.005337557201205878,-0.015073926193068243,-0.004775935638145934,-0.008000610938628583
2015-12-18,-0.01779722000676387,-0.0270693825058127,-0.028186862327747253,-0.016860956458403797,-0.009707014879053677,-0.020523565264479404,-0.016222536660105757,-0.01255404258485504,-0.02016845766907094
2015-12-21,0.0077784025360287945,0.012260693520559363,0.012932076053740138,0.005219121920799319,0.0005570351622559144,0.0070164350371231254,0.023646744959514132,0.009112170445755297,0.007663927646980095
2015-12-22,0.008816736053143037,-0.0009317796526342459,0.009483925751876399,0.008320163107508272,-0.0020465299978816853,0.007063164177389725,0.000911492198806263,-0.011222896648004466,0.004709826731825739
2015-12-23,0.01241806830075265,0.012869557698741874,0.008491270290327257,0.0017987088390887251,0.0008293795242544366,-0.008340321494711311,0.003947835005205569,-0.001087238493853948,-0.00025897791210627297
2015-12-24,-0.001598636221499028,-0.005339883033210535,-0.0026872204690868706,-0.003474105494054691,-0.0013711528431936681,0.0037272820716067745,0.0033271466847673015,0.003787586036986701,2.961891903341396e-05
2015-12-28,-0.00217855994238203,-0.011200676569853463,0.005029452385056921,0.021414430099569115,0.018723839029316514,0.008665109939870685,-0.0009042204739234672,-0.007026053028503343,0.008317175459454429
2015-12-29,0.010629762908764828,0.017974202487569757,0.01072398665161689,0.014982600467752016,0.027799268721593773,0.012555339410704303,0.016294459156906305,0.03599040660703223,0.01633735131309022
2015-12-30,-0.007217228595965963,-0.013058737322946379,-0.004243973536047885,-0.0046097315522931614,-0.00706090278764171,-0.009695874309829988,-0.00861051853404915,0.003794452891639599,-0.007138934807060071
2015-12-31,-0.00941191309542666,-0.019194853941265633,-0.014739793844749327,-0.015551146392194348,-0.0191272416128917,-0.014686532293785248,-0.01287826920042845,0.008064193426244648,-0.014449328963396901
2016-01-04,-0.015303731089594375,0.0008547876789701814,-0.012256695460029166,-0.023868642782093996,-0.05755368113308179,-0.023313644977496217,-0.01790035838079751,-0.06916383417344563,-0.026310476459216692
2016-01-05,0.0020122259542274534,-0.025059316696072087,0.004561931211727099,0.002752189547445383,-0.005023621850138049,0.004989227318229261,0.01606437889403689,8.951501876963697e-05,0.000343115072328537
2016-01-06,-0.013115396702646942,-0.019569628451903798,-0.01816509498832075,-0.0028889894286935336,-0.001798738144714651,0.0023361806032597965,-0.041349748800911246,-0.019648196488239345,-0.00612163845891156
2016-01-07,-0.023700443014411654,-0.04220437602640437,-0.034782969683931464,-0.024139775786695017,-0.03905794191457823,-0.0490434061481948,-0.039644548639170774,-0.015476613580219345,-0.03899663281772103
2016-01-08,-0.010838374390218508,0.005287586984779047,0.0030671052317912118,-0.01361676134932266,-0.0014639090877944794,-0.006025274670225955,-0.02146674726400366,-0.021562746019443524,-0.004865335738321042
2016-01-11,0.0008532721255336551,0.016192179419014963,-0.0005734536259163203,0.0029553652507314787,0.017609692730401916,0.0018494251355087865,0.0016874692768522603,-0.014928912731952182,0.0038202387024790507
2016-01-12,0.00780279851675636,0.014513239811197343,0.009178194562625697,0.016737752574512932,0.0002428724830541018,0.01907494919907249,0.01684642986452678,0.01019968109607805,0.013619847824477116
2016-01-13,-0.02496545230421965,-0.02571025400767213,-0.021599510281695156,-0.03457484033335245,-0.05839229674292812,-0.03954916652400986,-0.030483734090442804,-0.04600657570629507,-0.036906777242649236
2016-01-14,0.016695905386662213,0.021870856418677587,0.02846685726758058,0.016426597236686602,0.019233074128955252,0.030699918208728416,-0.020163979725456804,0.029304524761110118,0.02574748108127345
2016-01-15,-0.021599098001850003,-0.024014979526235436,-0.039917206234422964,-0.028575824956069917,-0.038482254806470384,-0.034563431972471914,-0.05441250403863174,-0.005771584676250496,-0.03266060183350561
2016-01-19,0.0005318215543925753,-0.004839135034877762,-0.008433259832549167,0.012090180884001045,0.007541483276127581,0.0030536776045859693,0.008115203277554661,-0.0013171814898143008,0.0018146505354246223
2016-01-20,-0.011693855152413501,0.0013450616571921703,0.00454912779356853,-0.0007231401868519338,-0.004717374222998116,-0.00955282435060012,0.00548853210599054,-0.02940598345394596,-0.00514395544525581
2016-01-21,0.005195438361131455,-0.0050625737931485615,-0.006103618360923768,0.011286648894913709,0.0056841172765420556,-0.0020137705422739183,0.011644569480542044,0.006391513633018819,0.0003626588560741162
2016-01-22,0.020283701024494727,0.053167132933293004,0.03585562407811338,0.02585754143405783,0.03714656234086622,0.0401445509718108,0.023381429174498924,0.012901930307042342,0.03643914617115529
2016-01-25,-0.015637982053378963,-0.019522851298177324,-0.009562072974725888,-0.015882787693771383,0.00025150725251732453,-0.009495756607279748,-0.00105423509210667,-0.030461596504509303,-0.01133848845748442
2016-01-26,0.014144335590226431,0.005530900519759241,0.007337244918521613,0.0002317316796369706,0.007912428931255544,0.003401652034292768,0.009852089691570143,-0.014359893464118478,0.003473457970188054
2016-01-27,-0.010863483795639506,-0.06570615510374811,-0.01820942134842607,-0.02209075307491548,-0.02977132499837576,-0.02968973241095274,-0.011847098076508855,-0.028363311180212625,-0.029618432515035265
2016-01-28,0.005528577205787588,0.007171806325370289,0.016399659660941257,0.04281054816279006,0.08914032475443312,0.15521436292557644,-0.010930433485004665,0.00866696594809202,0.08274433273724857
2016-01-29,0.0247602174153414,0.03454106260647949,0.05820216837421888,0.017439395441956496,-0.0760997732916433,0.02841178918112619,0.044206742097647966,0.007907252180474389,0.018761470333896968
2016-02-01,-0.00044323658717015935,-0.009348615197646182,-0.006897807591685012,0.012372752580263269,-0.020766639764494776,0.025665988733897027,0.00034152825971167644,0.030020838930620908,0.009774536355214858
2016-02-02,-0.018743090830274922,-0.020221767545075875,-0.03125584939888748,0.013155914515409206,-0.039508706324449805,-0.004170443795489365,-0.04232086875006724,-0.07190002137704643,-0.015182308151610702
2016-02-03,0.004992038934619414,0.019792732159178428,-0.01584888241704374,-0.04037594857002158,-0.03809093779645778,-0.016752574643892792,0.004989244510337665,-0.05088083130264043,-0.020912567681810046
2016-02-04,0.0015267325638141926,0.00803487392006752,-0.0030674424671127687,-0.02582164581546642,0.009772742242836863,-0.019522541034556862,0.0003543825905782949,0.010664105137480506,-0.01068544638960911
2016-02-05,-0.018481246310869337,-0.02670829677329223,-0.03538471251771269,-0.03598466353730323,-0.06364446787796663,-0.05810476930629527,-0.06309803072058218,-0.07260598006471042,-0.04938390963852013
2016-02-08,-0.014153935656373462,0.010529803060958631,-0.014952305910051589,0.0005683791686141859,-0.02794096833428339,-0.04151053677603922,-0.045781452636102116,-0.08985239514773324,-0.026685596752171747
2016-02-09,-0.0006636203533073592,-0.0002105004384466147,-0.0026306476835717962,-0.004459247388135634,-0.012354038596669725,-0.0021051495860577862,0.010705709728002333,0.0017568447590106118,-0.0032528842509240707
2016-02-10,-0.00018895027740828407,-0.007579522719745824,0.00872536224786491,0.008316283983181183,0.017445590692097612,0.014667265007379138,-0.002353793749002464,-0.03089374112383303,0.00887216447819239
2016-02-11,-0.012301161792504733,-0.006046844974960219,-0.00040204373983954156,-0.00069294104349793,0.02719783935448805,0.009010074437791005,-0.005112351237660406,0.04733064290572564,0.00786847333988172
2016-02-12,0.019518049565855122,0.003095154286288926,0.016300697051088386,0.0007503003811644149,0.006470569128270265,0.0009812659332368856,0.016996266200826282,0.0037881413094784655,0.004697644787715616
2016-02-16,0.01651665412216241,0.028194572169552234,0.01894730025942759,0.015207430913868336,0.02764850560431298,-0.003921215977292003,0.04897041096004884,0.027343852480015807,0.01084819967016104
2016-02-17,0.01648043921048603,0.015314297535023114,0.026032120868356046,0.019968164661704035,0.024947212086624093,0.035331055260528155,0.024823845608434203,0.08706565860035376,0.03056204184016731
2016-02-18,-0.004665713707027619,-0.018956305588707534,-0.004387485740877217,-0.019754818222109338,-0.01703800505545594,-0.016444922250994254,0.08604488826871903,-0.011323158733693717,-0.014456949590504142
2016-02-19,-2.6032942938902792e-05,-0.0022853492731477187,-0.0070892978868438705,0.006411047043466622,0.018857174827938916,0.010631263249851086,0.013315665440428504,-0.0011392968371775059,0.005877369525642218
2016-02-22,0.014454197186153817,0.008746376118352828,0.016017067942502017,0.00961063011861274,0.04598988609609567,0.024768130722863768,0.035479521625834565,0.06699479062990088,0.02375755079662678
2016-02-23,-0.012454371867771763,-0.022605535750389594,-0.027920657187792575,-0.01613059921511839,-0.011724790629712767,-0.01586425704997696,0.0025381495694285494,-0.0029818286241705128,-0.01759570382121778
2016-02-24,0.004439786812972857,0.014891013526355579,0.003517081999587557,0.005032845278107656,0.0019893770192320748,0.013464829826932423,0.006961969477195407,0.010101004393246793,0.009092178209681556
2016-02-25,0.011348275359951865,0.006867899035589042,0.014408317800588488,0.011402502233528233,0.0020034665796739848,0.011133980308900115,0.0021996927218321805,0.047094914915335684,0.012073595680546445
2016-02-26,-0.0018701144822791393,0.0015500692992105325,-0.01535513186283921,-0.0058426383852091535,0.0001440947537416637,-0.0013880362089855325,-0.006585130423815921,0.015525816600528097,-0.0033275830535330897
2016-02-29,-0.008120976341902342,-0.0022701942714319356,-0.008187213840969765,-0.010539958112746328,-0.004880858639777941,-0.009266057512606896,-0.006494347391050481,0.008353468768718342,-0.007263458888850827
2016-03-01,0.023868791801894718,0.039714896062055915,0.033412074101064615,0.03478713797560995,0.04799827119341504,0.027123090065057198,0.044324116017829596,-0.029073080259574557,0.02993385925897929
2016-03-02,0.004094308735004493,0.002188194795787357,0.00703671381786064,-0.0036247282670012204,0.0020205958343220143,0.0011837579600471049,0.005801291924815821,0.010678823954507921,0.002207273478067817
2016-03-03,0.0034987406745825567,0.007444328919732568,-0.011331439677471855,-0.010669616695991424,-0.00468794677030826,-0.0033651307551475496,-0.008803776672892782,0.039290607872446426,-0.0029822401725576597
2016-03-04,0.0033058923144386743,0.014876705258867418,-0.006112837643579838,-0.0018725431599514453,-0.004069345064264374,-0.010859643555422904,-0.003062761672253722,0.02707681972740761,-0.0037235658257387394
2016-03-07,0.0008850141950174084,-0.011067016821754483,-0.01921937057770795,-0.02385599025582763,-0.021455665767943777,-0.02454098308409791,-0.006451596496760192,0.021140033080221166,-0.019470062587335857
2016-03-08,-0.011240108649505087,-0.008245658070563544,0.012149595334993935,0.0010241610619632358,-0.00451310959921003,0.0018915534981178705,-0.018243847414957437,-0.013103370952345483,0.0010809573893253432
2016-03-09,0.0050523932937867055,0.0008906004674194001,0.023039775869060364,0.0166496255457258,-0.0014101020775004747,0.014915516543197338,-0.0006295327218610591,0.030207303417474796,0.014311714346611382
2016-03-10,0.00015580493345068724,0.000494827772560269,-0.014950853984334156,0.00931889605848335,-0.0009651463197276611,-0.0017672705156287494,-0.001576204294736594,-0.01696052509474255,-0.003151248010346497
2016-03-11,0.01639550053418848,0.010773627006047004,0.019596614169583804,0.017345783143401405,0.019107883796187775,0.019474463719439283,0.01704539254292703,0.011307091998520313,0.01792076948593535
2016-03-14,-0.001260972921287129,0.002542576137616104,0.0018840043007168905,0.007209359791854331,0.006601065203391654,0.004387091197444182,0.0024829097828760194,0.036867487272411736,0.006145006513819329
2016-03-15,-0.0018369416879204792,0.020093613992019588,0.007899351217232953,0.00043978264600275097,0.006365834492694233,0.007098023841983325,-0.004953218929020564,0.014826854254383681,0.007758126679594968
2016-03-16,0.005600351545632654,0.013291307683494846,0.014181770516654257,0.009046328620601507,-0.004765892473030164,0.013644161954244893,0.02986922207099485,0.01644223390939903,0.011236937237092182
2016-03-17,0.006595236486620859,-0.001604238970231875,0.005703914692066547,0.001478871310809371,-0.025824053883372833,-0.010340595807950548,-0.008459070643011213,0.02005139734476491,-0.004948320770950088
2016-03-18,0.004405643688967897,0.0011343545280977363,-0.02140499637643245,-0.004047521383103159,-0.013156014189604548,0.0038733396231829254,0.030164241648331425,0.028094340456043643,-0.0024658991067993963
2016-03-21,0.0009855772666846896,-9.44489140202176e-05,0.006917243298670828,0.008935487482720994,0.003441505326742922,0.003589013803311225,0.0029578246620665105,0.023975234953553137,0.0057944300325931675
2016-03-22,-0.000877387766836879,0.007648145277898699,0.003898794080874346,-0.002768372139528519,0.011733303365531578,0.0035762474795100196,-0.0017694466828367394,-0.01711979903690175,0.0026920781967769702
2016-03-23,-0.006386031602501285,-0.00552889927616107,-0.0018494001686426564,-0.003276164031773998,0.016325308843260222,0.002583451141130899,0.01713449120620103,-0.04977800018235601,-0.001366668378968483
2016-03-24,-0.0003780702927851376,-0.00433431049287325,0.004446512296166771,-0.003590335481288065,0.023383545256862037,0.004531779858278684,0.0014523158990371599,0.0232275906570083,0.005620180779126072
2016-03-28,0.0005452554858313974,-0.004542364066084659,-0.01235884969841372,-0.0020667473500081135,-0.005283449127727047,0.005661203852568297,0.010150620863320636,0.011020873910291051,-0.00045060408018238185
2016-03-29,0.008816651779288476,0.0236713160104689,0.02185268408844121,0.01674016088503083,0.024126133219094736,0.02154983617792383,0.016078171241963535,-0.0005646003647661324,0.020108631112564
2016-03-30,0.004350315260639448,0.01745930279213348,0.0062145298737230625,0.0031989255670312744,0.008133194378816988,-0.012398745385980736,0.010454947293937256,-0.014078972960765879,-0.0020151991841641514
2016-03-31,-0.00203975921756705,-0.005202729192289479,0.003269674673252121,-0.007080223435714572,-0.00843510117909696,-0.005231213702615589,-0.003635622922955828,0.012693337980441255,-0.0033154326670404854
2016-04-01,0.006330915127309877,0.00917553363953183,0.006156098007894517,0.008874142230360205,0.008186781113585173,0.017177975527466804,0.01459466735541981,0.03403399570678456,0.013257679968883052
2016-04-04,-0.003208322345054082,0.010273515983306947,-0.002519162541613107,-0.0059116986057753396,-0.008872151103062609,-0.03024298148582727,-0.009681902195708969,0.039563979070301736,-0.01177523949178283
2016-04-05,-0.010144492387214377,-0.011789264446636194,-0.01569573439929217,-0.008560840097884603,-0.011884924360712312,-0.002931911076481386,-0.0013965345460389411,0.03433343457363125,-0.005561505740215633
2016-04-06,0.010507619269939372,0.010473025857420826,0.010263978583541444,0.012523618625604138,0.0271948990544153,0.013277440848180166,0.0013984875822596887,0.038947853163352475,0.015471050790898166
2016-04-07,-0.011975786526205012,-0.021810180778766397,-0.011973635193263443,-0.010350572017929438,-0.017688656382376045,-0.0006156803662974442,-0.010335144489574288,-0.030969800698537053,-0.009812973255267754
2016-04-08,0.0027865779152880243,0.001105796552193894,-0.0007343514098627768,-0.0008549945425879724,0.005359848498285968,-0.026487187951764413,0.006491654328425689,-0.02772166475041915,-0.012336486921969758
2016-04-11,-0.0027397858070188352,0.003313028457695655,-0.0020215653203765616,-0.002541486535967863,0.0022367881300682235,-0.014824186347559998,0.006169531303230169,-0.0005998457768249255,-0.0062748985141745095
2016-04-12,0.0096621337827838,0.013025367875014293,0.0062604598036681836,0.008949912252183223,0.012149125841996566,0.014863773162576921,-0.0011148178219404503,-0.008402652353309281,0.01049003841948526
2016-04-13,0.01004013710204088,0.014487323544283504,0.012808959240263373,0.009930578218681152,0.019314572589733903,-0.0009040848367060095,0.025111191840126112,0.0270760454618868,0.008597006327775603
2016-04-14,0.0001729273803483533,0.0005357389066600327,0.00018026530903725302,0.004508236488352413,0.009645137346663946,0.0029861033109221946,0.0027223373601723555,-0.010489893292484176,0.002376274194541894
2016-04-15,-0.0009842848497145784,-0.02007149568253319,0.005238684092967905,0.005945366235451832,0.008280304996334698,-0.010826229255238906,0.00787151390624441,0.010521694235412493,-0.002858679724500157
2016-04-18,0.006541025289023228,-0.021575144974652516,0.014555285257523254,0.009846078995743968,0.015114463162838598,0.007387615509602652,-0.004309017634725798,-0.002475334060495493,0.006613452605078729
2016-04-19,0.0030844851678346608,-0.005302789524526785,-0.0012399551398529773,-0.014510962926234994,-0.011725803630660003,0.016659274035768945,-0.01785242737933701,-0.02564203697895895,0.0009072620666434883
2016-04-20,0.0007615448773992117,0.0020576113874486435,-0.014187032396231425,-0.0017133494095709079,0.008106368266093344,0.0011576508697523913,0.003855722518858462,0.010510619221744344,-0.0005955068945221464
2016-04-21,-0.005194027008290192,-0.010828009870077038,0.00341817717514159,0.006555567627754666,-0.003143830280532889,0.009073029374933705,-0.001097384637857357,-0.006720777009723511,0.0035131088577646796
2016-04-22,4.785972478082989e-05,-0.0027369325188251192,-0.07171057402995928,-0.05414097582282518,-0.016640241877203477,-0.025387837598068286,-0.003844865153901922,0.021990432529629622,-0.03186428751671011
2016-04-25,-0.0018120458796383465,-0.005677338875882287,0.006373406210696153,0.006018205180000624,0.00918613540423352,-0.004160657306645832,0.004962535648171951,-0.007605979610801672,0.00030035133895767174
2016-04-26,0.0018727515871905798,-0.006947006147901447,-0.012857891257447518,-0.022688962908850585,-0.014883411409137182,-0.01217058989550579,0.0008230718741519816,0.007624509088934195,-0.01230601357333927
2016-04-27,0.001649352800310755,-0.06257776836010598,-0.009719780258518163,-0.00539044707170655,-0.016713108458223047,0.0011952950476601387,0.022752038068685865,-0.008946136908751234,-0.010056565822865293
2016-04-28,-0.009230768513682652,-0.030566277826475585,-0.02041571347823068,-0.022731720634706964,-0.00753417942126311,0.07199923017190368,-0.029750723758576347,-0.014952135009967504,0.018803373389270517
2016-04-29,-0.005063088369821722,-0.011494004034870442,-0.0006018507342691048,0.003999755939708471,0.09566443185819673,0.007281722113338107,-0.018508035800813616,-0.028056989923414988,0.01177891589511293
2016-05-02,0.007809946463542827,-0.0010671202383943923,0.014838979399305341,0.009224646952664006,0.03678046234647003,0.008419783455281493,0.013228112514192425,0.004319697802968259,0.012099224849688506
2016-05-03,-0.008676638198860664,0.01644576200629122,-0.01640026452534893,-0.008356440528172082,-0.0183227069227061,-0.009614536125143736,-0.011944379710940423,-0.03920601056164674,-0.011398290615602047
2016-05-04,-0.005936889314214544,-0.010401295364062979,0.001807910956937775,0.0041359522709676355,-0.000625743965934844,0.0053648048329002496,-0.022771912170830078,-0.04201105333661326,-0.000242280476824841
2016-05-05,-0.0002390081258001331,-0.004058982312845405,0.0014038077430105211,0.004695145959018987,-0.01760321687769084,-0.002117617363161961,0.006041411170776501,-0.04955961442777834,-0.00534257908308966
2016-05-06,0.0031746390805036384,-0.005577241639541541,0.00901093824106658,0.014649149583820575,0.022546240090086433,0.01426032911619557,0.010294242959923317,0.016073354609201562,0.012964817474178325
2016-05-09,0.0007534970439868616,0.0007550245299541292,-0.006350519583681824,0.0054469446993004045,0.008606007269745364,-0.002092274657432447,-0.001415181938427823,-0.02796256243720341,-0.0016002275764809282
2016-05-10,0.012483643435067249,0.006789553318718333,0.018973527153838043,0.014057898790377443,0.03430674196057093,0.010566934217182578,0.019274702516213438,-0.0011008885097381071,0.014546986943911433
2016-05-11,-0.009561518078546327,-0.009740697164678402,0.0005878773877494581,-0.01194256224454715,0.014450891828668544,-0.008132745507935857,0.002780708693802092,0.0012937597581215154,-0.003904063357805354
2016-05-12,-0.0001694649071644072,-0.023457256631968182,0.009010628095970974,-0.0033946822008367183,0.006589756930776014,0.006358743773660525,-0.013588452101059079,-0.00803978103371572,0.0024092375866047178
2016-05-13,-0.00847828902508041,0.0019926929654123793,-0.008347876494510409,-0.0044500759739474205,-0.011157111565377131,-0.003907460111996164,0.15209439458570162,0.001592002938870074,-0.004452719225053969
2016-05-16,0.009796652464963085,0.03711901883159019,0.014682971424861968,0.0075464619203289285,0.0010424432376223702,-0.00951515618655907,0.02952662185461441,0.003275341382076302,0.00250584001906895
2016-05-17,-0.009411297455333645,-0.0041541920201636495,-0.018651447958124345,-0.013843512609477693,-0.021655945513589514,-0.01112328452016953,0.0021333335179876123,-0.01742759842604591,-0.01385361595746537
2016-05-18,0.00020517873267866804,0.011445071555178377,0.005939328532468036,0.002207783369710059,0.003135505889745094,0.0025564762035965582,0.02554400801167489,0.03180885470243422,0.005436479997616317
2016-05-19,-0.003706707658226005,-0.003807260246919575,-0.009643851623730937,-0.0089639827189254,0.0015340830839882802,-0.007139762989230358,0.004381629250988395,0.01913147353519906,-0.004996092139090136
2016-05-20,0.006019504059596059,0.010828005460211676,0.005962096288528285,0.00894711898387035,0.006127260778355126,0.004622811469020105,0.017910917007913696,0.023558406194412074,0.0071777720132160105
2016-05-23,-0.0020854589704891735,0.012707361031737419,-0.011655832193419702,-0.006179695150508757,-0.008608362806592496,-0.011759620458037134,0.0015786955513144019,-0.01843105074925866,-0.008934218745275002
2016-05-24,0.013681382686285826,0.015244020628436106,0.031181259210430134,0.022000605564488573,0.010692430348859583,0.014917568262417413,0.02427455592750083,0.007816075741021722,0.017696628602733355
2016-05-25,0.006974740643369559,0.017569189795137774,0.010273268185778894,0.0069165703310059,0.005893225309828942,0.0016143326020834348,-0.004188723049207921,0.0076637497781955055,0.005940787483398324
2016-05-26,-0.00021044390350322129,0.007930318435020789,-0.004412526837935915,-0.0015852157271384337,0.0092609336974534,0.013402395352756225,0.010626435672465906,0.02522997924071091,0.008015607361048449
2016-05-27,0.004286857336424754,-0.0005977546181062943,0.008286442815050643,0.01447900405767788,-0.003734712076280511,-0.0007533140614126577,0.005476291972874803,-0.00923954578720032,0.0019663335672461812
2016-05-31,-0.0010052630048559275,-0.004882901859772915,0.01299702334222852,0.001672143373783852,0.014812427266666317,-0.0047747144231561345,0.017865435396122065,0.0008518675345341453,0.0019836928064436155
2016-06-01,0.0011350423274503196,-0.014019544705016318,-0.0028304702889200284,-0.0005208197623043365,-0.004634805235053108,-0.0002525642148877294,0.001926275748384887,-0.016440468601288782,-0.003287771170138676
2016-06-02,0.0028246780734553223,-0.007515570023166607,-0.007000817178449026,-0.005598163279403101,0.012231697576333245,0.001262816962048774,0.007049535676628471,-0.0027327356754038856,-0.0005384265685951517
2016-06-03,-0.002911814656949452,0.00204656574645945,-0.01314783626008098,-0.011299715517634645,-0.003707522964191301,-0.0038677113872220836,-0.014000993345041568,0.00013700139934802458,-0.005762758574285876
2016-06-06,0.004897281193053882,0.007250922485589006,0.006565015350186609,-0.007881931688672572,0.0016400979284734163,0.002701101881874779,-0.005163365878862458,0.007717276207808599,0.0024051998701135613
2016-06-07,0.0012894462510633087,0.004055451380836628,-0.000575393631833454,0.0014108492285365148,-0.004114265077721169,-0.008670827838593076,0.0019463773665677753,0.05283668197567204,-0.0010094091541921202
2016-06-08,0.0033095665337075086,-0.000908831115837172,-0.0011516966808668982,0.016194867574580885,0.004006976446323973,0.005349836435900368,-0.0032375906857683434,0.013686831518021192,0.005428928034682867
2016-06-09,-0.0017177585589538413,0.007176170852710051,-0.008070925143450425,-0.0005518544097014022,0.0013899306777587217,0.001435950425280108,0.025985379628651994,-0.026154878987485475,-0.0014240245972301224
2016-06-10,-0.009175181182794367,-0.008228876101674776,-0.0027119491547947794,-0.012565266925534169,-0.013385542934204464,-0.016362911665916857,-0.02490504065337318,-0.0460847232525351,-0.014205852795827756
2016-06-13,-0.008115191387155773,-0.015076577284403592,-0.02602925336484152,-0.0017865225518218786,-0.0037191053147838105,-0.02289493313701907,0.012770571940019515,-0.00420496739684062,-0.0162744668027498
2016-06-14,-0.0017988851350955182,0.0012329568480566877,-0.00618256709674081,0.001871590875335949,0.005676391395907032,0.00868800459709873,0.0019237056711640665,-0.013356605490256634,0.0030418046338689386
2016-06-15,-0.0018407128700851372,-0.003283550071435659,-0.002809710697456169,-0.001445465803109891,-0.007006781601502476,-0.0029581026948908296,0.010238717986330581,0.012746565418183309,-0.002403283768318887
2016-06-16,0.0031329906996742096,0.004220881188582437,0.014086929090702416,-0.010844043833619255,0.004550120920334022,-0.0018323619570979055,0.004011834002792591,0.0010565546173815221,0.001103773643521766
2016-06-17,-0.0032579654199809127,-0.022757550786944303,-0.005159196545435729,-0.027614838819304377,-0.01549803515257031,-0.011976742687832553,-0.01745517475090952,-0.011288062840889457,-0.01428505348147191
2016-06-20,0.00580818525653326,-0.0024126351832776116,-0.001197126554160599,0.0026694251016932125,0.010787256873059592,0.0030969925748114413,0.01797961313988039,0.019631474173017693,0.0038529296520037892
2016-06-21,0.002712061607464289,0.00851714421088512,0.022368578904548908,0.0038944781156722286,0.0025349750477419164,0.008908771927448766,-0.0060978747859203875,-0.0004096198348979563,0.009035884400780958
2016-06-22,-0.0016515636618127383,-0.003753322359512201,-0.003906899439008238,0.0022428996247962907,-0.0072923803258784226,-0.004109150505766435,-0.000845955978028945,-0.10450341756812143,-0.009108884640901316
2016-06-23,0.01336407865930278,0.00575626663991935,0.01804276472757138,0.006193014984942291,0.016155399154990313,0.01027135845953353,0.026677681426053423,-0.001322128315258908,0.010973444364853924
2016-06-24,-0.035919799994431734,-0.028095863375449226,-0.04006913832231951,-0.041504079193961596,-0.03201856378930534,-0.02606883476597066,-0.05691928661574752,-0.016547827629193046,-0.031158328137589564
2016-06-27,-0.01809650217612302,-0.014560939180666699,-0.028095816340341306,-0.005925085988246259,-0.01087332745432501,-0.02774807948910385,-0.010714973733738531,0.027957518513328727,-0.018770524027382773
2016-06-28,0.01777016508725926,0.016840286501121016,0.020854827580650825,0.01485752734618706,0.023996131450350733,0.03422952708992799,0.014588797199294401,0.016318349791359932,0.025570092701729052
2016-06-29,0.017032672570028273,0.008654830882887099,0.022249150068765378,0.005685219662427521,0.010805839528702954,0.012954841145955243,0.016340454671315507,0.041627392999816326,0.014410941795810484
2016-06-30,0.013565044705922347,0.012711876418991297,0.012465104773270896,0.01199658017240357,2.7933222965126348e-05,0.0010511380122288916,0.007716976525929065,0.009943412480724279,0.005714695391831892
2016-07-01,0.00194860235588723,0.0030333014067607245,-0.00019506108352917995,0.009551936456986931,0.014057801392656222,-0.000787525710961301,-0.007445480458751819,0.019879378262587677,0.0040356713523852505
2016-07-05,-0.006847477437932237,-0.00938556864165141,0.00019509913977877602,-0.00754659962808335,0.003334758605593846,8.766145522454138e-05,0.014787732542472787,-0.011639738141737244,-0.0018008975974522778
2016-07-06,0.005352963242081676,0.005684818538507441,0.004104410299258676,0.005788129881837634,0.013061448430278899,0.021891260522401756,0.006336105276826043,0.002149711537805965,0.013123197203139592
2016-07-07,-0.0008715778419239317,0.004291753818522759,0.0,-0.0024120813625891913,-0.0014100121203947102,-0.007283529167762759,0.026022629915934292,0.006994990541306256,-0.002795746514414277
2016-07-08,0.015253349296718177,0.0077132387513561,0.017905810121541688,0.01487438818998954,0.012544681838379868,0.011998285675210107,0.04009034326028438,0.0038899525017721537,0.012791587184444841
2016-07-11,0.003408615474199461,0.003103390737887679,0.005544795391746016,0.013123790487691966,0.010686328376066534,0.0053735645166252954,0.02300916143173337,0.036903805062947104,0.008697746374239701
2016-07-12,0.007009293213798395,0.0045364713949724855,0.011789328858496928,0.007301928764731569,-0.0073894136050352,0.000508961400276231,0.01499405822352795,-0.0005783013468687592,0.0025614125878659078
2016-07-13,0.00013476775533982632,-0.005645603316661085,0.005638034797869285,-0.004136381235876341,-0.007457781419643927,-0.009751530566347588,-0.00037913729433391996,-0.009436981531152133,-0.005681381243509365
2016-07-14,0.00525920411762093,0.019820519180243856,0.004298385136942917,0.00866369711874948,-0.0019255583636400564,0.004367307672713983,0.010230928082066049,-0.004493707690691684,0.004862278386459806
2016-07-15,-0.0009289473209127541,-0.00010133002214696152,-0.0007445261332901243,-0.00023104511320271026,-0.007771235927900411,-0.0036661499744359283,-0.011627801067444543,-0.005100971389125797,-0.0030812414484779893
2016-07-18,0.002382294987840705,0.01062972450426014,0.004841987686045712,0.02388428658595876,0.0008566781945107405,0.021478690327701777,0.00512364470939608,0.026542674288099866,0.01547129533085534
2016-07-19,-0.0014351736522938419,0.0004006787496342312,-0.016123208845763237,0.00027874332757527043,0.005271244261784824,0.010387774358958435,0.010383280398171602,-0.004375689688323026,0.0022119883782429905
2016-07-20,0.004270300173431885,0.0009011033051591344,0.05311720323662139,0.004871295826887501,0.007797767797718347,0.01086143573577325,0.013079492808955928,0.013761894071912417,0.016128684190264586
2016-07-21,-0.003612528916297486,-0.005301775619211191,-0.0019674442273732717,-0.003526757932617919,-0.001729842369290635,-0.010744732514073596,-0.01844372917776027,-0.03441934896442955,-0.007947866026385975
2016-07-22,0.004553964713003289,-0.007744282162868044,0.01379941253723116,0.006455291854666756,0.0005776133030614972,0.003233570321800938,0.027245531358172093,0.0080272130645338,0.004645031334669092
2016-07-25,-0.0030114751244342264,-0.013379539221631487,0.0028281353193970737,-0.002317919388611589,-0.00704832485901663,0.00520671160866204,0.01847438177250238,0.03482249963460071,0.002316446154873031
2016-07-26,0.0003227842443460638,-0.006883114127163026,0.0005289641304275783,0.00017168724243110667,-0.005435302865131164,-0.003370988407351838,0.0170615617697929,-0.002173785411705653,-0.0025913571127925694
2016-07-27,-0.0011985421207814095,0.06496341543488948,-0.01004205908213307,0.00570171476278114,0.0014682324632255828,0.01748885565940883,-0.010065191727207767,-0.0044442402825445315,0.011328695839118996
2016-07-28,0.0016062090221755643,0.013501598658686387,0.000355726393753919,0.005079000342881335,0.02163793522176216,0.013458768513998853,0.0021407195420033442,0.0092782587991731,0.010851655507270852
2016-07-29,0.0016313092573088106,-0.0012457791746406377,0.008361555547419464,0.03329685787078063,0.008237933380032203,-0.008479996089320707,0.01637582764769019,0.0181258915884297,0.004174611430881825
2016-08-01,-0.0012697872845152114,0.01765662845620719,-0.001764239293874592,0.012131300380033183,0.011768498173212238,0.0029853462236701933,-0.0064799699118738285,-0.02035866545145193,0.004436143917485369
2016-08-02,-0.006361619481225378,-0.014804347131792794,0.0,-0.0010238658084544827,-0.009326118199067812,-0.009814229963434618,-0.012162971264949363,-0.012216845667703868,-0.00741938077566362
2016-08-03,0.0031339432802557354,0.012538349644380498,0.0068927921176908935,-0.00149978455178712,-0.007809852750616519,-0.00471206317358952,0.0026770498288659628,-0.006205976906180188,-0.0012985246123284888
2016-08-04,0.00021257188969192597,0.006177511376360023,0.007372267168391344,-0.0020903135854998256,0.008123166239301094,0.015100902329652888,0.01850859189810694,0.02134724289646428,0.01009549965916956
2016-08-05,0.008603496447961101,0.015207108136895409,0.009932121117400605,0.012141679392137394,0.0068482730644587875,0.0063525586404749035,0.016948919539262253,-0.00251507260151429,0.008140012656353335
2016-08-08,-0.0009071655678379864,0.008280851515653831,0.0017254994209745522,-0.0021065019672236174,0.0007571824009773298,0.0008789095265413494,0.009278400582378277,-0.01682385523320451,0.0003457215716775597
2016-08-09,0.0003897939364765346,0.004059984864091426,0.0024114346976764622,0.002794214128826633,0.0022829661839740556,-0.001596692039447789,0.002553667361325118,0.012911226187923619,0.001434128831097059
2016-08-10,-0.0028646859974036376,-0.007443938454839594,-0.0030929575746556637,0.0012506533441229983,0.0003254093459907903,-0.001439284158691545,-0.006452724347542627,-0.014972973712197857,-0.002363262339761363
2016-08-11,0.004734588012062169,-0.0006482525062503353,0.004825825069771472,-0.0003587835262111039,0.003487011188573863,0.00016013047467966501,0.020338576478102333,-0.003279367580152681,0.0011923631277799274
2016-08-12,-0.0007960463737501922,0.0023162489390762264,-0.006175085709310135,-0.001422912367988527,0.0017114796152302159,-0.0001601048370160063,0.05594643381548425,0.003112321193226242,-0.0004910778095020829
2016-08-15,0.0027929092187690685,0.012017122238611622,0.003106690161768011,-0.001350409006305675,-0.005268169437032899,-0.007847561197503072,-0.0009518842392899352,-8.864212814152506e-05,-0.002624275938374554
2016-08-16,-0.00547907701986905,-0.0009130784007498338,-0.005540317218072244,-0.005918399423381904,-0.005790572427475604,-0.004842469046462572,-0.006033598766954307,-0.008776982760304364,-0.005106701763874288
2016-08-17,0.001868589648029051,-0.0014632643982341875,0.0020893699317516834,0.005279581062275218,0.0007721861215197467,0.008677848516149167,-0.023162972696055384,-0.0016546746205348128,0.004475423288955005
2016-08-18,0.0021996173129046337,-0.0012817185355235017,0.0006948811458618032,-0.003314992270963324,-0.0002223074112381873,-0.0036985359298427056,0.015535604899820976,0.001209501174802119,-0.001876637068195075
2016-08-19,-0.0014402713809749113,0.002566955656018388,0.00034738424692326575,-0.0038619168547177063,-0.009352959551613638,-0.0028246848024708893,0.0025762073929065377,0.006666333002271596,-0.0022903784461631993
2016-08-22,-0.000563323157221185,-0.007772573041810338,0.0008674195444338118,-0.0033763788169071107,0.002865342214060762,0.0047750908003458825,0.004176145378345986,-0.009199968973795603,0.0009505008949228788
2016-08-23,0.0019517694055308787,0.0031335063182948986,0.003815185349428152,-0.0004516961305373046,0.003910632371425082,0.0017719159514419935,0.008092519404599763,0.00856766810594789,0.0025998623205185645
2016-08-24,-0.005240276852734871,-0.007533205647909824,0.0010362694300518616,-0.0037534915948578274,-0.006820175142353779,-0.007155922033613371,-0.01541925120165999,-0.009873672296182856,-0.005428119220903249
2016-08-25,-0.0013652276243513173,-0.004258244656155097,0.0037964564641668197,-0.002898276318862858,0.0026015001671968463,0.003320297043152065,-0.0066191787528877555,-0.007456626175134096,0.0012371219264308841
2016-08-26,-0.0015788165944199406,-0.005856666966429613,-0.002406762932788964,0.002426441278354119,0.012881700868071944,0.008636708875347843,0.008126217699691018,-0.004389940220988597,0.004518519382544328
2016-08-29,0.005228047221710774,-0.0011223719928130649,0.0012061745681979374,0.003277945192159848,0.002977844893519377,0.01264392840429207,-0.0006449603223973588,-0.021773698929720697,0.005187454771872879
2016-08-30,-0.0019536804841114863,-0.007676446609516829,-0.0036142377293064687,-0.004900708266201037,-0.004810053007818782,-0.005531832880991905,-0.005807372494728069,-0.017936898094209175,-0.0057965014983411
2016-08-31,-0.0023758642617150993,0.0009434475281762111,-0.007428180066074264,-0.002613894947924855,0.0020583799042324102,0.0022250905124925335,-0.004705269207768481,0.003170288138355737,-0.00023774083646643795
2016-09-01,-4.1384533048027805e-05,0.005938124965211733,0.002262683686861111,0.00196239805294951,0.0018981238371065245,0.0003964206616664523,0.029507504387220385,-0.05301630375559707,-0.0008296869044163158
2016-09-02,0.004201041336424849,0.009369163512633616,0.0013888162374378066,0.006911774769619683,0.00236182352259795,0.002694811338261216,-0.00981801126567683,-0.014892723045455192,0.002674653563419449
2016-09-06,0.0029816787577114923,-0.0002785740068369513,-0.0010401491052781653,0.013992224185616964,0.021270230329795137,0.025452536667669445,0.009435411079952605,0.0255334510261378,0.016495937415343054
2016-09-07,-0.0001463852229309781,0.006128405112516111,0.0008677181055165573,-3.70781152224664e-05,-0.005564959815286041,0.01017503888214466,-0.01473398065231446,-0.0055218884189791595,0.003966971454715251
2016-09-08,-0.0022230136296667036,-0.02620887730784416,-0.003988693086708683,-0.006373964341319982,-0.000535384177292042,-0.005951823082632868,0.00723610580851175,-0.021565611159450437,-0.00726820083744073
2016-09-09,-0.02452206896667508,-0.022649878795369727,-0.02124329550752635,-0.01788658836466095,-0.030507848187831477,-0.024334218653286,-0.04980826841354158,-0.014643244819832146,-0.023320450141597227
2016-09-12,0.01467705274849096,0.02239881316091874,0.014943958639027866,0.013114123849909287,0.014931488109319435,0.012509859015251479,0.020665480296619743,0.019694523621018867,0.014487140242958496
2016-09-13,-0.014830674258895948,0.02380517187776965,-0.009114956479875036,-0.012643751667896774,-0.013584156919737689,-0.011500503838243525,-0.014485694642425107,-0.011346487834701269,-0.00863899991488426
2016-09-14,-0.0005876766502063147,0.03538654193987645,-0.004775966808602261,0.0022060761473203794,0.00010516596472487372,0.004402012586540938,0.008852235916257056,0.0018362791436163928,0.004490598362242748
2016-09-15,0.010109273363029914,0.03399852515859303,0.016530304523228345,0.013625017833284181,0.011299591339365866,0.0045396489005740115,0.03791408297446153,0.020416452841336197,0.012103296171999789
2016-09-16,-0.0037722947474507773,-0.005624349909905013,0.0010490278983306123,-0.004068860950957931,0.011472093767138869,0.005609622812031478,0.0023926935738434185,0.02484780383791363,0.004139998696279346
2016-09-19,-1.8603060785604697e-05,-0.011660252161213247,-0.005589374242242706,-0.0032331142368313692,-0.004392889723924931,-0.0032541103706881236,0.013208282195101173,0.00457645297210707,-0.004095158543532262
2016-09-20,0.0002991382171499968,-8.780677354192079e-05,-0.0021078620943405513,0.005519163555768758,0.006605612482086798,-7.768914532269022e-05,-0.009109630154345183,-0.008238786856348712,0.0007597347107619612
2016-09-21,0.010917162352442444,-0.00017614164688706246,0.01672225902378255,0.006564455580882145,0.012201633012272062,0.010105744216005519,0.02805513291712014,0.0028341798567572685,0.00989989392233559
2016-09-22,0.006499784427785649,0.009423077331601526,0.0010388970797718944,0.01356469237014446,0.018942971304031886,0.0010773227808160701,0.002466903050493352,0.005896172409194822,0.006010876081624872
2016-09-23,-0.00573677446354337,-0.016663622403368605,-0.006745049026128269,-0.0012131925605668448,0.001304780986036036,-0.016297655609062156,-0.001076572244670282,0.004941130603694166,-0.009308178408430678
2016-09-26,-0.008587762798917709,0.0015080744527538048,-0.009228554156332724,-0.015105183719438697,-0.00817867337251732,-0.005079604242840041,-0.009391871523538375,0.007423489184726462,-0.0064354916437767695
2016-09-27,0.006444170055012188,0.0018603140398150142,0.018453273281922034,0.010066584166233516,0.021209766342872083,0.010839613931988179,0.03419366300540716,-0.015216031256459872,0.011552440225275351
2016-09-28,0.005296554012835575,0.007604401653330317,0.0013805563606841265,-0.0008263523097783443,0.015451367903480895,0.00419599758033562,0.003606526206051619,0.002235048163077513,0.004763744951266302
2016-09-29,-0.009321411497187015,-0.015532944612500543,-0.01085652565626627,-0.009159792957517121,0.00039816983651275173,-0.008821447571354613,0.009284037976162951,-0.027003426930455432,-0.009259480245773277
2016-09-30,0.007967969231286176,0.007755435552289747,0.0034843133153206196,0.00176918733191056,0.009963259640341393,0.0014052975444418525,0.01661763128881688,0.016591937232549814,0.004290779684167578
2016-10-03,-0.0032606955294726125,-0.0046884524729670085,-0.0031249787323315292,-0.004576763542959994,-0.0006807419549713645,0.003898119613312101,-0.001021792991658943,0.047394990482537924,0.002138569638834964
2016-10-04,-0.0049555622707156965,0.004266037077095275,-0.0031346264242433364,0.0030109759387788593,-0.003238804305774279,-0.0045042152985940165,-0.0021912091868609984,-0.010715983364832038,-0.0026419118640008676
2016-10-05,0.0042966906501935576,0.0004426123269556381,0.006987955502309573,-0.0019431110369395599,0.01238561122333226,0.002184359537783065,-0.0010252972180206932,-0.013953932130380098,0.0029430649156236832
2016-10-06,0.00048155976529717925,0.007430287026262805,0.0017349765959271402,0.0023089285409532145,-0.0031976485459955795,0.002101621263493225,-0.013043718895040857,-0.03578625635704735,-3.917815723808449e-05
2016-10-07,-0.0032534833570118105,0.0014927420266586111,0.0010391092042449923,-0.0029512069414774356,-0.002649520849079434,0.0019418844263039414,-0.007276445691566824,-0.021840779371141483,-0.0006365766874474321
2016-10-10,0.004605905039596125,0.017446830822629877,0.004152196026999011,0.016810231353667993,0.002716090966689011,0.009690782633742456,0.0037396158241056465,0.02207415798926582,0.00988617880103404
2016-10-11,-0.012446471596532338,0.0021543249846223134,-0.014645005122807864,-0.005650008038955323,-0.012724087581184262,-0.010442273910264532,-0.014456049602568966,-0.004229886150648454,-0.009489484586866936
2016-10-12,0.001146589037580359,0.008942431732362088,-0.0013989770487894404,0.0027175565884023367,0.0037183888517926533,0.0013189539713416298,0.004536530184451992,0.007046466386483763,0.0023157480309043965
2016-10-13,-0.0030992637479612117,-0.00306797521575064,-0.0033266749597278267,-0.009473225988085754,-0.005766706205961869,-0.009531320953416467,-0.01625774027385518,-0.006302456879140883,-0.007280405101056209
2016-10-14,0.00020160447857309194,0.005556344029015392,0.008784089033381903,0.0006466963694147232,-0.007621114382127869,0.0004695821679610024,0.009793325696916932,-0.018627583354229538,0.00044234484468264057
2016-10-17,-0.003037994040303138,-0.0006798951229068928,-0.0034830996425626592,0.002783990626528121,-0.012163403806223938,-0.0026588362469499582,-0.0057585218645472835,-0.012976444351751049,-0.0036638733970164594
2016-10-18,0.006160403318245855,-0.0006805699748773097,0.00768948372141165,0.01815733507074624,0.0057814285169965896,0.008076078610615989,0.015241619455130362,0.02650023191602613,0.009090730586574391
2016-10-19,0.0021919710189710617,-0.0029794683067361216,-0.0022544658494387804,0.006512445342711226,4.889381476447241e-05,0.011977840162797238,-0.002101748344600307,0.02240090564098618,0.006257183631643404
2016-10-20,-0.0013757239543792377,-0.0005124080151266419,-0.004867074949725048,-0.0063011221164916975,-0.009013190047870712,-0.0008456990415882659,0.018955866663662002,-0.021910099567979402,-0.004157710277854276
2016-10-21,-8.414160005176807e-05,-0.003929480669187746,0.042096288859134745,0.0029576924874947785,0.010699531288220099,0.01592327539282934,-0.0028051132319423244,0.00497237481730628,0.015565473141984754
2016-10-24,0.004749839541692946,0.00900509770966873,0.02246044516080503,0.01417368329695523,0.023321359043681378,0.009161726229550693,0.0469352445654827,0.013344029700076643,0.014382859016119687
2016-10-25,-0.0037977277864983394,0.005099865712632878,-0.00016387121650274228,-0.008603224306397483,-0.003472185240017467,-0.007427957748774583,0.016404635144090962,-0.0020714054958987926,-0.004340417210195069
2016-10-26,-0.0017404116452881535,-0.02249468009826383,-0.005902706022884008,-0.007784652491136135,-0.015074535910763909,-0.009448928921001465,0.004035472497981862,-0.0004941818395456377,-0.010033242690292488
2016-10-27,-0.0029867267366989747,-0.009603044881228096,-0.008741479894561088,-0.005777910800225605,-0.005142344747451566,-0.010302136324547018,-0.02051014752196567,0.008751979915121444,-0.007904787551485604
2016-10-28,-0.0031082993435224138,-0.00663858014250196,-0.0038269682044514974,0.0027039077665660383,-0.05137097153119663,0.012337094184891706,-0.001697605164143412,-0.0198029875608402,-0.003448453576892052
2016-10-31,-0.00012227640782913607,-0.0015829645454561447,0.0008349631198527607,-0.01178678837012137,0.017389715688315155,-0.0022848612361053844,0.008503284054425686,-0.011201655407329203,-0.0007676512097236632
2016-11-01,-0.006786883476427641,-0.01805530098004615,-0.0020026805754703725,-0.005457559832025782,-0.005583574478747688,-0.011375105265903018,-0.029651501816130743,-0.03509842661102913,-0.009894496578696232
2016-11-02,-0.00652550029741239,0.0008969154524014478,-0.006187115184599912,-0.021179904874161992,-0.02527343172478269,-0.017992183203312195,-0.004199788420467976,-0.014518503789442305,-0.015441285479073308
2016-11-03,-0.004423400838946101,-0.010718605267932335,-0.0037020557432733137,-0.007901927587440682,0.0019202044816464259,-0.05638132495600556,-0.011634629037145294,-0.0031911467456550158,-0.026589639184802727
2016-11-04,-0.0016661307322337615,-0.009013829176442889,-0.008444215793859233,-0.0013934266756353564,-0.015618758464616134,0.006250083561115227,-0.005738890333312319,0.01675382136299608,-0.001328157001749819
2016-11-07,0.022223543967337278,0.014424843576895885,0.029126084646715178,0.0267955886684621,0.03957352587370733,0.01159417046716027,0.05475809957099442,0.013906348645120303,0.021087845937391325
2016-11-08,0.0037719744542996647,0.0058867358180678675,0.0008277151500504232,0.012405989831768327,0.003592744877303433,0.01694645982523002,-0.0015433691072204159,0.008954005217394645,0.0101803588952325
2016-11-09,0.011077020753253342,-0.0016207210274973294,-0.0049614085267651875,-0.007869812750055938,-0.020145959442710915,-0.008372323138142068,-0.016863584467109338,-0.025033363190080093,-0.009438601234544985
2016-11-10,0.0019507459501284519,-0.02786775461329838,-0.024430568661226948,-0.03140549457884745,-0.038218433465590174,-0.01932125250529293,-0.03130340125872977,-0.024781658082167812,-0.02541332842165067
2016-11-11,-0.0013979503036608554,0.005937311522450139,0.005451595863717795,-0.01094457614970823,-0.004539427120207162,-0.014735181064542524,0.2980665065883352,0.017318643404319323,-0.004235043888488721
2016-11-14,-0.00011550278622274313,-0.02508524921466926,-0.015249177052834129,-0.024010391200964487,-0.02698208778702238,-0.033103642478416684,-0.04922126070683874,-0.03770682709596174,-0.027421769355177705
2016-11-15,0.007480797417763307,0.013243777983437344,0.01974683239917141,0.029128262283886652,0.03361285959439342,0.018421891185376404,0.03048814979534087,0.012785831275339055,0.021462101283747703
2016-11-16,-0.0015822634216101639,0.02688845329508016,0.013249876128396343,0.006218175147694627,0.0043728080913219,-0.007337865919005315,0.06311643381822774,0.0008706682793555576,0.0037234967665256136
2016-11-17,0.004676369608375142,-0.0003637724748002391,0.016596655111756453,0.0079231180009387,0.013275426153116943,0.012463604765719394,0.008294119427109115,0.025716307636262092,0.012129128326913374
2016-11-18,-0.002386798421690206,0.001000493736471153,-0.004782389449862201,-0.012961496503928416,0.0049709076377260075,-0.006537247287752734,0.010498824550138508,-0.019293934240147914,-0.005326477954075259
2016-11-21,0.0074614006258433285,0.015173612883807586,0.008450582337617307,0.011379126309371212,0.026099784123540415,0.04059132768291729,-0.004070265905346759,-0.0027024465131613162,0.024207474347374358
2016-11-22,0.002165432272904111,0.000626373084310794,0.004272187429088747,0.0002548925619041409,0.006833296555739166,-0.002463555404874973,0.007205332584250712,0.03603947721674805,0.0023405676765124728
2016-11-23,0.0008080244329033981,-0.005098373463498729,-0.011780126646107836,-0.0076433603462994215,-0.006634104297313703,-0.005186565247074282,0.004919923900815082,0.010304965252273535,-0.00617971229847436
2016-11-25,0.003914386891670674,0.00503462658904219,0.002152466945884335,0.0015790042530161585,0.00032048307371135287,-0.0038065784017172755,0.0020219381369550593,0.018173287121064252,0.00034581761412555423
2016-11-28,-0.005254535631502799,-0.001967978324034614,0.0013216532062256814,0.007126217683511626,-0.017427637731796786,0.0002492064992136722,-0.0005308096826759368,-0.0026950938729078944,-0.0013277845107068087
2016-11-29,0.0013352930642269722,-0.0009857440201533896,0.007919382638556405,0.004644950150347604,-0.005542770856085788,0.003820299302255359,-0.009138622517316564,-0.03339797817354062,0.0012821117503916124
2016-11-30,-0.0026534040390964186,-0.008433791831144233,-0.013586508834843691,-0.017176810988908553,-0.01567171630962705,-0.020269781931543274,-0.011260145966123902,-0.0008967014020552222,-0.016059752558778673
2016-12-01,-0.0035155289737457407,-0.009319433651823195,-0.01759054596825438,-0.014886404433129052,-0.009219677712789642,-0.02803581589693438,-0.04945748091095703,-0.03970439621692412,-0.020890805390398448
2016-12-02,0.00039700650631591117,0.0037447318215437786,0.0008448236233189466,0.00017015756007121574,-0.004451035987987906,0.002606450747177913,0.009242319155819967,-0.002254227571355849,0.0009607225020074051
2016-12-05,0.005821305253253195,-0.007188488298545237,0.016371186323481224,0.017999566890540386,0.0256909057332686,0.017591059795381225,0.0387792852451474,0.029371246552803765,0.016923142108964617
2016-12-06,0.0034108883546988267,0.0076986354273749225,-0.00448352458980672,-0.0026214131031564447,0.0070586169129704945,-0.0010220636979382247,0.016434186445660304,-0.0050855909965381585,-9.906896636069362e-05
2016-12-07,0.013163241364864575,0.009822646246850253,0.023686414664465527,0.01969920796590774,0.007453704544334361,0.005455689057460633,0.017988912533278167,0.03927898836940713,0.013001820512586582
2016-12-08,0.0021593430473272335,0.009817359357731759,-0.0058661033294860054,0.004674705053802297,-0.004010774754608537,0.008139161570036801,-0.01672435123948013,-0.004452545532701246,0.00279428863982778
2016-12-09,0.005938984786955759,0.0163214580445441,0.01573520054808819,0.017958548975520294,0.0017332256331263896,0.006475480525560684,-0.017757952596442195,-0.0005720111783587001,0.009520033637289371
2016-12-12,-0.0011374349205595102,-0.005704076623910592,0.003227354801133231,-0.0019148806737130375,-0.011110195752249585,-0.015959310317136266,-0.024286531220901186,0.0013008438960526725,-0.008176208563423493
2016-12-13,0.006539774750587091,0.016681448606216343,0.013028755601790287,0.009208909349750938,0.018707533690754286,0.021567457889965835,0.01763571562250532,0.02972509618020802,0.017755055443196444
2016-12-14,-0.00811717185395111,0.0,-0.004763431191896039,0.0031276793403194336,-0.007128578366329741,-0.0008310653702939819,0.05791384235546726,0.0027252272268023514,-0.0011866866148294575
2016-12-15,0.0038832279549072535,0.005469176050225899,-0.0015954325308207284,-0.002738565219874145,-0.010171500111441079,0.002994706962725635,0.023431922445021014,-0.005586619127426196,-0.00036241792327651456
2016-12-16,-0.0017506226204834219,0.0012951050374054862,-0.004474187295150367,-0.0071233216286188394,-0.004244389662962256,-0.0058057399711266555,0.017222011913704982,0.02485070240083087,-0.0033468859557364006
2016-12-19,0.001975120701520394,0.005777405893091059,0.021187713880026937,0.0032844730225480845,0.010860789451083708,-0.005255794351412324,0.012150188574975962,0.0011852284519540124,0.004416330445296435
2016-12-20,0.0036375121488696482,0.0026576343471444996,-0.001257261568682444,0.003323074572471052,0.006814662979457875,-0.0012579453670593654,0.0348324279797132,0.02989199578262669,0.002476585021195632
2016-12-21,-0.0024573614565177593,0.0009404680404674348,0.0,-0.00367996073803889,-0.0008039740674588014,-0.0004196928577957504,0.006275328556136772,-0.005220520683151264,-0.0008744513325315006
2016-12-22,-0.0018629737285675851,-0.006577514899315795,0.0001571307276364564,-0.0031026941248097906,-0.005528093518598509,-0.013776941894466543,0.012095335701638898,0.00361092210958347,-0.006898959422537598
2016-12-23,0.0012517152775348706,0.0019775737866651877,-0.004878279114100437,-0.002321929065460804,-0.007503256485194232,-0.001107393282132274,0.024927117444309532,0.023458878645067793,-0.0011653378759719502
2016-12-27,0.0022483727122095676,0.006350972627623408,0.0006329771738045054,0.0026366867101517144,0.014212667910831422,0.006310158446521941,0.06868295465177399,0.029014693821664217,0.007400701137486365
2016-12-28,-0.008356529175972627,-0.004264143137790333,-0.004583004632631615,-0.006617727679538499,0.0009463060338679163,-0.009236432493648805,-0.068786298206725,0.0009565849240522617,-0.006296933968699903
2016-12-29,-0.000293304709629405,-0.00025692155529322136,-0.0014288092834909838,-0.0021005546992082236,-0.009039903514286185,-0.00487510934083768,0.019954488224685374,-0.02302717301331647,-0.0046354144425326815
2016-12-30,-0.004637050227782158,-0.007795691682960237,-0.012082555245655047,-0.0129906699795167,-0.019969939098456124,-0.011173210158615388,-0.04208919653891974,-0.0046115136580925364,-0.012398059639916359
2017-01-03,0.008486575281279274,0.0028492167922664624,0.007080688036368521,0.019635305685447246,0.005067508446695346,0.015732373240526787,-0.0443133702207833,0.015442882835696947,0.011479038703655409
2017-01-04,0.005722273788525856,-0.0011193636662291118,-0.004474187295150367,-0.00029700888098382894,0.004657284610836365,0.015659753634380325,0.0233311414886217,0.04608509628379487,0.008246450013415396
2017-01-05,-0.0007706704833204681,0.005085541723353737,0.0,0.006499237285878978,0.03073239887913859,0.016682016502798547,-0.02538549993508543,-0.0010573016932267087,0.011623690134860531
2017-01-06,0.0035169592193697863,0.011147989023819749,0.008667870969775615,0.014993546509540323,0.01991160088348276,0.022706628198222667,0.01336722850543759,0.009966895409707854,0.016921460498808605
2017-01-09,-0.0035485942758867184,0.009159599756602965,-0.003182874735714547,0.0023873351428487233,0.0011683855384734265,0.012073531726983333,0.04054311759006435,0.009912262252654847,0.006386182473854474
2017-01-10,0.0,0.0010085654342468775,-0.00031951998895163314,-0.0014145947694912397,-0.001279990502987438,-0.004403466893546426,-0.007550217096602196,-0.006096497424114444,-0.002475750746864125
2017-01-11,0.0028296382793233654,0.005373457072961774,0.009102640467971712,0.004661048632710774,0.003920142024267603,0.013992642235523878,-0.01230394402315571,-0.0006090579683538655,0.008804140034849972
2017-01-12,-0.0021448089967596173,-0.004175614931237193,-0.009178530926019057,-0.00039758821783653087,0.01829738902683742,0.0042034364877086006,-0.016355885239170975,-0.0006094291460314594,0.0017857214738932203
2017-01-13,0.0018498402425362048,-0.001761037050062697,0.0014375486962354689,0.0016998910665797506,0.004301638082535586,0.013583978613189274,-9.686234326200527e-05,0.03554165910672369,0.008177864122205891
2017-01-17,-0.0029675026899970147,0.008064647315146445,-0.002711396885106687,-0.0041882478890270525,-0.009080412088530276,-0.0036621833675614113,-0.02243053127262684,-0.009127294759965876,-0.00366868846158519
2017-01-18,0.0017637540575008437,-8.344314842445577e-05,-0.0004794800930478793,0.0018853644914231804,-0.002766376316502117,0.0003909352958861856,0.018197861302020835,0.011800718170465796,0.0006963267672268625
2017-01-19,-0.003609308355419394,-0.0017501764349160398,-0.0032002568927516073,-0.005609125531658599,0.001931914448134897,-0.0028922827652424488,0.021466813005940555,0.02265484584252664,-0.0010764595702883462
2017-01-20,0.003366237154707852,0.0018368413431140151,0.007062367488897658,0.004609656656199945,-0.0008775727540912825,-0.003998482649318791,-0.01093589764833458,0.003979211340805033,0.00041814322062516673
2017-01-23,-0.002690124758069401,0.0006663038843612856,0.0035066224922086775,0.019633815633309126,0.011814504334756615,0.01487736840658238,0.010383889121367007,0.017121013222806347,0.01185651914581598
2017-01-24,0.006564593637664151,-0.0009156784031594256,0.008894500936512673,0.006039409404765106,0.005575405566935476,0.003412446229888122,0.02131514198518558,0.022858758549190616,0.005825082757911382
2017-01-25,0.008026090549617448,0.01592058806122476,0.0025190150455278726,0.01049989026726239,0.017119754327643122,0.016309843593591333,0.00428579120908168,-0.0005499330562692695,0.01210616344755544
2017-01-26,-0.0007353844075136395,0.0004921893708957903,0.009265021198582746,-0.0017124240769545995,0.0031439832513029398,0.00988745870883978,0.017255733425250774,-0.007702287210641479,0.0056560946756401
2017-01-27,-0.000866463892926328,8.197989592351185e-05,0.023494719124319996,-0.013944214536362076,-0.004027854767751027,-0.004518674451243543,0.0193341357991883,0.0017424922931057463,0.00026745824232077275
2017-01-30,-0.006009543517695892,-0.002623888069157143,-0.009881334297330402,-0.025087933219570813,-0.0064491599651470555,-0.009078603408291808,-0.01565710733138359,-0.009171674163915622,-0.010468550860337711
2017-01-31,-0.0008899054071440649,-0.002301967612838407,-0.00736997482885926,-0.0044183500419008315,-0.008309477885662386,-0.005039084258083637,-0.007634861285208405,0.005186895116227497,-0.005059974379083898
2017-02-01,0.00029836348965073256,0.060980179591867856,-0.016550639037380854,-0.006035166486899168,0.010771373223389613,0.02232973725549048,0.04368922569586431,-0.010677646659077555,0.011884626363399153
2017-02-02,0.0005703094032936118,-0.0017083549670972031,-0.006448492407284956,0.0037043737844317803,0.009130799911785559,-0.017938746216810908,0.012637138580266383,0.009268250070681772,-0.006469383779132198
2017-02-03,0.007264758098647794,0.004279065287471129,0.008073335167324336,0.0022852836072444482,-0.03541884643413129,0.001069912278457874,-0.008753163148272902,-0.0008746279419173941,-0.0022225086912910363
2017-02-06,-0.002115356985885164,0.009373883679857808,-0.0006284040073499808,0.0018168834056733196,-0.003159673101806648,0.008245625057435424,0.02561657896723557,0.02562376061798921,0.005543919484040982
2017-02-07,0.00022682918569594257,0.009517325560634893,-0.003299682547874161,0.00926213779774443,0.006017533324283564,-0.0016658416319272895,0.015514326798302447,-0.0011251188300628323,0.0016388800909801216
2017-02-08,0.0006933223855400961,0.0038775821317773573,-0.0014184310089916385,0.0007838299612401567,0.008873854417067228,0.017900443781762698,-0.004364852737211433,0.01786550436031553,0.009576886228132686
2017-02-09,0.005752546449780516,0.007225767359784863,0.011366907474706922,0.00021688632694161214,0.0020129181561270304,-0.0004472004837865473,-0.018801101571507273,0.027167272901938322,0.004081663665128632
2017-02-10,0.003566050102845164,-0.0022651831015747526,-0.0009364529403658173,0.005770720253521544,0.007426714212598773,0.0003727765742942424,-0.02371535682584791,0.00011148636943625334,0.0012409782404581016
2017-02-13,0.005245845097992419,0.008855231057288693,0.011249753995327572,0.0049230781688416325,0.010961226604057517,-0.001043545634212828,-0.046118669639865995,0.04223151490536248,0.006356231768196663
2017-02-14,0.004007335176634763,0.012979289835117092,0.003730631995139344,0.0012754217915733612,-0.00016735728527694782,-0.001491764144815999,0.0036906581928342064,0.0013542446986194445,0.0015297778867437994
2017-02-15,0.004992308919898214,0.003628684217207079,-0.0006193958665375865,-0.0032261480589613756,0.007544288006336997,-0.0030630007313395824,0.0020223579795215496,-0.004341936732680907,-0.0006873926735646574
2017-02-16,-0.0008641180363413437,-0.0011801569221381314,-0.00015496123687364083,0.00579233787509148,0.0017088504510958114,0.002997626198521175,-0.016054999428044003,-0.03864027372388368,-0.00030363733768401513
2017-02-17,0.0016785565287558146,0.002733292468990678,0.00154998293988573,0.005200823615767458,0.001101740442605026,-0.0023163490677133858,-0.00018630117697393533,0.012195542272078752,0.001069989653309289
2017-02-21,0.006048066160828425,0.007220667223260868,-0.0020117553121713483,0.0032130070204843264,0.013454428121802309,0.0014229531682150576,0.03581106804501055,0.01895455321252637,0.0043926905970479435
2017-02-22,-0.001082200145408052,0.002999600254217194,-0.0020156801651788347,0.0024609006610583073,-0.0009691301880624392,0.017947868034799086,-0.001532931442892238,-0.013987544509128647,0.006565763947563141
2017-02-23,0.00041898672168572126,-0.004230510382950192,0.004039633404020249,-0.000422738246613541,-0.003997092731641838,-0.00558340005749991,-0.09272298686767477,-0.06405612128285887,-0.006831443289877059
2017-02-24,0.0014933641914423035,0.0009525699351933259,0.0,-0.0037486607251262516,-0.008155454539350404,0.0005911575890933385,0.00965244780145702,0.003945460066550499,-0.0009267258278908841
2017-02-27,0.0010179830611165563,0.0019754371477687105,-0.006035005531969007,0.0021941238256024675,0.004022482721395049,0.007161680616181831,0.029075781423537395,-0.04190663914295778,0.0008819345400108425
2017-02-28,-0.0025783763780462543,0.00043812723922664887,-0.0038925169896043554,-0.005578856166772006,-0.004242088719402681,-0.006377609161337339,-0.02806212049418666,0.015270331412970961,-0.003993674846786255
2017-03-01,0.013673854659866258,0.02043944988677504,0.015004817674652449,0.013989427579684577,0.009514352875576781,0.013870353224382459,0.012908592504291105,0.00011993887695105343,0.013453975931884798
2017-03-02,-0.005859880503598425,-0.005937321734464152,-0.01432092332185253,-0.00805376433075733,-0.00488816785598345,-0.004802822726694855,-0.03687129997673899,0.0018399484050042325,-0.006939066905542912
2017-03-03,0.0005038772720600271,0.0059011557304573525,0.0037494787461516133,-0.0009061858551483448,0.001142643194159465,0.0029980503579507545,-0.005757494758300785,0.004351614767985623,0.0026789111489782247
2017-03-06,-0.0032772408480052917,-0.0031478946973164668,0.00031107659215101613,-0.0021315813592305277,-0.003847553226356548,0.0018224868892982027,-0.007721277661395964,-0.0014310232140101187,-0.0003971770903477001
2017-03-07,-0.0029133737680216987,0.0012917072912275174,0.0020229072564605932,0.004579361438978635,-0.0006969647787669064,-0.0008729967383840354,0.010955198603993965,-0.010429562301419115,0.0001669612827495115
2017-03-08,-0.002284215165048731,-0.003727441114863672,0.009161296964507404,0.0029256011900604673,0.005295450345943475,0.0030588292651072546,-0.0018229386727083297,-0.006918982373962046,0.0032067644110085336
2017-03-09,0.0007998953585612867,-0.0023021183567204506,-0.004000539334558795,0.004919912719267172,0.002939447278418772,0.003775785454229741,-0.00020266795788193015,-0.007979851500776736,0.0012318421766897014
2017-03-10,0.003268670195698986,0.0033173618625423895,0.0030897783979892957,0.004161778691592843,-0.0006330697838242694,0.003978481571188741,0.005886019041698498,-0.0049408426009909245,0.0027645935988600545
2017-03-13,0.0003666328125562224,0.00043110906715937425,-0.0033882742231867713,0.0036799938359100004,0.002498620827174447,0.0058361648192502,0.027541816971581312,0.010176830680722393,0.003350181125476137
2017-03-14,-0.0033790271755046453,-0.001508586679332291,-0.004635969967709208,0.001538304474464125,-0.002410527652102701,-0.0020056592209349855,-0.0006871840972746401,0.04805628371511106,0.0004519927909563126
2017-03-15,0.008374752796581397,0.010576535918606078,0.005278431256265703,0.0028640216495656734,0.0005160958454508702,0.002871111618514055,0.007565363003673609,-0.008798421425113223,0.003166856645661298
2017-03-16,-0.0016267102694209612,0.001637484203856232,-0.0016988469566808773,0.0018540019877575364,0.0005276363750852386,0.0019324026095897118,0.012286859896158076,0.024713450219121746,0.002315432083771274
2017-03-17,-0.0013143147950017697,-0.004975872039701068,0.003558433755483481,0.002724113307784881,-0.001300649824284017,-0.0010715961331732027,0.021770565762194716,-0.002098847828182704,-6.34074035413823e-05
2017-03-20,-0.0020098935338483948,0.010501103189118899,0.0009248291763792604,-0.005112537825805674,0.005467444629579932,0.0007149442114056104,0.031865490584025435,0.0016061116267274134,0.0018350394059660768
2017-03-21,-0.012407972940626899,-0.01145183963463714,-0.011088797327218125,-0.020474518111522233,-0.01606822787173301,-0.010218526448134702,-0.032343317703677266,-0.04291381746799239,-0.014419400810374294
2017-03-22,0.0018898864360001877,0.01129814340843227,0.012770472252416454,-0.00039976050514400896,0.00576375786046146,0.007797357814549599,0.0203944196128214,0.017273078068332337,0.008286441934239663
2017-03-23,-0.001060269661328106,-0.0035353163996894033,-0.0024602514552816146,-0.011944186157511805,-0.0008018394176448895,-0.00042982274761005357,-0.009067935439248442,-0.00090202828464514,-0.0026828691290917694
2017-03-24,-0.0008439958489141475,-0.0019869368055631664,0.0016957687492562545,-0.005371052874029281,-0.002088814407849471,0.005805102257737893,0.0035484873110249726,0.03289120992821504,0.003281966655539925
2017-03-27,-0.001019587452981141,0.0017068643553126428,0.0018464623294105476,0.004035187111243621,0.0014309457261052483,-0.0001424356496082524,0.0072574756155170395,0.026827796887382016,0.0025745989544998515
2017-03-28,0.007251474353500598,0.020726219538585555,0.0029185486223906043,0.002528392654853606,0.010840547887150054,0.010262188954784701,-0.005173074113068665,0.0267559948391054,0.009863502993987083
2017-03-29,0.001085324742930105,0.002225159254683362,0.002756962493312587,0.010991669159165607,0.021401878096712013,0.006278144240821515,-0.0032498602797099707,-0.0002523309678981178,0.007323856913977966
2017-03-30,0.002935109936855751,-0.001318044158309828,0.0036656077932670783,-0.0004590028141265856,0.002310406725650971,-0.0016823029393753242,0.019191007272750582,0.0019467497819007917,0.00030320277100726045
2017-03-31,-0.002255047489714501,-0.0018755423484317912,0.002282805672333854,-0.0019776569707005143,0.011639279409916048,-0.002527976296165968,-0.004295995789022733,0.0013673037946848599,0.0004567251959239904
2017-04-03,-0.0016421255420062675,0.0002781720619811079,-0.0047067252080758015,0.010556836495572819,0.005606082655188249,0.0016191562143672567,-0.005049092989903414,0.07265538500445645,0.005804573031593874
2017-04-04,0.0005595225490382383,0.007445713333557258,0.0027464119162214917,-0.004878920057998615,0.017184301509601818,-0.003865730057553751,-0.0701236929614123,0.017352355705321898,0.0016888282341227523
2017-04-05,-0.0030548611983906016,-0.005180661807007381,-0.0025866296941504663,-0.004292925197283193,0.0027017495033232475,0.0008467740799822376,-0.00744174748386528,-0.02864668535390913,-0.002515335478291303
2017-04-06,0.001929509405943275,-0.002499008520657875,0.0025933376984481615,-0.004488075596871699,-0.012097466755439101,-0.004793641265707471,0.0072977560436793265,0.012542335863124032,-0.0031424038562303247
2017-04-07,-0.0008271302020167459,-0.002227785408550398,-0.0007611725090320709,-0.0035497617493650546,-0.003785055396937742,-0.0027627959573391925,-0.004267883119225879,0.012855637977449375,-0.0016956601007979133
2017-04-10,0.0006876864837839225,-0.0011857618899531186,-0.0022837197904319595,-0.0004750971289920747,0.013588452441311683,0.00184685770820181,-0.02551526527399517,0.03255773135831275,0.003699539859023826
2017-04-11,-0.001433879303282093,-0.010756580624687873,-0.0007630465651637941,-0.0021623178601778426,-0.005159665583149842,-0.007940945058457105,0.0035796971373893705,-0.011780116939354768,-0.0060503992388701855
2017-04-12,-0.003759951034546627,0.0012001946840276556,-0.0038176965264377083,0.0018811735295918286,-0.006793286071941518,-0.0024299910002771874,-0.008255204435489882,-0.03845036378853883,-0.004587625539429152
2017-04-13,-0.006814694227374907,-0.005289285434539992,-0.004292866852636745,-0.0015211387342065619,-0.012898454814163851,-0.0013611663154948772,-0.018703235824829467,0.024120725067491966,-0.0024315548691031807
2017-04-17,0.008613348940219367,0.005530046414162104,0.008160224799824034,0.017793770013533994,0.01957786036312048,0.014563459147295843,0.03916646062172324,-0.008421007061268249,0.012427444566069923
2017-04-18,-0.0029033798625895946,-0.00444160475469102,-0.001374352760607156,-0.001333053768448389,0.0019845104652858048,-0.0032527382623720458,0.0006044831722467059,-0.0039477635540767775,-0.0021278582880809305
2017-04-19,-0.0017163507793208632,-0.003683090799193822,-0.005352568327610441,0.0029507738101395287,-0.005067607066505442,0.009293509432269031,0.003928227588502864,0.017552054419372798,0.0032773591824863946
2017-04-20,0.007557263417987681,0.012511027272666508,0.00707264435672883,0.004168151031772815,0.0031806396643336843,0.010754120056576832,0.015850460791991594,-0.00985204376039106,0.0072940292702261544
2017-04-21,-0.0030350729326357184,-0.0011936008555700761,0.013740742474855905,-0.0013137703117920285,-0.003913314530636147,-0.0008343710923887082,0.004147604655430515,0.010214507204857837,0.0018546343619889605
2017-04-24,0.01084006896297951,0.009629253136352878,0.01701771868866153,0.023260865987819734,0.009882814370667736,0.012458271985498648,0.012490309472170669,0.007951603024820342,0.013713114331654674
2017-04-25,0.006090687476747014,0.006196359784902183,0.005775256210143187,0.011275107178763788,0.00023146894751158165,0.007011526618366126,0.01738690673521126,0.018699422064641924,0.00713118396989354
2017-04-26,-0.00048570348354270987,-0.005881019581962965,-0.0013252892276351957,0.0003374990773872266,0.0018399750444610952,0.00047801472863895356,-0.006873957083991855,-0.011536362728744365,-0.0010447280567035255
2017-04-27,0.0005529198041311911,0.0007652395003510115,0.006486887238074335,0.0025866775436318434,0.00999677301508961,0.007778248475713845,0.01557384972589726,-0.004965028404995131,0.005840615528229343
2017-04-28,-0.0019131470681601481,-0.000973467341912726,0.002782722656171188,0.037108658330752275,0.007197490485894464,0.017264738533693036,-0.012684629144645965,0.017626304762964118,0.014005939762738562
2017-05-01,0.0017322905115801923,0.020396656333238727,0.013877030831086934,0.00897750070129577,0.025124568738659425,0.014709006419383996,0.022435553680168585,0.027891854114518555,0.01651835611179009
2017-05-02,0.0011890499458222514,0.006344932412871929,-0.001584730247965127,0.004577487087729537,-0.0013604062874136291,0.002098706578041787,-0.02963300904909072,-0.012204567888302154,0.0006565998323202482
2017-05-03,-0.0012713605313821041,-0.003050858136939949,-0.0031747947316339564,0.012122728950654693,-0.006241191801434343,-0.0064143745660717455,0.007441452924412895,-0.02467931806646917,-0.0041327089901624925
2017-05-04,0.0005821026438950216,-0.003603788146114284,-0.0039085574644788235,0.006610768995259253,-0.0037193127310027885,-0.006258260503355206,-0.00383676258480381,-0.05002899014132822,-0.006089038874871
2017-05-05,0.0040886954080285864,0.01658362557880677,0.0027615577949355874,-0.004650551267787573,-0.003605190686853832,-0.004043749683223297,9.617212594759117e-05,0.04362697085089429,0.0016501784986571177
2017-05-08,3.744597299082386e-05,0.0271885659426494,-0.0008695344679999772,0.00885006473626282,0.015939607113341525,0.00545800947127284,-0.010494972580547102,-0.003761964382840155,0.0075842889839918826
2017-05-09,-0.0010252486299153762,0.006404735377094628,0.0014504243386683768,-0.0020653592655381914,0.003982954930507487,-0.003839636361160137,0.0016540833901879104,0.045802257580723316,0.002113754712654181
2017-05-10,0.0011306013658478609,-0.004740984323032493,0.003910577454544262,-0.0019546496862747897,-0.004061638578303994,-0.001262570354501169,0.17825950400834634,0.012326461540900224,0.0008643308834317409
2017-05-11,-0.002162809124616749,0.008648550655681486,-0.012263919325376738,0.0010997179222322906,-0.00140150282073348,-0.0016634898206252524,0.042954590003370985,-0.00651863161783095,-0.002014095294943119
2017-05-12,-0.0014784413679722608,0.013965305432358077,-0.0011680332024253115,-0.0007846039851421294,0.014488941596833227,0.0019329207927123448,0.010988523011566942,0.005292405210798323,0.0041283409109889035
2017-05-15,0.004776513648450997,-0.0025621327710448893,0.0007310590013769325,0.004271539283081216,-0.0035159417320134168,-0.0009313022861791032,0.05019926131752506,-0.027492985952879856,-0.0016037935213825127
2017-05-16,-0.0006868970151433507,-0.0014767207776088531,0.020135082257059622,0.005618998400441111,0.008455434019437602,-0.0027298619398262725,0.01861373845428127,0.0035773656379796126,0.004349624722582934
2017-05-17,-0.018178214414433458,-0.03357609819758356,-0.027805562402110184,-0.02326306476790252,-0.0220584873112859,-0.03291494808084716,-0.06644261323306055,-0.03438380701321975,-0.029819890535297544
2017-05-18,0.003686818283279214,0.015241471114682659,0.00340845970189263,0.008841284210902245,0.014532803344671885,0.01939939339003738,0.04188835444609462,0.02270424662501913,0.014609306601235827
2017-05-19,0.006767499942466504,0.003408720096235607,-0.00029541323690995824,0.00436601919525792,0.0014084877005076102,0.002708843934073668,0.02309529514800368,-0.007123221570720428,0.0019294521341963744
2017-05-22,0.005160131149745784,0.006076209253456977,0.011227722522652472,0.00986756580006709,0.01128313229309863,0.0012158059123734688,0.0213231296828722,-0.0015442325945463908,0.005872027599250318
2017-05-23,0.001837871992654172,-0.0012337149046423024,0.003359608447773166,0.006721354817827541,0.0008962673682750832,-0.0011469070483310917,-0.01346292953908601,-0.020911878559512043,-0.0003195141165339699
2017-05-24,0.002489126548973042,-0.0029909938326624363,0.001310645922487419,0.007274387720235254,0.009068122152297464,0.013304529232326168,0.011238540742608771,0.020930680784285283,0.008706451667783721
2017-05-25,0.00444194837709877,0.0034562228010954765,0.012360390136674448,0.014576270014406756,0.013291107520177148,0.012796570063262402,-0.0022370720674411704,0.02130743638162036,0.012457843097297916
2017-05-26,0.00031054999597146526,-0.0016895751050851615,0.004883225734780394,0.001421605853097141,0.002416049239541307,0.0011186286937756584,0.02589319388463851,0.026228617616507632,0.0033471032360525843
2017-05-30,-0.0012046245861250249,0.0003904960838745364,0.006432612246357383,0.002919687141574423,0.0009238510168030345,0.0016434712009045782,0.021362060578394404,0.030632936854847692,0.004271124115635905
2017-05-31,-0.000459968801852062,-0.005921582682796189,-0.008095771005809715,-0.009114821206547608,-0.0020868886016521815,-0.006037466285280235,-0.0035892916465800617,0.017636485991062267,-0.004831269837262564
2017-06-01,0.007571112611303388,0.002749111875391952,0.003723248472303764,0.0012157021935093049,0.0013372266549704914,0.0004619236357210621,6.938413849155722e-05,-0.0018767257398862869,0.001302015493585884
2017-06-02,0.0037077313104922904,0.014819118620446492,0.023680108379583453,0.007922667612904277,0.010823789217132784,0.013726789859677346,-0.0049878181413351985,-0.001527722510787366,0.013281682312677345
2017-06-05,-0.001217665183814387,-0.009778079673327777,0.00724632612501197,0.007790136586125707,0.004579243496091179,0.0001302309125008616,0.03042327650988441,0.021980248714097206,0.0035832171583538575
2017-06-06,-0.0027790399654609166,0.003378046641650867,0.0033204776561912563,-0.007172141496996742,-0.00824648102164205,-0.00533747299784304,-0.004526801684623827,0.0159218742715026,-0.0023522157483331085
2017-06-07,0.0015682572275503848,0.0059568153203424234,-0.0017930001357756575,0.0048360596288063995,0.007048860527522072,0.0020286946969205744,0.012081003686902125,0.019271708483604266,0.003922886219598354
2017-06-08,0.00026720472849017796,-0.0024455143687173164,-0.006077658494553662,0.002775727407874573,0.00019797283670675014,0.01038393164209972,0.07255900471869348,0.028777999979157753,0.005745118328453591
2017-06-09,-0.0008299892344156845,-0.038776989821131536,-0.02265487536475752,-0.03401427202207885,-0.031635098854680854,-0.03302952787415003,-0.06464914337557115,-0.03427033634338705,-0.03214613554254708
2017-06-12,-0.000978763178264619,-0.023895631613409796,-0.007678748263684865,-0.008565971282160634,-0.013697130252466216,-0.007754012780636033,0.002473182388808226,0.004729671679755576,-0.009229149439219708
2017-06-13,0.004511505177332342,0.008045165875188776,0.012467231130727008,0.009035100008130792,0.016457546404488266,0.015090044432676697,0.009535240428646619,0.04718532194258196,0.015413828160669052
2017-06-14,-0.0009958307964025304,-0.009755001491244641,-0.005378217013306319,-0.0026481382214960103,-0.004404604411325286,-0.002853544958514753,0.0021134591367810707,0.012528228772248573,-0.003013597156252823
2017-06-15,-0.0022395981461527104,-0.0059933275319409285,-0.005265568365183881,-0.008006857805535561,-0.012596427099190954,-0.002994956395335424,0.004284208401466261,-0.013975690849574174,-0.006231457219615488
2017-06-16,0.0002836393681004967,-0.013999216559796634,0.0014307892074092443,-0.0016246017801494483,0.024414822186134,0.0056074816162887675,-0.004922049120593575,-0.010497150563255842,0.0034378791572253764
2017-06-19,0.008347228657875183,0.028607399476128004,0.012428647155384276,0.01731662857125915,0.007552768927631126,0.014803315499126724,0.03759390545671182,-0.004308019545855357,0.013939520098712022
2017-06-20,-0.0066966373620162,-0.009088690628789808,-0.013546157224003319,-0.006388418860030387,-0.0025924777666052057,-0.004055596888412505,-0.0014619364257486556,0.006598147050542957,-0.005518729439869197
2017-06-21,-0.0005826443900691647,0.005930943021638102,0.005149625618843023,0.009907365353054809,0.009711934042506698,0.010903098826406499,0.015150455980031063,0.01117554424882039,0.009255503095669138
2017-06-22,-0.00045578207221763645,-0.0016454274331062502,-0.00014250410547544945,-0.0020131542299867133,-0.0009279538602157134,-0.0033136671938568396,-0.006897831100525997,0.016498465012477537,-0.0008695298048134736
2017-06-23,0.0015609155178168965,0.00446344303010604,0.013521125821435387,0.009696712934270657,0.002436865101283159,0.010886616452617348,-0.028666888043428873,0.0021954374532506815,0.008492942951018989
2017-06-26,0.000315801794623205,-0.0031448685945081323,-0.009548856166132103,-0.014197576163808567,-0.009723612882453048,-0.009544175523328202,-0.010921421007158538,-0.015543088109582714,-0.010011100854585453
2017-06-27,-0.00807282488613359,-0.014333017565464568,-0.018715814489615346,-0.024688992129903164,-0.017304182934144485,-0.0195975590166374,-0.03660860206835692,-0.040054017543423526,-0.02085587140552181
2017-06-28,0.008808066374833778,0.014611091947388521,0.008525032128424703,0.013627313744218439,0.013872066463946231,0.017665164789328447,0.03527085825509091,0.024477666146892174,0.015431967833233085
2017-06-29,-0.008600023246820632,-0.01474280002462347,-0.01876827154208216,-0.02413095006278243,-0.014540555710960135,-0.014356681948053174,-0.033410155920086115,-0.028256648657213446,-0.01751133955293338
2017-06-30,0.0015332318107057485,0.0023657806145112037,0.0064244068464061055,-0.008679641280921468,-0.008125575079485081,-0.0003973405324241286,-0.014453263378859105,0.0023839082899164143,-0.0010164109434842583
2017-07-03,0.002310833849555216,-0.0036102625719058867,-0.011025443293333659,-0.010993029930841391,-0.014814108389417546,-0.016889566809029866,-0.03617874386387909,-0.024861017541874753,-0.014380747977121078
2017-07-05,0.001453279024245635,0.004111229174950992,0.013348762316792051,0.013921220112567578,0.018602039774678225,0.012868037221702933,0.02669913209555075,-0.07240087231100589,0.007645220125573449
2017-07-06,-0.009368823820586791,-0.00943836451948532,-0.0073823720556872585,-0.004902016930824371,-0.006444301571102318,-0.0101103773724599,0.0030061762828523797,-0.05582559174516721,-0.011030864703318044
2017-07-07,0.006403125486305727,0.010159092774951306,0.012979121638821534,0.014142612599005178,0.014111937258636909,0.017605129970553968,0.022860250466841148,0.014214882525563466,0.015076408198594349
2017-07-10,0.0009277662125786179,0.006103155831719276,0.007486270664009309,0.010831216609961336,0.01809436157060018,0.013602849078002466,0.04728809637503795,0.0090352135473033,0.012183043971998098
2017-07-11,-0.0007826806116978391,0.003240445172588702,0.00014285559731841424,0.002660271180772611,-0.0023483010247660197,0.011531043621009207,0.014183672962834182,0.03534252795483339,0.007216635487071299
2017-07-12,0.007305607635895495,0.0014429012023726706,0.016574201298772406,0.01481869322355589,0.012453089005661555,0.023378517476266625,0.0425320909877569,0.007028925342357439,0.016952844254623622
2017-07-13,0.0018745843139260643,0.013929074385164775,0.00871398420919589,0.001229792397611007,-0.0058419432575773644,0.0022655363590662336,-0.011568267923956821,-0.018542123378747166,0.0018539213092638729
2017-07-14,0.004673503078699293,0.008594252291832083,0.014072517485011815,0.008319030733291655,0.001179219208357063,0.004458169832883607,0.026894100188920023,0.013512209263288222,0.00727995694417749
2017-07-17,-5.291283677333336e-05,0.0034887700431120994,0.007831912283869702,-0.0009724896387429682,0.00821511113764739,-0.0015003511184396023,-0.004243539864296153,-0.0250472625679502,0.0005249692645896697
2017-07-18,0.0005978573436131729,0.0034768603068087156,-0.0006816890697196598,0.01126083259776589,0.014266780755591402,0.019595675787068112,0.010411031464304221,0.027130254389051922,0.013184598659047753
2017-07-19,0.005372639356088893,0.006263893153611422,0.007640194248996979,0.005897003948070578,0.0023622115853150216,0.007859405343237924,-0.0051819086081766885,-0.009078761803985369,0.0056220164498099745
2017-07-20,-0.00015365928181010347,-0.004502789262507578,0.004873317640161634,-0.0005843707293715639,0.0017821758638392193,0.0023760727426396233,0.014536273761126761,0.014327017051524393,0.0025266055700801093
2017-07-21,-0.00036787164783502746,-0.0004656880377013062,-0.005792996982952658,0.0016630856386128379,-0.002945478717979899,-0.0006078435141678717,0.003582258990071141,-0.004607190366594627,-0.0016892721732758575
2017-07-24,-0.0010637348279797232,0.012111345835299714,-0.002575357201000772,0.0044977167061484025,0.012947588238978236,0.009548032410649387,-0.011600238876439573,0.04299636569936682,0.00914868120699519
2017-07-25,0.002923171678338221,0.004273750983164515,0.008016542302355267,-0.02932964300727814,0.0008855370482221403,-0.004337274516477474,-0.004814881943838167,-0.008525099770780753,-0.004164530384313747
2017-07-26,0.0002826639480466575,0.004713827143912441,-0.001887050738718088,-0.0038389068632440626,0.012434239603503539,0.001996670080063767,0.011551228370141109,0.012514701075326817,0.0029419777482229126
2017-07-27,-0.0009726882691745153,-0.018897529673033597,-0.012019181614715824,-0.013259993778372059,-0.006458969538946313,0.02916486162545584,-0.033002264369890844,-0.027308396738741525,0.003987500041738645
2017-07-28,-0.001341115577770502,-0.007040191671281115,-0.0016400974613308694,0.0061100617619496145,-0.02481836242119062,0.01179298182464783,0.016383903944473976,0.001823831604937487,0.0018613391530357681
2017-07-31,-0.0007281456077897763,-0.005150803237032986,-0.004654977643118952,-0.01338767677383046,-0.03162619107383857,-0.018556078386544383,-0.011436438159594497,-0.034619599719763694,-0.016943926185453484
2017-08-01,0.0024491149692504877,0.008875775555882148,-0.0016505897947199921,0.0011211435452915808,0.008514076201260101,0.0036041338141263868,0.01218433726604995,-0.01205677008226358,0.002725536006658258
2017-08-02,0.0004926487188865458,0.04725062504313415,-0.004408657885312639,0.0011408265437231613,-0.0003012116935388054,-0.0032968056009993196,-0.0006081835744401465,0.019776573954314758,0.0032063228185827963
2017-08-03,-0.002183654185644257,-0.009991039145773706,-0.0015224076407960307,-0.0077455703205906445,-0.009006974389444977,-0.004193877629675158,0.012713825131821954,0.0650526513735219,-0.0013194869366328632
2017-08-04,0.0018891035295691694,0.0052706334507679475,0.007345714827692973,0.005838593358630684,0.0006687663761180129,0.006109633915543977,0.004384500810520109,0.028292383368331286,0.0068124207744579834
2017-08-07,0.001647199789928111,0.01547462462528637,-0.003852282219383274,-4.223609930775751e-05,0.0047489228747330525,0.013913423004192182,0.030740860242257417,-0.004875225943531958,0.007323021841843413
2017-08-08,-0.0024144327873969473,0.007997011390199482,0.00538699008558563,-0.001649551795138482,-0.00244889215886257,-0.004360896550338889,-0.01189485108992705,0.02829631263376431,0.0008181298414560167
2017-08-09,-0.00036360867105078576,0.006121922776261224,-0.004396626131049408,-0.004352889919098768,-0.00791041735602449,-0.0002922090294293911,0.010627813183783141,-0.004627365110779436,-0.001949773170234148
2017-08-10,-0.014474441722801767,-0.03185155167106368,-0.014626789345397295,-0.017541042576479038,-0.02554958858013978,-0.022081818048100943,-0.042821104693726686,-0.02236403470594972,-0.02189656729530365
2017-08-11,0.0012755699762128092,0.013906376348466809,0.01526424412668792,0.007037736851871923,0.011568388608943936,0.004062178142634876,-0.053296004215530934,0.006949935317051015,0.007703123153820712
2017-08-14,0.010043754544535322,0.015049441104841632,0.015034288475054502,0.00950445885440021,0.015816260219888134,0.015885197777599558,0.07976375816981318,0.016570221297372845,0.015572258071137712
2017-08-15,-0.0004988078808476626,0.010947645811290707,0.00027317326039622003,-0.000905219938009072,-0.0005695083374003262,0.0014640734203643646,-0.008432499569565599,-0.004040664276399042,0.001184720871464151
2017-08-16,0.0014201029158569245,-0.004022393410570424,0.005872814443611762,0.006598517120915082,-0.004640100861969199,-0.005847911737778988,-0.010958857520044996,0.0016007926501722114,-0.0017012175622782566
2017-08-17,-0.015436952160958639,-0.019198437481749542,-0.016972343295604042,-0.01759020146263124,-0.018002837643680936,-0.018176425799335094,-0.022282737736689873,-0.030283041893870877,-0.018756033363689584
2017-08-18,-0.0018353673110713675,-0.0022801964744614267,0.0012430354385208897,-0.0015955959299882583,-0.0021861924295710766,0.002995604876341096,0.00018572396967897475,-0.012673311114715258,5.210732963956133e-05
2017-08-21,0.001162651069903653,-0.0018413832222493598,-0.0046902347769119945,-0.005733186767504339,-0.005404423101813327,0.002210165458855551,-0.014551237858120514,-0.027629053784943403,-0.0031544929621756257
2017-08-22,0.00994077978775465,0.016347428849986967,0.013998839504324678,0.021208275491103157,0.014276873008747692,0.011085844307708204,0.022262577355486535,0.010329693388882788,0.013724489802352968
2017-08-23,-0.0034535927149730306,0.0012515762361144933,-0.0060143481278994715,0.0023182465008602104,-0.009204668188810716,-0.005482012161735383,0.019993835556585626,0.03345540420719151,-0.001966006391206254
2017-08-24,-0.0020744620703185834,-0.0044380373068168,-0.0004122929438059586,-0.006036857987871014,-0.005793322416450586,-0.005749562032815625,-0.003678662546645284,0.00045360154190454693,-0.004369775454027391
2017-08-25,0.0016728693563305974,0.0037046555862971786,0.0017881410076254767,-0.006820332133283924,-0.0075489710670970656,-0.008465487106678049,-0.008353962962586503,-0.013827155730014362,-0.005584481495675364
2017-08-28,0.00048707205438569545,0.01007140833850606,0.00013735653127455727,-0.002546912098179255,0.0008039734902636209,0.005531439796218285,0.007080997673480693,-0.006866784012039551,0.0027913265041634716
2017-08-29,0.000842821736810162,0.00891778026289769,0.00302074312931766,0.008209830657654793,0.00849877250795239,0.004843254731808022,-0.0016370123664450897,0.004918102123601331,0.00570018547605633
2017-08-30,0.004615148933961866,0.0027009065135739085,0.013141747494956224,0.008421115196419526,0.014181544983208783,0.011127783087757637,0.005950623255779108,0.016754972691134018,0.010984623701268736
2017-08-31,0.005720976220730423,0.003979400866193306,0.010268660005588126,0.012303615585790073,0.013445724293737582,0.012064350793921985,0.022694269953980717,0.0077014640323460615,0.011030477435937991
2017-09-01,0.001982540682532896,0.0003049174644542685,-0.011100706444003294,-0.0034023983418093318,-0.002396498227640098,0.0002908623945010458,0.00601970430893517,-0.001404947921586297,-0.002453575146625586
2017-09-05,-0.007550806889900619,-0.012008431850744183,-0.004462980925978521,-0.01103986701580395,-0.013268556723623925,-0.007557278009030499,-0.026692326878766437,-0.016347760005731682,-0.009286101179170947
2017-09-06,0.0031287267736885838,-0.0010491414126030385,-0.0028528519192821955,0.0005734503113219436,0.0026210112293032495,0.008024726441839158,-0.0006029131301404922,-0.01447411322118497,0.0023725814894473007
2017-09-07,-0.00017843612323464875,-0.004014893624754823,0.012806313911822187,0.008354381636555885,0.0120582747635265,0.0065083478982805865,0.004644172576056205,0.01764727961577761,0.00808828176381704
2017-09-08,-0.001488850703918465,-0.016308708496952762,-0.0048424998228598914,-0.008927374223965945,-0.013854454733169819,-0.013047754814530577,-0.017349390220165795,-0.02056417827336232,-0.012056650442846095
2017-09-11,0.01083929931877714,0.018092531035494908,0.010543569273103737,0.001997107075262239,0.012485778315173057,0.014975117957433559,0.03243965381856451,0.05908562240162629,0.015399496225416698
2017-09-12,0.0033639480109453057,-0.003962834182567487,-0.0010703372764546693,0.0035618769952439067,0.004724177128713647,-0.00316976155602966,0.00360969191258409,-0.00258466740618446,-0.0010403066652503457
2017-09-13,0.0007571207193879381,-0.0075225532799675365,0.007097133779963238,0.0040036721765273064,0.017321701984327253,0.0005201649118053986,0.004480610155852549,0.009593398738436676,0.00393361861393382
2017-09-14,-0.0011007176162897148,-0.008581197036284571,-0.0058504158091452485,-0.0108475612486435,-0.007392941375093831,-0.012077255255237174,-0.005693449327451416,0.031155332074128017,-0.007289672633800204
2017-09-15,0.0018471814878802117,0.010108842771589188,0.007222364924692526,-0.005148199490687455,-0.005462551407736771,0.00397749912463774,0.06322318300723362,0.005746213391062849,0.0035961227818523955
2017-09-18,0.0014559207541648966,-0.007568358576191536,-0.00199167331386485,-0.005923420014076308,-0.012768695723707313,-0.009496694001975059,0.041308067000372706,0.013664753291859899,-0.006000508939256632
2017-09-19,0.0011101954279371107,0.0003785220373180298,0.00372535720715117,0.007647230925569071,-0.004444704451118442,0.014763792149011579,-0.0010662832629544372,-0.025714352807659213,0.005591249573766666
2017-09-20,0.0006343478158390425,-0.016757835294195167,-0.0066279850365141835,0.011399863408600774,0.0034540973363355043,-0.0020286558766545726,-0.00806015468854715,-0.0031724481425279283,-0.002102263040408836
2017-09-21,-0.0030459176984141134,-0.017172281093899455,-0.009741481908041916,1.0458449795081037e-05,-0.008795663989611846,-0.006156657973225177,-0.027334908947331593,-0.019871143403731972,-0.008460250301174144
2017-09-22,0.0006477937229520947,-0.009778876765072497,0.002695339810506514,-0.0045274074592936975,-0.009899903985017278,-0.003331222102798126,-0.009736978684817599,-0.041994069357169206,-0.006262995406393301
2017-09-25,-0.002222050282888466,-0.008822218589243591,-0.015454558264338836,-0.009520141570733776,-0.01602979609602828,-0.04497484342861091,-0.04469247481091343,-0.017374506834339942,-0.027316024180523812
2017-09-26,7.216672978804795e-05,0.017203622016327635,0.0,0.0033715090709824924,-0.0012661942691253314,0.008227403626354546,0.005614009584740343,0.0007536733698372267,0.005390484147117736
2017-09-27,0.004085143947080816,0.007117289567386109,0.00805308873061672,0.023969842620416015,0.013072633363619968,0.02113142347460162,0.021923606487756153,-0.012396827077865047,0.014943906637806093
2017-09-28,0.001204615596159142,-0.00615905384519011,0.00027121967159549065,0.0051150745725292435,0.005815741536933761,0.006262002430746927,-0.00028433623633050686,-0.004017951352455751,0.0032295391298975407
2017-09-29,0.0037051100814438076,0.005480001083564723,0.008392800737895945,0.009234964210681929,0.005175687471152379,0.01268309824681002,0.017588709794362778,0.004416978099188951,0.009539504146982125
2017-10-02,0.003874003457017716,-0.0020112770251429213,0.0016109904379491002,-0.006418615578826836,-0.0022468758846300174,-0.008193340112297665,0.0012863093609098986,0.001260661839917132,-0.0043699099153564624
2017-10-03,0.0021588381272976687,0.004355991824318339,-0.004690913742796843,0.0047649822005959575,-0.002178918009798525,0.002891286451702557,0.0020670954247239415,0.019354062073632994,0.002264771182560521
2017-10-04,0.0012467201713795006,-0.006473426495873347,0.005790566066913083,-0.005452122499727596,0.008724261753839224,-0.009060948375710254,0.008362794923446382,0.019733448385671926,-0.0018151586737263914
2017-10-05,0.005646787369921524,0.012444759338655409,0.017137099357340757,0.01904246172818702,0.015951120666370278,0.01674383659282941,-0.0005530452916671091,0.0009013983077243992,0.015463347181242426
2017-10-06,-0.0010736344069645076,-0.0005792417067495004,0.000395312333985709,0.008577090222259054,0.00890045477678969,0.005781258937676448,0.00293181180759694,0.004362107763772327,0.00488033164229007
2017-10-09,-0.0018044339160793177,0.003476938218583525,0.0038156818403041193,-0.001338422824253116,0.0014248351833214823,0.0015677331685521878,0.022559341981668313,-0.03906072378558045,-0.0004047245470647498
2017-10-10,0.002322412261707374,0.00038508113243018727,0.0,-0.004545139605250825,-0.003824436235170703,-0.00527533009751513,0.019095046016806005,0.03688687271526536,-0.0009234181240370676
2017-10-11,0.0018035072962026,0.004169669531276288,0.001703761845071483,0.018070624151735215,0.007901122058873167,0.00670205485243347,0.010638577159129525,-0.0027841047196057733,0.00662424582736354
2017-10-12,-0.0016867529508860502,-0.003513603937642329,0.00915994741912951,0.0,0.005959822304883788,-0.0011000479232318172,0.00047162192457728125,0.003045706658163727,0.0017112064973154872
2017-10-13,0.0008781073155288421,0.006346430896282174,0.00479785197798499,0.002207552734645235,0.0020080964130191337,0.00689672906305927,0.018635438581461106,-0.00030928456166490204,0.005022789192723698
2017-10-16,0.0017507533144689447,0.018408571041506505,0.0020646136221544875,0.0014682314590712675,0.0033900729019715747,0.0044893886013677164,0.01716445125835575,-0.013977550178338238,0.0038892392981642043
2017-10-17,0.0006725789853143649,0.0036906228425781507,-0.0007725545417719415,0.00163481156170997,0.0027724160936446474,0.009110721161031954,-0.0009093476176769144,0.014689141609866452,0.005413990249250045
2017-10-18,0.0007423349056041584,-0.004424992871540967,0.0002579317775275314,0.0017211209602838728,-0.012020305032128142,-0.0004541955155646926,-0.0008595232383580287,0.010962764159067495,-0.0011895622128380579
2017-10-19,0.00032799789456050554,-0.023659935433368973,0.0038650840351270865,-0.010762891727842727,-0.010421202279360164,-0.008350965028409707,0.0011134477113761143,-0.021798981582458632,-0.008841312910148114
2017-10-20,0.0051168427389869375,0.0017304180367598843,0.011551782918976627,0.0032240477802563117,-0.0037502431042488737,0.002406095688676224,-0.004550115767730789,-0.019072835359806528,0.0019851142111060316
2017-10-23,-0.003972484039719171,-0.0005118152744426618,0.0002538333963868489,-0.019431469579504368,-0.016898832106748696,-0.021202434381199176,-0.0014220272690489422,-0.023413464914415094,-0.014731923340674191
2017-10-24,0.001617908278173541,0.005955149894632639,0.00038107571657808315,0.0029932530403722346,0.009934793664073016,0.0030945051714030836,0.010477208684716688,0.0009494297097303317,0.0036430302900645195
2017-10-25,-0.004663049754275228,-0.004392133929440156,-0.0029169150365530028,0.0030046814527073806,-0.0030637973450112765,-0.00698483418514273,-0.02526672318838441,-0.034090140970734484,-0.0060674843428703
2017-10-26,0.001270946219078306,0.0063935486123116725,0.0016531645703581344,-4.0523002421299914e-05,-0.000493407922726008,0.00017584688182270547,0.010482280159028079,0.0010127374519863785,0.00106453554228092
2017-10-27,0.008073022498049642,0.035830039757613896,0.06411903679444553,0.04261557679005601,0.13216381132847022,0.042489608052767025,0.03152912104786343,-0.0162492452064249,0.05329291366226552
2017-10-30,-0.003192470570786421,0.02250837418075391,0.0009544619482639849,-0.0005221574302423093,0.008992214476522209,0.01118726641768486,0.009809035678746802,-0.002462011664685293,0.00794467737731197
2017-10-31,0.0009444586571358826,0.013915228260005241,-0.0084635287507826,-8.714606021731353e-05,-0.005014171230441344,0.0010563570227257735,0.014570061613727425,0.03577226121725574,0.001479612491580351
2017-11-01,0.0015921101716727115,-0.012718694124583818,0.0,0.009254201185438404,-0.0014476301234627176,0.014439664286971299,0.0018858099520149274,-0.03152052936995098,0.004178105509106134
2017-11-02,0.00018996581088659426,0.00731030798386012,0.010459353819198158,0.00035477558141927545,-0.008571317573420001,-0.020475291284813513,-0.006081299340873536,-0.06795811899941895,-0.010634266539767179
2017-11-03,0.0030970753849743904,0.026114099676768143,0.0010707407684622527,0.006730758961535521,0.015883521031699654,0.0,0.0133535268738183,0.022822982448676532,0.00669044633224769
2017-11-06,0.0012712512404724485,0.010144625929712436,0.003922146897248346,-0.006961874962366887,0.008150397626239814,0.006986355934661237,0.004504481592966902,-0.010813823575954284,0.004307629313649697
2017-11-07,-0.00018910292286977715,0.0032134573247089016,-0.0023678555627809628,0.009312531547002845,0.0022397466354273643,0.000444131011490434,0.01144841634628957,0.010799941188298634,0.0021187108428317725
2017-11-08,0.001443655000098465,0.008180491886230934,0.003441124898673653,0.005606376921617029,0.008645179801616942,-0.0038279499114517446,-0.013535505294735017,-0.005423931052012332,0.001184252770572325
2017-11-09,-0.003761887644002093,-0.002042581152506995,-0.005557890560196732,-0.00998787474401508,-0.003310147529595686,-0.0014480726252540377,-0.018359162271007534,-0.004599405105758847,-0.0038768560202927516
2017-11-10,-0.0008976438525517549,-0.003309431983393174,-0.0026162532083440215,-0.0034073856065527375,-0.0033476955293720856,-0.0046848040991179785,0.05269839115366226,0.0,-0.0029558786361270073
2017-11-13,0.0009836343625724275,-0.004007799808641743,0.0007152599606323751,-0.0028251628128821427,0.0033944652095281302,0.0017369388478805092,-0.016239562363746463,0.040958453553772145,0.0022952356121654915
2017-11-14,-0.0023096092988857952,-0.015117276444630234,0.0014298940458625786,0.00042246651237221045,0.006792584750386466,-0.003915721007948458,0.0072895707365741025,-0.021242868646299873,-0.0028027188879603537
2017-11-15,-0.005525675723266343,-0.013190061132788977,-0.007772498822828711,-0.005020995300477615,-0.00892825205430392,-0.0006737944317420919,-0.019609565805370766,0.008422362244802972,-0.004538258480676571
2017-11-16,0.008196058063241196,0.011946732998335374,0.002651372812831898,0.011636392152886366,0.009408067619774974,0.009216113155761985,0.0077625384016195564,0.0038547989871628996,0.008331901616347892
2017-11-17,-0.0026259630899742037,-0.005552366874523873,-0.009615417149738015,-0.011998500627034447,-0.006515465173448698,-0.003285317656363973,-0.0011814457744298013,0.008160004160156609,-0.005526100080836982
2017-11-20,0.0012756828808564435,-0.000998961692523559,0.0015774831191017746,-0.0011872792483758055,-0.0031596475871705776,-0.001452345809086486,0.012869195653813614,-0.02002852395999022,-0.0018031273723934094
2017-11-21,0.006541139295859866,0.018590451300863897,0.014419378411794748,0.015116045451487814,0.01170193669616193,0.01745530201674339,0.009201970048995145,0.02937742586698744,0.016452782945879818
2017-11-22,-0.0007502611166068096,0.010511590012992178,-0.007286362708064376,0.00154240058325672,0.014629350441896172,-0.005443653726486697,-0.004492706252994139,-0.016393380639855182,-0.0013295763673589756
2017-11-24,0.0020560951489239088,5.716338169636792e-05,0.0018048991400403391,0.004372874231320045,0.025809587159050906,0.010560169956873366,0.009444653071369657,0.009436982537875505,0.009241097113501962
2017-11-27,-0.0003842577408796899,-0.005029252200478229,0.007326420770029429,0.01466135676009328,0.008288378765863635,0.0013676285956842893,-0.012997676617969356,0.003993010599430358,0.004295599482388335
2017-11-28,0.00984851271879017,-0.0058592406827527865,0.012042189769059908,-0.008134189803208236,-0.0018648099848008748,-0.003332701145428829,-0.01601753563862951,0.0023357961917807035,-0.001125329400821884
2017-11-29,-0.000369225702197995,-0.020743124471829022,-0.018142992635871713,-0.02436781542760824,-0.027086140184754637,-0.03996269934850105,-0.06781832894710471,-0.031522607487023624,-0.030596197379537227
2017-11-30,0.008190950433802913,0.013984047421586654,0.009959307369887371,-0.0011664685032769517,0.013330269145295226,0.011705356360129704,0.02184105607177944,0.004259625415678148,0.010023002152552696
2017-12-01,-0.002024530803113933,-0.004655166677677514,0.001068986466652877,-0.010712430131812445,-0.012237114119919568,-0.011739329318090741,-0.015096412252704305,-0.00751174839672486,-0.008545706970185085
2017-12-04,-0.0010521566439205543,-0.007307615392673106,-0.03773982415098365,-0.012877101243697009,-0.02443329420890661,-0.020730913380876625,-0.055746474003372515,-0.004338902370729869,-0.02175053742975519
2017-12-05,-0.0037393815604747083,-0.0009425037234892519,0.006289501495479799,0.007639196518962388,0.00671988235950316,0.007931337548958695,0.005785726138232139,-0.004914735046491203,0.005939551792063069
2017-12-06,-0.00011410565998426492,-0.0037137512690194052,0.014585301000121786,0.012867979179296052,0.009443161186693416,0.018688855744639632,0.00809648516082695,0.03147841020585318,0.014369063510381475
2017-12-07,0.0029323579853828274,0.0018341612165160281,-0.003503462353408149,0.011474372940849742,0.00645633412212665,0.0231738639750656,0.014424220388562947,-0.006448398065581062,0.011177015075352292
2017-12-08,0.005506306319651655,0.00029524119108126357,0.020245117912168542,0.004604782181094613,0.0019055232281814938,-0.006328386794464569,-0.0026040612426022625,0.01249845338924227,0.0023574999166282584
2017-12-11,0.003201957471006933,0.019484014172010733,0.01271396168722605,0.0024681159896655647,0.005955261281819668,0.0002235169892210731,0.016554180357324144,0.04372799282987505,0.0075862590605249025
2017-12-12,0.001548922064604108,-0.005617819596975826,0.004106190508665231,-0.0030418582478721756,-0.0032850414208537293,-0.011617542076931442,-0.019623854571711452,0.036848923969736935,-0.003705162423288222
2017-12-13,-0.0004729570906678582,0.0033197982506787405,-0.002687404810799987,0.002498118079496958,-0.0008154051057901457,0.007572316796653267,-0.024418284082557973,-0.0058645813181393835,0.002512896581154278
2017-12-14,-0.004070859227173984,-0.00028980722004812165,-0.0077327630956934845,0.005782755442599763,0.008701781336744707,0.0005047584809887429,0.0015574526517818654,-0.003362543847205468,0.0004822105994357617
2017-12-15,0.008974343513216354,0.010161042382665686,0.02550460448476044,0.013740411100860772,0.004155799839922203,0.01003413533835884,0.027296659429852488,0.016455137466531822,0.01299732259183295
2017-12-18,0.005362807225250732,0.01408285467450865,-0.005411187315170207,0.012210965059656465,0.009701962262080421,0.0035520841259493174,0.033096871495106095,-0.013335307046188238,0.004208304315632461
2017-12-19,-0.0032302694598687065,-0.010656487768693879,-0.006367528003512035,-0.004893780710907625,-0.0026877630938977326,-0.007244761120546173,-0.009045073926478575,-0.02292913127888241,-0.007327033682769435
2017-12-20,-0.0008278931807477186,-0.0010884380405502547,-0.0036119345680525328,-0.0057603380092666745,-0.008219760593352499,-0.009024580988768016,0.0035185262038643916,-0.006402953688585233,-0.006528565030628264
2017-12-21,0.0019856558213586784,0.003785235972783907,-0.00023361979593272686,-0.002524368730715043,-0.002428653642711609,-0.0024734244314852383,-0.004624156233095311,0.008146410493583334,-0.0009704698702736048
2017-12-22,-0.0004581666477052604,0.0,0.00011678877355802975,-0.0018581460247963921,-0.005447916178231482,-0.0014088807418444205,-0.003165090980120855,-0.019477747277796942,-0.0025381064719603996
2017-12-26,-0.0010584151831672939,-0.025369668941628842,-0.0012861725748656294,-0.0028161970716984452,0.007189598906302885,-0.006828468317884195,0.011112992061358407,-0.02432353347942262,-0.005869806996254834
2017-12-27,0.0007909409391904099,0.00017599932617939906,0.0036298296978802824,-0.005301120067115361,0.00467381123310906,0.009261874756499422,-0.001367824562116371,-0.01780707079988264,0.0035325369287659836
2017-12-28,0.0018339987251561052,0.002813584107813627,0.00011659923971896191,-0.004008531516120795,0.0032480392831288896,0.0016890561762226142,0.0011670261842879892,0.011936903626468931,0.0015118691796143224
2017-12-29,-0.005183153157965359,-0.010813827211461291,-0.002099990495420423,-0.0024148569062332204,-0.01402075715034623,-0.008205907742733332,-0.01975691700686011,-0.012715657450566908,-0.00777821412079982
2018-01-02,0.008303361477520088,0.017904655385579282,0.004793264804746622,0.018805695338313555,0.016708444028718628,0.028108357082724522,0.03023223154721455,0.029484572024129463,0.020305162313888125
2018-01-03,0.006398818768781567,-0.00017398897042308903,0.004653932694024032,0.017061045113740958,0.012775310383486449,0.017914230671097098,0.0658141372812755,-0.010233112708571857,0.012226539710383566
2018-01-04,0.004028636080503967,0.004644895282498895,0.00880152006991275,0.0038844313921007068,0.004476012896857506,-0.0018410622476073835,0.005271249884947871,-0.008289977599700404,0.0019856995244442732
2018-01-05,0.007033767443369587,0.01138538233752473,0.012397839134627331,0.01326019798842748,0.016162516530176196,0.013671144422686243,0.008474182952417975,0.006229740634655645,0.01310943503365447
2018-01-08,0.0016623439316436617,-0.003714490833099826,0.0010207281419405412,0.003530728477224354,0.014424678832250848,0.007653091408186485,0.030640728380762372,0.06263821959024418,0.008688486680139995
2018-01-09,0.0013029315960912946,-0.00011463334333616793,-0.0006797915455991621,-0.00127453282642509,0.0046757095740346255,-0.0021776787197342884,-0.00027070041560683933,-0.00808538113492141,-0.0009437797094733469
2018-01-10,-0.0011122268282528491,-0.0002294798441293544,-0.004533994115727968,-0.0023813218762952504,0.0013012055442500614,-0.0001596821263317727,0.007840358908993927,0.003326413914539472,-0.0007499366430721022
2018-01-11,0.007033646478779465,0.0056802755960299045,0.002960533293860923,0.0017204158808876713,0.01781828254348916,-0.0003726238892698408,0.0017882410476506294,0.009408646715617364,0.004038767768044682
2018-01-12,0.006749602987881076,0.010326195442192487,0.017257201020949964,0.016725938256920037,0.022339231610462695,-0.04473554119449907,-0.004908798544143722,-0.005119110235858537,-0.009467865507059026
2018-01-16,-0.003524487622672101,-0.005082089561848635,-0.013951093917793589,4.4163177096212536e-05,-0.0002605871874575838,-0.005463586121197128,-0.012871296120508302,0.011421116241414841,-0.004796045590359843
2018-01-17,0.009415051560751175,0.01651638297758251,0.02026025849663715,0.00742907333304621,-0.00755630863716783,-0.004428393805946063,0.020944317214908414,0.02087858455510405,0.004576892396431997
2018-01-18,-0.0016163897301626484,0.0008933812301359367,-0.00044338370381635794,-0.002747883230945769,-0.0012972916415299185,0.01238731515414826,-0.0012462328084067442,-0.007460532163804823,0.003915863503326733
2018-01-19,0.004385235112838837,-0.004462555595668216,-0.001110007750480424,0.006628821371174487,0.0009741736041779525,0.008286955273581809,0.025262870255757353,0.015816873268893028,0.004724955532465325
2018-01-22,0.008066726499347698,-0.008181348369453167,0.017888969162066726,0.018067278997472513,0.025282411609683475,0.022505410846183738,0.015557953897907373,0.004399674810198428,0.017675707065497592
2018-01-23,0.0021743654797181655,0.00022601816998357727,0.0031655931969165607,0.010316439028063007,0.02654236704761037,0.021470475011711176,0.022337180842446624,0.0034987229726255453,0.014673739684986531
2018-01-24,-0.0005599757022828333,-0.015928840237673936,-0.0008709556691042231,-0.004149060238672342,-0.0036915667119321594,-0.014787310035262569,-0.013017291296826716,-0.019558338950656062,-0.009670013914024556
2018-01-25,0.0006026209018938911,-0.01785070669916189,0.005554646298097321,0.009263292187121186,0.015056912893923968,0.004985171800950372,0.0023321620722593916,-0.02385156263182675,0.003629250193349698
2018-01-26,0.011841196508761032,0.002337506193605954,0.018737119138563463,0.004584944123531942,0.017489776074125496,0.013441364546875834,0.02953266916019226,0.015430662178036458,0.013234771305990156
2018-01-29,-0.006731974332887192,-0.02069844833579315,-0.0014883572226346287,-0.0009094399269291564,0.011147987016343786,-0.0211578526589572,0.01446572514329647,0.019483745784611983,-0.007802679728199258
2018-01-30,-0.010898815620283941,-0.0058943505144161135,-0.012563927785185003,-0.00767825974466918,0.014206254114237371,0.006129750372862786,-0.016730432825990627,-0.010614261699658623,4.049606801537209e-05
2018-01-31,0.0004889853730833948,0.002754857754945661,0.024477017257412692,0.00411938524561295,0.009090198056924459,-0.0012292458106815118,0.012689318138062067,0.024550343604870628,0.007463221835390499
2018-02-01,-0.0006480882520516484,0.0020905044032610842,-0.00789391605844858,-0.0005328975023215499,-0.04196737400527717,0.03317470604360695,-0.02156222290449794,-0.014281293846785892,0.00424280201799232
2018-02-02,-0.02120854792396809,-0.04338999453125225,-0.026310197762169807,-0.05280169036976834,0.02874097206609716,-0.014552890740055502,-0.02902305671477101,-0.015747955382294898,-0.017715011810841785
2018-02-05,-0.04097922480422822,-0.024984637305949242,-0.04118529082193312,-0.05075950501795101,-0.027938006598856924,-0.04740375922286855,-0.08487488519143105,-0.03089455173037159,-0.04154592070239482
2018-02-06,0.017440920592313836,0.041792166754395677,0.03784075611133919,0.020745758329215436,0.03801436389950541,0.022343715074181425,0.05559226162461561,0.002521527021648984,0.028396950695741774
2018-02-07,-0.005001588416939429,-0.02140759404432402,-0.018832853540623584,-0.026760709947572625,-0.018061620618718965,-0.02768352028476395,0.014273918335284241,0.03302687941110416,-0.020484579019115268
2018-02-08,-0.03753641975808808,-0.02751643145753091,-0.05133356919510923,-0.045195575829815815,-0.046782076355553315,-0.04773010261566901,-0.049300613151488704,-0.0862898619278617,-0.04825806959289214
2018-02-09,0.014936090208494734,0.012231644711382605,0.03728978838731756,0.038264926321772474,-0.008071057484337008,0.026401849715947945,0.0669364877000993,-0.015258637910555595,0.021616489940603056
2018-02-12,0.013914584754042503,0.04027860061202282,0.010773225274633536,0.007923355918698638,0.0348088545167482,0.0017034511274727215,-0.017451312731353474,0.017105860055229627,0.012891310367068032
2018-02-13,0.0026129297463290957,0.010018029242208515,0.007853875645405184,-0.0003982473909587281,0.020400675986486094,-0.018479647001824362,0.0201730700674545,0.025116342037434514,-0.0003966616409114554
2018-02-14,0.013402458257245842,0.018436973608668472,0.015658253891912333,0.017606676373092656,0.025832207585371192,0.03678877336145403,0.03778552770291488,-0.004171050736881843,0.025265371788921076
2018-02-15,0.012069112762299383,0.03357862912214982,0.02037230554919045,0.01739542930450866,0.007380856462852581,0.0024511376011742136,0.02104207736441066,0.036486630791516594,0.012838900250522256
2018-02-16,0.0003734693722488025,-0.0032371169656194576,-0.007123124754472743,0.0037934947404001385,-0.008941218962002284,-0.014447772867848485,-0.010790985276527554,0.004250554934988271,-0.008126024668064225
2018-02-20,-0.005841389459353419,-0.003364009836501758,0.007826259178178807,0.0073846915925310785,0.013570904563712238,-0.007611592133409895,0.021489402056519724,-0.002146044443117834,0.001431997452524758
2018-02-21,-0.0054965031281792864,-0.004539032774340868,-0.013265824899963863,0.009206389690246786,0.009922706887337096,0.010794886428908024,-0.030392027130625388,-0.004391140631703427,0.0033067837675746503
2018-02-22,0.0009735510790762625,0.008359867666090537,0.0026235652293205014,-0.0034568548401002763,0.001631842065593636,0.006070552023619502,0.0032734714177360402,0.03861385365210501,0.0053097777190243
2018-02-23,0.01602837635051313,0.017390839851301187,0.025400480629761635,0.01638887566140501,0.009869817359685173,0.0240236690755411,0.015610008629775907,0.016985883239315713,0.020046210573340995
2018-02-26,0.011757015343810906,0.01977219729565527,0.014458878274498765,0.013837487544109406,0.014633382161458375,0.00894744120637636,0.002643109177298264,0.015253507120131848,0.012633962846877234
2018-02-27,-0.012706888443829278,-0.0032407186251854903,-0.01278569163302401,-0.02289935129050069,-0.006550867172796515,-0.018763808272028726,-0.0021090695854609764,-0.017990057260484416,-0.014579845498285726
2018-02-28,-0.011095788639207016,-0.001513499592456391,-0.004564706022328946,-0.012160985554915626,0.0003108313001467522,-0.01730398585364612,-0.016499721102458786,-0.022593189478732012,-0.010344490462450673
2018-03-01,-0.013324399541987275,-0.017516284103993085,-0.009811351398809953,-0.029449512382824228,-0.012562358807392093,-0.013346788604415072,-0.040454786417256305,-0.03535822749677753,-0.01626333483074871
2018-03-02,0.005071602744632031,0.006914361771258815,0.002154399232997317,0.011881558403417758,0.004553166629101657,0.0038648282219546637,0.018646954894014245,0.012661277814635996,0.0054716570958937005
2018-03-05,0.011032026532745043,0.0034617965952832286,0.0063401011798172036,0.009795642280884032,0.01557072907976953,0.02140176906409219,-0.0037625040619562178,-0.0052816914935877035,0.013042816315445238
2018-03-06,0.002638858606169414,-0.0008485638728495948,-0.003417007749917156,0.005608539558809689,0.00920849302913429,-0.003436776185982704,0.027625589132616923,-0.015449266428910424,-0.00026508281470705164
2018-03-07,-0.00048387472056610203,-0.009282903210670268,0.005786335565427292,0.01284408752739008,0.004786506564700588,0.021860185844884805,-0.0013215542764506427,0.012492436638843696,0.011492190784955891
2018-03-08,0.004463078207817217,0.010912622370658154,0.00607299677679074,0.012860610318705445,0.0044401594736043215,-0.007457470854773107,-0.0027289340651721616,-0.009629843215428147,0.0009348020410837599
2018-03-09,0.01737883151892694,0.017180820222778337,0.022344583297006393,0.02785599293465224,0.01741782666536884,0.01584946152179012,0.01720717942382044,-0.005864531827206032,0.01786277379564516
2018-03-12,-0.001273985129042532,0.009667688475398117,0.0023826086555680526,0.00438471220569725,0.012350428812454961,-0.00253736969591678,0.018057322701519718,0.05605653312252623,0.005653173070979456
2018-03-13,-0.006363576551088879,-0.009630111173046463,-0.024387896765749928,-0.02231706646949627,-0.006387748444923624,-0.015587685905960158,-0.008208016679956742,-0.010621995702379428,-0.015646060700854836
2018-03-14,-0.005724521948562322,-0.008501353418132296,-0.005931646358548925,0.0078779228587873,0.001775698923243585,0.012700629384306383,0.004157969863705535,-0.044494497652946774,0.002137153619170773
2018-03-15,-0.000781930531963182,0.0011766950914187113,0.0035163153819830484,0.0014970331142600823,-0.005455760159082668,-0.0017916804512284612,0.0024124816752824074,-0.003153405592199232,-0.0007881905021313029
2018-03-16,0.001703447167811456,-0.0035262087426222166,0.0044597960763559374,-0.01407079864627847,-0.006724274466889391,0.0066899239137641064,0.00457194158211216,-0.01305288982206032,-0.00026865707195289357
2018-03-19,-0.014204195388793028,-0.015279177353716089,-0.018076380416946702,-0.030279704681003605,-0.01702002356856136,-0.06769680960219937,-0.03784739861655373,-0.024241461624452176,-0.038814449575514054
2018-03-20,0.0014818054520648882,-0.000342313154070073,0.0025838463645875276,-0.003881614832775604,0.02691387223103381,-0.025556240731990254,0.0356014686723487,-0.00959942757640797,-0.005019721294864166
2018-03-21,-0.0018439898833508828,-0.02265483796072576,-0.0069795725783872165,-0.0016426108869257439,-0.0029309385697435797,0.007374391695087468,-0.004086813431561032,0.019256145072983122,-0.0005522046200390207
2018-03-22,-0.025162888405856454,-0.014129705647392576,-0.02908744376356842,-0.03734000044238295,-0.023352257063312565,-0.026566083525904838,-0.02699556546178039,-0.02347326010471351,-0.026529795454257488
2018-03-23,-0.02096688071186603,-0.023156615393484015,-0.029067761048603646,-0.025257609910473877,-0.03194990354365934,-0.03335552137188558,-0.03671647895410135,-0.024458090225057294,-0.030066147313026037
2018-03-26,0.02715725576151251,0.04747209159894217,0.07570571768796897,0.02682774789849307,0.0403193371656132,0.004203613599283784,0.049404936282559486,0.00875508689287341,0.03133808105050795
2018-03-27,-0.017276308813847896,-0.025641081016317346,-0.04595913007937824,-0.04473043457981729,-0.037799009933227934,-0.048981609667061,-0.07755227697731693,-0.08218823758246674,-0.04569279719130326
2018-03-28,-0.00291665716625622,-0.011049290898551778,-0.0008937443605587791,-0.0017479721935708126,-0.043839574227757305,0.005321152716719846,-0.018490326057703288,-0.0766530355251378,-0.010893324745713917
2018-03-29,0.013769718690019195,0.007808845815637344,0.02103123030249554,0.03179532540232799,0.011121789958675743,0.04417434735817616,0.04626129040403826,0.032392000767142104,0.02859740164523661
2018-04-02,-0.022337423560165104,-0.006556347381212579,-0.03013067639236222,-0.023632450761561175,-0.05206094449224363,-0.0275361756276713,-0.045511127253104244,-0.05129071230255955,-0.03099975323406645
2018-04-03,0.012614865848792123,0.010259246743600015,0.013443723498889115,0.005974589559898602,0.014621073252283123,0.004633620136022865,0.019452431852619245,0.05960860827013281,0.011115472704861684
2018-04-04,0.01156648273982852,0.019122548337202172,0.029205384900444553,0.010827805295423598,0.013304155601610468,-0.00646981523271406,0.003949420796947267,0.07255264788199489,0.01179086299016241
2018-04-05,0.0068628636575538415,0.006934011795316497,0.0005414321925798493,0.0028454588555124616,0.02919384373872269,0.027337088496980355,-0.021481652309755517,0.06544916484533281,0.018473141990294595
2018-04-06,-0.021920248779842444,-0.02557843111207536,-0.023273446131626407,-0.02197271807381862,-0.032044139547784845,-0.013430232137996434,-0.03220689081753969,-0.020999583742291605,-0.021217869937726452
2018-04-09,0.0033365488963206236,0.009917594881596825,0.0059843104224144295,0.010040053420787842,0.0006049309856379637,0.004643554501994718,0.005414296459472112,-0.03220844689083846,0.0036470747745516174
2018-04-10,0.0167269537832615,0.0188180631502588,0.023245833287181217,0.01608675332319498,0.02143542524562969,0.04502004290011796,0.058028604902987,0.05192293313418306,0.03142692338960962
2018-04-11,-0.005525364482924067,-0.004675301570060464,-0.010981907845848737,-0.011037125442457052,-0.006384761566404218,0.007755777972262123,-0.007327398223086479,-0.012372820864378187,-0.0026860180741498096
2018-04-12,0.008250750063987677,0.009858889261538106,0.01872394100973529,0.011930932757897805,0.015031037769792865,-0.014730690430728277,0.03695164183183586,-0.022762782382571456,0.0022494019669918597
2018-04-13,-0.0028866254882486952,0.0033877096520893435,-0.005342970894718468,-0.0012050061187146577,-0.012226519005276604,0.003966427399978656,-0.01321370556557333,0.021286738456213206,-0.0006482566831303993
2018-04-16,0.008109038386684864,0.0062385592989016025,0.01171044059730364,0.009710107799873358,0.007485369514734552,0.0018843923914706462,-4.304415597733424e-05,-0.030398916175858104,0.004549850561350155
2018-04-17,0.010661504701720004,0.013764042092831108,0.02017653626923943,0.03179418632804021,0.04323969457439136,0.023236061017980925,0.026134755655616848,-0.012087505392479714,0.024501775068838105
2018-04-18,0.0008313658006817715,-0.0022446274384452236,0.003850930590090007,-0.0036780240730582836,0.015965907361371823,-0.013636786918559296,-0.004925474838558652,0.019674020987929586,-0.0015159794178217778
2018-04-19,-0.005726124690152989,-0.028339892991191218,-0.0034214542158854666,0.013074334009034017,0.019026846696625466,0.010459154221697853,-0.03101073739331328,0.02294182395058919,0.00588463248071891
2018-04-20,-0.00853653230061302,-0.0409719984074034,-0.01154952777304985,-0.011134109246580759,-0.018896413095091713,-0.01082700465718478,-0.001440678707778531,-0.032791263163394424,-0.015934192294133842
2018-04-23,5.623169212687351e-05,-0.0028966178584762803,0.003684287823632948,-0.003258003965224021,-0.006304443768269441,-0.002646124050118215,-0.021118359355775218,-0.023670076256160577,-0.0032645369927493118
2018-04-24,-0.01338056164164636,-0.01391902351633234,-0.023387494909279716,-0.04765265769624405,-0.03806011733462866,-0.037083849793448365,-0.011970738596301822,0.0003176334310297513,-0.03188385593806575
2018-04-25,0.001837059563023713,0.00435732949316181,-0.008698632688928898,0.00034209391221562413,5.476104433066453e-05,0.0,-0.02052441474672606,-0.009772049765610302,-0.0019902084848576473
2018-04-26,0.010434204774367295,0.003483032557968002,0.02112472544204458,0.019863347402897746,0.03957763154732241,0.09061289607100953,0.03950901780966043,0.017065024181957433,0.048196836525337794
2018-04-27,0.0011136248915897262,-0.011569711713949049,0.016549673106099227,-0.01136762416169057,0.03600877473825914,-0.0032727079430142636,0.004928670688084891,0.030124724287798443,0.007037238337034291
2018-04-30,-0.008187490964434607,0.018112434635267682,-0.02400314575404483,-0.012477641758105618,-0.004126787422321976,-0.00915961980745561,-0.006318569254574524,-0.0006121312704419068,-0.008865893619533827
2018-05-01,0.0025490454770622506,0.02323597107570463,0.015825412270376038,0.021765509004598282,0.010299216955919732,0.010814034331664724,0.009960069393708304,0.02048323157183285,0.014399310766410878
2018-05-02,-0.007205863568357729,0.04417505011650369,-0.015683835691398418,-0.014124280440712678,-0.007950625194139027,0.012711450566649907,-0.003653886492941072,0.0041011301765416786,0.0027929918473565962
2018-05-03,-0.0022536742393085563,0.0018123551797195603,0.005988558540360733,0.00024355142753473835,0.001528911821702117,-0.01164312597257855,0.029516715365095036,-0.055454155423032336,-0.004931223217368941
2018-05-04,0.012811178963797909,0.039233280257551684,0.011586670059935633,0.02406717178994411,0.005642261901468659,0.014883146444105266,0.02605270400696469,0.03389002165305066,0.01684015034445041
2018-05-07,0.0034579455015175675,0.007234835508381776,0.011139416649187384,0.008049304061373608,0.012138311349751518,0.007700769407573249,0.040241122462521206,0.029514774071228045,0.01044423721627874
2018-05-08,-0.0002656413228280252,0.004806773623067473,-0.004261093673572192,-0.0008211620084122018,-0.004843383195326512,0.005337914201205107,0.006916454656252569,-0.002642361564227369,0.0007095603113147497
2018-05-09,0.009682220255068819,0.007041170338215386,0.01179402179101996,0.028679748277716577,0.009802904151798408,0.020903292283122044,0.021485411283504785,0.016160606885176954,0.016676768186846935
2018-05-10,0.009370643723504823,0.01430398379122555,0.010006370820519805,0.015170595479452098,0.0006716524063099527,0.015712174579754823,0.01700678964942237,-0.0059638132116135445,0.010995708449922814
2018-05-11,0.0017075955546570487,-0.0038033203462956022,-0.002144821130654506,-0.0018906400219869113,-0.003834516470754168,0.00786940382710033,-0.021527478725330673,-0.012982751883414467,0.0005642157098020295
2018-05-14,0.0008834895573073265,-0.0023331725499695644,0.003377750020687076,0.0029184389672520794,-0.0008546543966294617,-0.0018717526360290115,0.00326069095449788,-0.030193360898847388,-0.001328046984772513
2018-05-15,-0.006842140279927467,-0.009088598634047651,-0.0072426248645155455,-0.01963689743809749,-0.015872268790349864,-0.012430432378136902,-0.03837714216705601,-0.02668080078854762,-0.013455778436793242
2018-05-16,0.004060561678767671,0.009332920628698949,0.002580039833620207,-0.0007188679104997986,0.007080662119067549,-0.006076505732665716,0.0018325959544274184,0.008093479277920368,0.0004500504219162593
2018-05-17,-0.0008558723207806596,-0.0063236308475294045,-0.009984722441355176,-0.0026105344133841024,-0.003477659670395261,0.003056995304975496,0.006910197594828249,-0.006771859790704271,-0.002377919202995571
2018-05-18,-0.00263219493841671,-0.0036366103358932422,0.001871709056609605,-0.01074669349586399,-0.004672001043388829,-0.005877295805619687,-0.007145455415503266,-0.027131554566867888,-0.005424215830570511
2018-05-21,0.007386752997235124,0.007084914979892609,0.012868090364966944,0.013434405220184908,0.007044143460552821,0.009908003890152006,-0.0069121650342881535,0.027707543542699442,0.01060589467875439
2018-05-22,-0.0031357617896576873,-0.0025048787558754615,-0.0010243453530249802,-0.008025789222331436,-0.0025608078786804045,-0.0037398920515081535,-0.006305283685682173,-0.033322787235185114,-0.004605940735749159
2018-05-23,0.0032484098921563564,0.006411627412401089,0.011897165534921816,0.009904228241106372,0.012937936366005598,0.01686600316947051,0.02057296324050517,0.014763174167753412,0.013469630588863302
2018-05-24,-0.002023213496498033,-0.0011149895137277932,-0.0035475211390392225,-0.00046985101436036736,0.0007553855752788774,-0.00518990595328539,0.0006058640889508027,-0.004371756014124761,-0.0028739382160628546
2018-05-25,-0.0023572204364039617,0.0022855485904966777,0.0005088076048709311,-0.0012620177251493336,0.004416479152626884,-0.005432167637687502,0.006419468361602787,0.003599112439287566,-0.0009676090717171126
2018-05-29,-0.011564187290653005,-0.0036059485511120704,-0.0035584237621786308,-0.01476829307871741,0.0016893033249025802,0.004434494442145054,-0.0027682476393590116,0.017608039140968756,-4.1166618533261534e-05
2018-05-30,0.012695791223314323,-0.002128792276763658,0.009590691666734985,0.008800941172205867,0.00745252767120097,0.010390742264245745,0.017700102475093127,0.028051857754248344,0.009199545118867558
2018-05-31,-0.006879559974886984,-0.003359966103851031,-0.001111207950211912,0.020910065017681223,0.0029110106331380337,0.02190017249158105,-0.003162173305096161,-0.023961312441811322,0.009732919781157534
2018-06-01,0.010849230370481022,0.01803396441600702,0.019728532090982354,0.031818209435344524,0.007314596664868223,0.011523607115501378,0.021531455516463627,0.024900736382056587,0.015874954007096154
2018-06-04,0.004479598435997323,0.00835759277271153,0.008730875285654527,0.01589425865135352,0.014455850842866047,-0.0036600243679778544,0.028064493191568785,0.016859761047419486,0.0062077816828947086
2018-06-05,0.0007025929724704394,0.00771555484566866,0.00511483335570273,-0.001751878447417976,0.018663651200122366,-0.0017589695412468798,0.0008307079461558065,-0.018905466401010762,0.0031680760103136585
2018-06-06,0.008567392465728796,0.0034660525230556516,0.0029354876837670574,-0.003536068270104331,-0.0003536862117876627,-0.008292880307184336,0.0003015738521663369,0.09744783937389845,0.001015398464449646
2018-06-07,-0.0007141884679080501,-0.002680971624571704,-0.015708827107228096,-0.010924610755317699,-0.003803651977406841,-0.016515192218010233,-0.008485618537640738,-0.01067291441269691,-0.011955728367273544
2018-06-08,0.0031259043893263616,-0.009097505927299632,0.007434588642393214,-0.0015072574942687211,-0.003143258294014406,0.0048892869561414365,-0.002357990994310555,0.004966987221204366,0.001889862440100476
2018-06-11,0.001068707668436586,-0.002451865955556687,-0.005706968898214426,0.007230402795260105,0.0030463392416790747,0.01290289057419347,-0.0063291789987001135,0.045457353862759176,0.006775910108639316
2018-06-12,0.0017433852107295866,0.005490856361479279,0.0025729859214973505,0.006389626633463541,0.005701178257960349,0.004490033307539498,0.0075203324139032635,0.03212891816285279,0.005905290466279078
2018-06-13,-0.004026127868587581,-0.008217319405050327,-0.004540535619594777,-0.0034489084645281665,0.0035967177727189714,5.194755036974641e-05,-0.0006855992108493192,0.005863940944921264,-0.0011000467867983144
2018-06-14,0.002471549778432225,0.0005244687688128469,0.005652088551963752,0.013878423910865134,0.011144664310384744,0.022867783515560625,0.01718770932701541,0.037531198826580514,0.01523153463226401
2018-06-15,-0.001017102715529128,-0.010272302144350043,-0.012719693125419096,-0.0007240936860023472,-0.004576946257703773,-0.004877638569844911,-0.006182079165513499,0.001257995940245893,-0.006015837117540834
2018-06-18,-0.0021261277624751163,-0.0005298055636686616,0.007290895751147275,0.020970064878360173,0.004557175708828076,0.012560570673062488,-0.0006406941194256888,0.03534633777963303,0.010941818186758212
2018-06-19,-0.004023402292699374,-0.01615962972895124,0.0,-0.004131522010390576,0.006375480989251114,-0.004134997355385361,-0.018559778941982907,-0.04929487816484701,-0.005020253445413014
2018-06-20,0.0017121542893689945,0.004362213780849888,0.01001389390355567,0.004564343207221322,0.008819555259391043,0.02283656621244523,0.008225439180214789,0.027428816276547474,0.014422284687622966
2018-06-21,-0.006345510515579966,-0.0055765634775254425,-0.007166199079969848,-0.01235563579096366,-0.011348009699612582,-0.0024752300287272933,-0.01982390031322845,-0.0406106959223671,-0.00822944790496305
2018-06-22,0.0018619345065358228,-0.0029115749612917963,-0.007217518509687326,-0.00012829196492247785,-0.008409345657574563,0.0011911225596767938,-0.02395853249081359,-0.039941282796361555,-0.004647476744676693
2018-06-25,-0.013724668973416176,-0.014871383866028487,-0.020117626378813314,-0.025665101474686258,-0.030611940875939325,-0.02671749886817021,-0.04714102593624547,-0.0018583828407574554,-0.024194384102447675
2018-06-26,0.0022045770199778936,0.012405836483575516,0.007012765889308881,-0.00584586450448954,0.016799393006361685,0.013496280793575677,0.012002392149085273,0.02699616299368457,0.011146986746774834
2018-06-27,-0.008604355128821406,-0.0014640931783281852,-0.0155429592493187,-0.013843933041083667,-0.018083004300295413,-0.015879480555069714,-0.025910099539606102,0.007309997535504653,-0.013781424978922874
2018-06-28,0.00617868985946779,0.007276705766397162,0.011174958025976789,0.008809687974456137,0.024655133217022396,0.0019914654616013383,0.021805718716148892,0.01576195226568089,0.009559243508990622
2018-06-29,0.0007584033300001014,-0.0021026698052225568,-0.0002029126239438961,0.0021388398300627998,-0.0009698112831901806,-0.009733567758487882,-0.016441333118153656,-0.019946872439894237,-0.0050619031393339675
2018-07-02,0.003067957412152822,0.01118249046409625,0.014197613100147999,0.011441828183518465,0.008224557530564391,0.01564439649178695,0.022541179382423726,-0.022977114068266302,0.011557620649727651
2018-07-03,-0.00494735062681062,-0.01741606767682302,-0.009599255275602903,-0.022615908904105253,-0.011565135656379955,-0.023459700855811172,-0.022291732500164252,-0.07225349003910242,-0.020404462107042942
2018-07-05,0.008620803683929923,0.008046590053396141,0.007168090890534273,0.022404591426214315,0.0034062854005068033,0.029678894862054994,0.024868776004773663,-0.005468763302039603,0.01672287552963425
2018-07-06,0.008481281595267509,0.013862047036107494,0.01403386489656766,0.012083009039657533,0.006412761389779309,0.02408661346355223,0.018951136603960528,-0.0008410200885162755,0.015906126217896555
2018-07-09,0.008822985887663393,0.01388538668990913,0.006820901728237461,0.010561938686473038,0.01659616164256117,0.007430077953343384,0.007762750712315691,0.031110407612896296,0.010728880357756987
2018-07-10,0.003473267180873929,-0.0012069779845654827,0.002651064599095143,-0.000119908093276333,0.0023289787055904565,-0.0058611399790531316,0.016048343719860414,0.012432888210448967,-0.00084836603006333
2018-07-11,-0.007094202866256172,-0.01297596303070514,-0.0013711224449948212,0.003701470972212517,0.006844206585369106,-0.004913004133745291,-0.022586418120611906,-0.010884699093960615,-0.0024690140996392884
2018-07-12,0.008749042674663476,0.016765849413221012,0.021671014033070257,0.025438138951955125,0.023715114321803732,0.021625360483947587,0.014948000661139105,-0.007054158152785206,0.020736316654465625
2018-07-13,0.0010792374947172778,0.0015706034734650487,0.0119012760418431,0.0026306967787665947,0.009133768896724348,0.0019331300531904017,-0.007602833107842155,0.006820076610119186,0.005139700990931972
2018-07-16,-0.001028135726814483,-0.0021951940538029735,-0.0049321085003163345,-0.006567554333693604,0.0052177800587500656,-0.0004342520608089373,-0.004492146893759652,-0.027503397391944295,-0.002284615304253057
2018-07-17,0.00397369863071062,0.0028284565721787835,0.00991318774729577,0.013848635065266013,0.011764193682617163,0.013318675157325544,0.02211918000101365,0.040599864560402654,0.012753911427012543
2018-07-18,0.0021605126279586884,-0.005484461620586023,-0.007833931676920036,-0.0001400782931270106,-0.0005477318654328878,-0.0030001636984652302,-0.007844213052565219,0.0035947868010812734,-0.0031477395890049387
2018-07-19,-0.003952993120479142,0.007773161488548119,-0.006849254653250703,-0.011385869250261416,-0.016251439318926697,-0.00606604954096901,0.0013108559057199987,-0.011177999356501767,-0.007531158261908644
2018-07-20,-0.0009484477101494582,-0.0022928306174749835,0.017911854764131263,-0.0010174777851964523,0.000402643441726136,0.008890327104541296,-0.004523101361309734,-0.020766382110007697,0.0056510296421701245
2018-07-23,0.0018380494891383492,0.0008880403170303808,0.015997025102167495,0.010952714062395064,-0.006450891550111915,0.004620482319791952,-0.00589889445537084,-0.03310157507722111,0.003628216905229076
2018-07-24,0.004780911145920941,0.00725404743544833,-0.0028712869857460133,0.038934812170925426,0.01511653201758878,0.017827391160786688,-0.0028065013148595996,-0.01903033212777827,0.013308304922745817
2018-07-25,0.009101605057599604,0.009430086095944201,0.029444538022000755,0.014139755090178063,0.01878920500125658,0.013182986402349828,0.012705576313036149,0.03802573929879505,0.01785701439145293
2018-07-26,-0.0030322960242857855,-0.003131278015830352,-0.010917426132331598,0.007492665016360478,-0.029839878546057075,-0.1896091734827462,0.011791573527498711,-0.006769469139103035,-0.08135438378717086
2018-07-27,-0.00656220869212365,-0.016631535187396684,-0.01769778886552109,-0.02536773720257446,0.005127223105519718,-0.007772589605718361,-0.011065946245999991,-0.030882068378310756,-0.011479400563219944
2018-07-30,-0.005754170294581917,-0.005602293278830439,-0.02145209743054599,-0.01823783498489706,-0.020938043492589764,-0.021899391003731172,-0.03130679562155658,-0.023588372374675926,-0.019886973745706138
2018-07-31,0.004884728797982518,0.002000573196982325,0.006737919283116067,-0.0022925386199201814,-0.0010004034202905077,0.008885645477258342,0.002990207225195274,0.027466588287701876,0.00528600400488477
2018-08-01,-0.0010403515262938923,0.05891028745131055,0.0018854603892037858,0.004701651981855015,0.011100188511422582,-0.005388889472076386,0.0065753163011519344,0.009056163722604094,0.006928547280850017
2018-08-02,0.004926444803381669,0.029230755535067043,0.012137580399146142,0.006601789145230796,0.020676972776122904,0.027497936107431453,0.016837454293576526,0.1618801307070199,0.026086299412252822
2018-08-03,0.004644183009877123,0.0028932560717858102,0.0043693634696346795,-0.0023929354647692636,-0.006018567620502124,0.00799450476271879,0.0059054804927998195,-0.003919521066382159,0.0024172442163277186
2018-08-06,0.003538227451535869,0.005192603630246095,0.0008330839043617644,-0.00039583944206245114,0.013415305387102894,0.044493313891104336,0.0076554495289162805,-0.017749896605615545,0.01777271487158405
2018-08-07,0.0028241822564987196,-0.009375019565590947,0.006936030615334543,0.014680907136658261,0.00797189690599387,-0.010124416899135347,0.01149500068016418,0.10988623587715551,0.004991684755751402
2018-08-08,-0.0002623799656497061,0.0006759537283416162,0.005602485351128728,0.004371599005957627,0.012907476510019888,0.007453162770569843,0.005720865483871629,-0.024316999264261008,0.0054955452759837264
2018-08-09,-0.0014416744645237012,0.007864788915141308,0.0016438775845919462,0.0024814151185863498,0.006360983466085601,-0.011286231618212517,-0.007584654750063757,-0.04830689844604441,-0.003846133303897603
2018-08-10,-0.007113887913551609,-0.0029786873876831432,-0.0061089892951838864,-0.009450666564277066,-0.006436593187619355,-0.015456918298139888,-0.006511493900210996,0.008625279557523235,-0.008881521190538644
2018-08-13,-0.004005992185342366,0.006456899054247733,-0.007247809859529775,-0.003089770918298651,0.005248317917343259,-0.0011648785662854433,0.005219674171613065,0.0025880310425296926,-0.00044313436057341615
2018-08-14,0.006389254777276809,0.004213427378650492,0.012475868171419435,0.007608372254871876,0.012366845697121098,0.005887207810795436,0.020732603481954603,-0.024606514038646665,0.007187160181673979
2018-08-15,-0.007602164835758152,0.0023357658629465927,-0.013560606423734467,-0.020601871992677823,-0.019289990364543264,-0.008723941323966922,-0.008988762885929535,-0.02574509095993638,-0.012756628983378482
2018-08-16,0.007919408484583057,0.01465040217849145,-0.00018578804234148372,-0.006622248192882374,0.002071577924933621,-0.026903626097406708,-0.006330328439690502,-0.0095662528859215,-0.008881090431272942
2018-08-17,0.0033231157222237684,0.019969595074577295,-0.0005573158199931871,-0.006707187729460662,-0.002279290398177758,-0.00515168699931301,-0.049021150499733324,-0.08928302310985059,-0.005650512719376222
2018-08-20,0.0024280177746833775,-0.009743568716191642,-0.006599581783853448,0.005017050681082713,-0.002927367006458015,-0.007479879191227834,0.012335700367384073,0.009623619556435647,-0.004269621342340435
2018-08-21,0.0020685364303643095,-0.001949187632946714,-0.00832826039585055,-0.003715368299501254,0.0035753524597155195,0.0006956401005902002,0.022110973312930104,0.043638852919460236,0.0006596254568742577
2018-08-22,-0.0003981517707819515,4.643032781093126e-05,0.010190743928857326,0.0035649710548026903,0.011404839643848641,0.005909008315996722,0.037502004579528014,-0.0008076457486387856,0.007010152583631246
2018-08-23,-0.0016912621251551352,0.0020462842448019103,0.004670273456349072,-0.00048302222769947,-0.0010499879325082118,-0.0042617345135685936,0.015295509908107574,-0.004787970396720964,-0.0005854720794304935
2018-08-24,0.006198839704363079,0.0031091179794588975,0.0078095925817533995,0.012766705912578225,0.0013085721135976947,0.010121429628737078,0.02016223456705646,0.008497354291167936,0.007682694990294614
2018-08-27,0.007670409427647185,0.008234664201623998,0.011070053937528579,0.015783302768842322,0.0116984128662041,0.016089423328639718,0.013518147318320128,-0.010996885063753514,0.012277691413178804
2018-08-28,0.00026927832649970007,0.008075339987870134,0.006021811334477656,-0.008286415442129713,0.0026663776936470818,-0.006762142281142025,-0.005509035263257411,-0.02320917226401842,-0.001839429149303351
2018-08-29,0.005701434129840033,0.014929510710884442,0.015962265549707144,0.015081810009581309,0.03377448472317157,-0.002042488890607763,0.015534378215940725,-0.021964997834462707,0.011444204326693352
2018-08-30,-0.004430329054144866,0.00919380430567096,-0.0006248396946508805,-0.00807332991707932,0.0021420801683240676,0.009891987118613832,-0.0024418367523287854,-0.006098187840544389,0.003286100997017538
2018-08-31,0.00013447750859452157,0.011554069715725035,0.0033947022405196314,-0.018047812529528473,0.005158808357790701,-0.010752098053616765,0.01033087932879595,-0.004915032852453649,-0.0029849881552829194
2018-09-04,-0.0016543221469484948,0.0032069712201021616,-0.0055196949261201445,-0.016634262259667354,0.013315420436047276,-0.026005674082801633,0.010759623817158115,-0.04213355721254075,-0.01033491418006649
2018-09-05,-0.002803126684318036,-0.006524816693375901,-0.028824798820347053,-0.010079953688858945,-0.021912171605654396,-0.023253168880673303,-0.018611427938592273,-0.028413192133419196,-0.020958054151653527
2018-09-06,-0.0036523050860121087,-0.01661760582625582,0.0023043202010539776,-0.012601105528501022,-0.018302408612638987,-0.027814307413414063,-0.02047259905555976,0.000748019836589231,-0.015777379394574353
2018-09-07,-0.002213344827027508,-0.008068086816639064,-0.004873696210153433,-0.005405485017900724,-0.0031863848938521455,0.0031378275989593085,-0.003153034928477516,-0.06303609176210712,-0.004509277483732199
2018-09-10,0.0018978268127400888,-0.013420614713884449,0.010811960227251172,-0.0021485166102481745,-0.0066903325749549936,0.006992027796351996,0.010556625958618282,0.08456157301917577,0.0046345212682930015
2018-09-11,0.003739841510076891,0.02528286447472694,0.0170050968733253,0.012705731850808366,0.0248270784425193,0.010720068451038012,-0.007025220382101738,-0.021225884732538947,0.015035405677481073
2018-09-12,0.00035667194221011833,-0.01241912382916277,0.0042251786552498505,-0.015453956710251848,0.00143423328566894,-0.023743541258092193,-0.016862089842273775,0.039722289113205855,-0.008465665117770804
2018-09-13,0.005282254329749936,0.024155388203166872,0.01074204515720023,0.008996338322119435,-6.53290868404266e-05,-0.003950517177997326,0.011707851054284513,-0.003717242227533002,0.004531115560177712
2018-09-14,0.00027548183892078804,-0.011351206944599124,0.004074292142506986,-0.0035190120356813903,-0.009890105002663963,0.005949326067178351,0.01875857391132829,0.019830074248618157,0.00018436874742544518
2018-09-17,-0.005569722252617426,-0.02662607613997181,-0.010849436561265913,-0.015407788234683362,-0.03155027437226787,-0.010719569575240784,-0.009043896245807037,-0.001219520705005639,-0.016645735339815504
2018-09-18,0.005369014643958003,0.001652291130223249,0.009541438880384945,0.00627679536966208,0.017305818361681213,-0.001743712671947617,-0.010622967954061924,-0.03350969709584439,0.0042143816186335226
2018-09-19,0.0012532727238796504,0.0005952603638725851,-0.013338220011568369,0.00613476499790222,-0.007537144683164243,0.017217801957541745,0.00354197653840993,0.049340296066073375,0.003919650013789466
2018-09-20,0.007840591898404803,0.007602145113760006,0.016741472441681227,0.014732536951223674,0.009281436034859869,0.018152731247079945,-0.020957351838203797,-0.0023076098021079794,0.013310113323240058
2018-09-21,-0.00036853301202766087,-0.010771337268866477,0.006075669962899655,-0.016322953991264266,-0.015064474134848682,-0.018612170962497898,-0.010627899943599806,0.0025810871734046614,-0.010746194069067738
2018-09-24,-0.0035156877607932513,0.014380326774827035,0.003588047120848925,0.006347500241676851,0.010104372755515678,0.015221405082640471,0.008540599782864033,0.0019391058399589323,0.010029350681517002
2018-09-25,-0.0013050961134796202,0.006340879915976094,-0.0019184502189861785,0.012148624292364074,0.020776882772626015,-0.0030229555834645483,0.010199332777495629,0.004371346808820453,0.004954502366522284
2018-09-26,-0.003289278113945082,-0.007966320454905196,-0.004106459848368771,0.00014239418480932464,0.00015192716831013975,0.012370448931621425,-0.005551149255373478,0.028539129305709343,0.0034025102284294118
2018-09-27,0.0027632870875580196,0.020551715290139994,0.003772634750709214,0.01113842642923002,0.019307813394711104,0.011320741877171914,0.0017985161376361525,-0.006654156583666082,0.011365652753380528
2018-09-28,-6.870120538793323e-06,0.0035119891426000915,-0.0003499394536157219,-0.00023191878147010847,-0.004957829079553111,-0.025941724075439265,0.05093465308355505,-0.13901536785757185,-0.01402029166756058
2018-10-01,0.003641105118425747,0.006733163168490375,0.010842057663880356,0.0012012933951011107,0.0006789894400496266,-0.012282657584278711,0.029677541517305395,0.17347133498487532,0.005740564572227935
2018-10-02,-0.0003966902079042267,0.008888785589509896,-0.0039787156072795815,-0.0007363999608439586,-0.016489093067526883,-0.019145419444669742,-0.00995277961812524,-0.0311554076004682,-0.010669171535287902
2018-10-03,0.0007115197468861023,0.012168620506652683,0.0001735613714428652,0.003221174076539546,-0.009409964736917797,0.019456295243486688,0.0008728037105580899,-0.0206631011122842,0.005175015210901135
2018-10-04,-0.008169482334351885,-0.01758105139625299,-0.020664981698308105,-0.02844342141296996,-0.02219422567092222,-0.02204022953196616,-0.02594789981957557,-0.043995894024528526,-0.02295780295931671
2018-10-05,-0.005527978766503461,-0.016228785622996345,-0.005851860322970914,-0.007850069558239303,-0.010353955604213816,-0.009568642247909431,-0.03376457351902551,-0.07053903829718033,-0.012096623768717119
2018-10-08,-0.00039511662920677093,-0.002318538565376671,-0.011415338541516662,-0.010198307737139478,-0.013351652655319235,-0.0005086065955306474,-0.015155798766296913,-0.043481542224090175,-0.008376472499152632
2018-10-09,-0.0014179036575431292,0.013853674516552061,0.012720133899872144,-0.009300001714616757,0.003164503350325587,0.004133603921114615,-0.0008652645155999839,0.04885057241581614,0.006714926702083179
2018-10-10,-0.0328642290012785,-0.04632611558104627,-0.054338102291316304,-0.046290050228225965,-0.06152425214335033,-0.041291887819731254,-0.0747532712413368,-0.02252663592700077,-0.04885437446701879
2018-10-11,-0.02057300761734404,-0.008828006201568872,-0.002354971920511373,-0.0013001945614377064,-0.020447169250033426,0.013013516353253873,-0.042981337413779186,-0.01810191714594478,-0.0024988286727805065
2018-10-12,0.014206197825152422,0.035719276760922014,0.0345576013147042,0.027320898414197714,0.04027654247009993,0.0025433579252671645,0.04852648009461036,0.025968466473239804,0.024266404672140585
2018-10-15,-0.005904978964482943,-0.021385743388770306,-0.017979441068983193,-0.01615290867188013,-0.015464474245241777,-0.001431028900792053,-0.04526644340419794,0.003130010700919561,-0.011944212677104105
2018-10-16,0.02149560016316343,0.022037197369627837,0.03159862046657369,0.02779291811355389,0.03351032644684038,0.03426260500083811,0.04439648290789555,0.06548787831763603,0.032736408415735996
2018-10-17,-0.00025266233815879335,-0.0043216124625050645,-0.002612755726780547,-0.004845226124111979,0.0064671857563620705,0.004030535142400593,-0.011268062496260556,-0.017390290644313078,0.0001328545378502799
2018-10-18,-0.014391922356395415,-0.02337338967989988,-0.019961972975295672,-0.026321558817057222,-0.033307298491406456,-0.028227222670840546,-0.01452311457126354,-0.028957302566477883,-0.026541442399592663
2018-10-19,-0.00036116989772350117,0.015230059259608186,0.001474646906669319,0.006621627805407204,-0.0037781598679350603,-0.00561570431026559,-0.043251459508499845,-0.014815721435600171,-0.0009022188490784844
2018-10-22,-0.004299527548581317,0.006109999673238553,0.008926929887777657,0.005600840782979066,0.014325112382443717,0.004738505665507153,0.008945475409519288,0.0036539667315824698,0.0076883418832423
2018-10-23,-0.005511829997012829,0.009426929672397,-0.013955860783028351,0.003185212419266392,-0.011512868959461908,-0.0025194636002480175,-0.04394090412285834,0.12718904700256473,-0.00045375244142875637
2018-10-24,-0.030864433977743855,-0.03430153231875743,-0.05346920278964762,-0.05183381418136035,-0.059082926650834144,-0.054083929662272046,-0.09793711094510194,-0.019174515010206283,-0.05149417906439202
2018-10-25,0.018625040052811848,0.021897736441774285,0.05844410238482722,0.04395917991542886,0.07088689580645524,0.03362100839161175,0.04227462329328535,0.09136917152114976,0.0481741287726305
2018-10-26,-0.017327264039978307,-0.015923671644470172,-0.012373107605294087,-0.017977721118883516,-0.07819674751655215,-0.036965848824171754,-0.04594902843577975,0.05094321706509364,-0.03116078566905478
2018-10-29,-0.0065595995737004476,-0.01877008698303939,-0.029076098004445328,-0.04523177747978291,-0.06326358495753426,-0.02256331930028077,-0.06389609663337759,0.011937184073759655,-0.03229296491276479
2018-10-30,0.015666780052058682,0.00499397851446548,-0.0011557035659315318,0.014283738394996082,-0.005497459446531794,0.029066267745224028,0.09363211431610585,-0.01478273485251358,0.010492398067836417
2018-10-31,0.010851331974038647,0.026067001930497602,0.029692677743619944,0.03913267458688785,0.04416426273766638,0.03809307512986715,0.03857145322875333,0.022491681222557736,0.0353207330620966
2018-11-01,0.010557843693063784,0.01535205883792079,-0.008332557839113908,-0.004217930642935075,0.04225254609166407,-0.0002633825705673498,0.034530207139786384,0.020633172207841666,0.008008766169339543
2018-11-02,-0.0063166863793988615,-0.06633052152741048,0.002265849311489987,-0.013342831101133878,0.0,-0.009225573658041553,-0.014625486378317842,0.006186833410645631,-0.011360969622154271
2018-11-05,0.005600317169601965,-0.02838847584075932,0.012716617377929618,-0.014708454927548242,-0.022653420449634698,-0.011107459965150501,-0.014656964629030322,-0.014462615214999586,-0.010541442447676519
2018-11-06,0.006259295774170726,0.010814070081999416,0.0019532301362805704,0.013109408378652487,0.00922107808904249,0.008474325119294912,-0.003352794712255247,-0.0009959108490508184,0.007345950434168191
2018-11-07,0.021208856064105275,0.03032834847063759,0.03936133611549075,0.036154750410452685,0.06858973168176319,0.010604264068333258,0.012935005449140835,0.020817452625894184,0.032744506348856506
2018-11-08,-0.0025089163835961825,-0.0034890745515088195,-0.0018757424996582728,-0.012280729602896057,-0.0003303844428476088,-0.024153520873320566,-0.036484450029513726,0.00930604908804078,-0.00984806341985478
2018-11-09,-0.00919901370610332,-0.019281653476274974,-0.019507750698471327,-0.016087576782956248,-0.024206376188181555,-0.019679314594204245,-0.0015534804476139419,-0.0025327462564075365,-0.018979836789113413
2018-11-12,-0.01970148934024063,-0.050374150095002235,-0.02464148842172542,-0.025681989041385078,-0.04413610380713673,-0.023523884458338973,-0.07842661339185752,-0.05486289846261738,-0.03284604214939002
2018-11-13,-0.0014819196931705747,-0.009991366546865055,0.0006545676438447501,-0.0013247478506156485,-0.003470038015299326,0.004309428974629936,0.051545832591021856,0.022488583932654294,0.0013324413323072548
2018-11-14,-0.007567410690302756,-0.028247227796071583,-0.01418086917997985,0.006307570036993448,-0.019715929862163195,0.014490823763447569,-0.010636865438754972,0.015558041777538723,-0.00366083140556539
2018-11-15,0.010593753366266334,0.02467896800697922,0.022006292629525692,0.015617600612008786,0.012776650897123432,-0.0025654447084868526,0.026370678158383454,0.012907039788430774,0.011557159344761425
2018-11-16,0.0022233054237545957,0.011075448316209435,0.009414441080292546,-0.0025956968667880664,-0.016073437868940443,-0.030031397304941976,-0.18755869009044934,0.016846485069498707,-0.010702159830687896
2018-11-19,-0.01664310858849427,-0.03963186068485891,-0.03389029243095909,-0.03823943364200333,-0.05090968010562913,-0.0571919977218841,-0.11999032439956014,-0.0023707949075066903,-0.04438803438259331
2018-11-20,-0.01815124083246611,-0.04777810914567926,-0.027815110700630474,0.0029493013270023294,-0.011128808718927297,0.006689433162796687,0.030269512917786123,-0.01691797240752324,-0.011587553973092968
2018-11-21,0.0030432907461763747,-0.0011300952442784284,0.01376468340123882,0.012596356930650199,0.014223040580892299,0.018047459486744133,-0.02931303788215467,-0.026763395900558984,0.01095225692129631
2018-11-23,-0.006554842390161242,-0.02539876546538422,-0.00038811951713102477,-0.012775161226389553,-0.009672192531983259,-0.022919729474584427,0.0020039921529875215,-0.03654747725516738,-0.014979838966626469
2018-11-26,0.0155323683669224,0.013523909179404603,0.03298772783434689,0.025084937687007258,0.052774205345442304,0.035299683152835604,0.055517269787559,0.061903481591741416,0.0360738156483702
2018-11-27,0.003261692144003847,-0.0021764111658109098,0.006292801965629202,-0.003466124316618302,5.693110101656629e-05,-0.010119059479531733,0.004442918230354698,-0.00601162087941387,-0.0026031645555815164
2018-11-28,0.022973979644221654,0.038452838370112374,0.03714756068722025,0.03754710187671639,0.06091358215761211,0.01303719224200739,0.04124102911408456,0.011485270415007243,0.03287739307062054
2018-11-29,-0.0021831080910337253,-0.007682192085045947,-0.008369332292580745,0.0025554648593855145,-0.0024914277024860043,0.01403928629203044,-0.015946232872140365,-0.019260070246266525,0.00028037635829192276
2018-11-30,0.008170747552017188,-0.005402460758534233,0.006352541884637963,0.013767732787333786,0.009918938050902604,0.01391698387928142,0.03857395440888278,0.027288440954263526,0.010464795075369349
2018-12-03,0.010941426132194287,0.03494256592057399,0.010821465164686517,0.006047030009532106,0.04862821032044029,0.0034136378237710208,0.04044554577203541,0.022854306277042546,0.018151530960214934
2018-12-04,-0.03236490314939877,-0.04398889797222583,-0.031849347221004964,-0.048272981411871974,-0.05865623540184539,-0.02239716939022318,-0.07604118573325191,0.00337530335871139,-0.03583369691524363
2018-12-06,-0.0015222281477752508,-0.01114956736038386,0.006174004307650582,0.014692187246034383,0.0184548674019982,0.012325250367431151,0.007510885651994537,0.009341156591416766,0.009929474714453157
2018-12-07,-0.023320118765389863,-0.0356566701973392,-0.04002196811567127,-0.02921870584327091,-0.041231479123390424,-0.015827634609332897,-0.0674713574419803,-0.014019689883274622,-0.029925726249833362
2018-12-10,0.0017621539947350051,0.006587623439957557,0.026426133328363965,0.006306258297998024,0.007304527462037358,0.0322368625386531,0.028792180900391262,0.020057450635827756,0.020122223479165813
2018-12-11,-0.00035634616892232795,-0.0057193147230720776,0.009294497655270018,0.00804249084388009,0.0013467657815862122,0.001621547379607735,-0.024166879220631543,0.004409180127082246,0.0033352458913733507
2018-12-12,0.005419503676349802,0.002787316847093546,0.004512563066417341,0.011378411618629736,0.01235363498916997,0.01703239735452855,0.0047912377226764225,-0.00043622097525497505,0.010307298465660697
2018-12-13,-0.00019993032368359476,0.010940147158023494,0.0033920317509870124,-0.00017693110318584004,-0.0031018578309504052,0.0035296700102254164,-6.716498782177727e-05,0.027795937737711274,0.0037834317337861467
2018-12-14,-0.019086709555430348,-0.031997771795470475,-0.03124730205856696,-0.02033479170493513,-0.04008130390245668,-0.006551299508350761,-0.01638806609840404,-0.029406295404663663,-0.023556989856132082
2018-12-17,-0.020773480559224233,-0.00930615867503859,-0.02961417064931715,-0.02477848582518183,-0.04460045543160707,-0.02686376637741783,-0.019597126047261715,-0.04727787408573181,-0.029935509599930188
2018-12-18,8.640058610476231e-05,0.012992741371519845,0.010496808708480021,0.017315822448949802,0.020099752835132323,0.024752056164353498,0.02340160996325502,-0.03269048317800338,0.015639719281850484
2018-12-19,-0.01539571453679811,-0.031191869223884505,-0.0026932676918645093,-0.007619287283110676,-0.03635238334743507,-0.07253235657567847,-0.05737062180301944,-0.012046381459097089,-0.03571658118262944
2018-12-20,-0.01577210632742365,-0.02523448112625548,-0.02102410981441194,-0.01147316773517948,-0.022908494210543306,0.0012008965588126141,-0.02461894393599018,-0.052827576903363926,-0.015271991309748878
2018-12-21,-0.020588228309714296,-0.038895776019925,-0.03231204266258891,-0.03158521289715199,-0.0570771264386426,-0.06334341435052249,-0.04093256688290703,0.013919750202525005,-0.044866855299927844
2018-12-24,-0.027112254452099527,-0.02587415118807057,-0.041738923656019944,-0.006638036225013133,-0.024313035987901577,-0.007122889565968182,-0.019217371743486478,-0.07624231754928879,-0.02367059260244664
2018-12-26,0.04959374278953943,0.07042164853310284,0.06831009815022093,0.06416351370950268,0.09445222040160872,0.0815734660663634,0.04737183180486304,0.10393032040182759,0.07842616036590666
2018-12-27,0.008562680784222065,-0.006489793584538828,0.006165204062232865,0.004819542092182827,-0.006295430662189294,0.0025340564973199697,-0.0145007647819001,-0.030543696163891743,-0.000595367905862676
2018-12-28,-0.0012415825080966947,0.0005123182477790866,-0.0078078162624495295,-0.005907468532121651,0.011206593086295902,-0.009812724173976606,0.01890708788897877,0.05611616189772173,-0.0006720927659096265
2018-12-31,0.00849248413140935,0.009665376340551646,0.011754189299174378,-0.0016434408566795566,0.016204139597652434,-0.015840757241516235,-0.001122359812050222,-0.0032048222381534375,0.0009758408955542475
2019-01-02,0.0012684969251244294,0.0011412747116801292,-0.0044305233740538075,0.009301916975184232,0.024740760502233394,0.03501396853162819,0.020374353984600857,-0.06814899980682931,0.012224247957153933
2019-01-03,-0.02475673039503723,-0.09960776694214502,-0.03678798751444046,-0.0276956920539716,-0.025241497784936007,-0.029038826158332642,-0.06041692830310841,-0.03147171266518323,-0.03659382031910863
2019-01-04,0.03433571464262353,0.042689478329371866,0.04650942421077464,0.0512936165641531,0.05006399867375011,0.047138179764975696,0.06406758506736843,0.0576973909120706,0.04834377620401975
2019-01-07,0.007010434848680358,-0.0022256558741154953,0.0012753320738112528,-0.0019944151530232324,0.03435341415874271,0.0007249619628684201,0.052940749079384286,0.05436123871697496,0.009587012296006003
2019-01-08,0.009695285023358924,0.01906300705473596,0.007250612032805304,0.00878321032031315,0.01661235994563981,0.03245207612747292,-0.024895546000732516,0.0011642764023440666,0.01766865672864948
2019-01-09,0.004098045450532162,0.016981969039749467,0.014299693840954086,-0.003427346607766335,0.0017143547179709895,0.011927249037444021,0.019667003551874007,0.009482625353500751,0.008967715395692633
2019-01-10,0.004518418782931244,0.0031960643596691263,-0.006425574912157672,-0.0026070485764142504,-0.0019284287379283116,-0.00020799749295963288,0.018585779287632276,0.019023398389568458,-0.0007866864225449799
2019-01-11,-0.00014629784190933748,-0.00981798015305968,-0.007722139667852512,-0.013310849041220374,-0.009455231305329326,-0.002773947845010727,0.024788369319283854,0.0066383165769237085,-0.006274454979054767
2019-01-14,-0.005257525167898014,-0.01503706472382682,-0.007295800941991337,-0.012175020657951285,-0.014232985793521946,0.011057045145508315,0.010817810921203153,-0.03703280470952408,-0.005250599864233707
2019-01-15,0.010721688622945758,0.020466878704977987,0.029005213446319456,0.033285420126980325,0.035462313843586335,0.024485897422359182,-0.003788831059900466,0.029994027272290946,0.02828751124239548
2019-01-16,0.0022219854881162515,0.012215939053660918,0.0035235791168373165,0.0027610457739264405,0.005505997778829874,-0.009466305097240446,-0.006872897875917494,0.004703414429845898,0.00018425970290936178
2019-01-17,0.0075914003822110665,0.005938138213657407,0.007022259733864278,0.00882066446890395,0.005606434395265758,0.005151229367845067,0.019349769292106966,0.0036410765019605495,0.006197981544419973
2019-01-18,0.01318305304897005,0.006159257264824358,0.014983350213972235,0.0074422837205547765,0.0017598946424279838,0.011732872354324408,0.034339639144579825,-0.1297111611448507,0.0025085817667913624
2019-01-22,-0.014157306164566674,-0.02244600149610676,-0.018846879484671564,-0.025891852242516333,-0.03774908655967102,-0.01646236611402596,-0.05199756068028394,-0.011050140026936717,-0.022705299639031118
2019-01-23,0.0022029127742235755,0.0040440977496698505,0.009746045087896338,0.0053587439107691814,0.004809570602366753,-0.02215890482331684,0.0034950493641545677,-0.03790309945117787,-0.004989172391796304
2019-01-24,0.0013757255543636049,-0.0079260214366762,-0.004779386499848215,-0.00037821742493515664,0.009091336230296898,0.010602939513260301,0.05727116420290068,0.013630522645296628,0.0044466476630395935
2019-01-25,0.008488694060713842,0.033136954827899245,0.009133969639575135,0.016153138571088466,0.009450615167288179,0.021806149753873294,0.014635125580794606,0.018970237843449533,0.01667782222892411
2019-01-28,-0.007846827493937836,-0.00925405819336056,-0.01950170486415992,-0.019654762265919445,-0.019562216712664893,-0.010334663618831286,-0.13824532076229623,-0.0022219544588429896,-0.0159325876747769
2019-01-29,-0.0014562465775435074,-0.010365072277364051,-0.020365465357099155,-0.009075200955197427,-0.02686994204251958,-0.022242012055534333,-0.046445963975519144,0.0036439960027925267,-0.01910808007802578
2019-01-30,0.01554926091974429,0.06833434989704501,0.033417584527129174,0.02610116042887367,0.04802744720961405,0.04320680581166125,0.043996830739865045,0.038021902704256094,0.04171381021884768
2019-01-31,0.008597395948725328,0.007201184306539821,-0.018330592567078696,0.025410143277898367,0.02891472167185971,0.10816384750230279,0.04629154007130376,-0.005667655087972956,0.040988345976479934
2019-02-01,0.0008986100931438479,0.00048074109334561577,-0.015800217021902374,-0.006457139582073945,-0.05381880772938674,-0.00587910599568231,0.006817381657443056,0.01690437546773982,-0.015175608930843354
2019-02-04,0.006776236617404008,0.02840502741152995,0.028799599880616755,0.020382318000228494,0.004353581897566405,0.021362621268193438,0.03074705533569011,0.002178046704109926,0.019613624680242303
2019-02-05,0.00470842037697472,0.017109482451720393,0.013996392680711844,0.009155261680964255,0.015612487224473615,0.011285187746598258,0.005161546417948859,0.027038217137097087,0.01350295040988958
2019-02-06,-0.0022244379802809355,0.0003443956381712354,-0.011098730438290239,-0.02515903799378605,-0.011182689786027766,-0.003914457443999209,0.020340146729584507,-0.012851945460094494,-0.009078967115220382
2019-02-07,-0.009357140143940179,-0.01893929137131878,-0.0071676578867840846,-0.015121779386362388,-0.015784110453143985,-0.02410701485559008,-0.03647048323698254,-0.030609661584522496,-0.017982180528963942
2019-02-08,0.0006762010869560964,0.00117481388296925,0.003799779962687877,-0.003191977378305122,-0.016198209157239574,0.005709752070508278,0.0050871630344822005,-0.005560810155770368,-0.00045499113445590655
2019-02-11,0.0007091030986317026,-0.005750714479013985,-0.00397456212460956,-0.00023581651468207454,0.0017503863887402549,-0.009203363626771432,-0.011608129104108578,0.02302159754165345,-0.003458086592324383
2019-02-12,0.0128902247439735,0.008617302547579087,0.015581693192410428,0.023100971397297165,0.029547382710171766,-0.004523809148982871,0.03222933839229425,-0.003292499161602569,0.010382791010699721
2019-02-13,0.003023994668760688,-0.004155050055842047,-0.0007484840722894459,0.000931178116087894,0.001214920135908626,-0.005877229996636202,0.011311924176578225,-0.011673755836671518,-0.0026894075018224495
2019-02-14,-0.002651641555101225,0.0036432795431369236,0.0008427705602107594,0.0005050419797427708,-0.010579272014338836,-0.0007314759129014581,0.010792645504905218,-0.014277820308407851,-0.002098913103647737
2019-02-15,0.01087875260858695,-0.0022246606992483153,0.012347917026090727,-0.008474979842533648,-0.009059262479477748,-0.008844068188960663,0.018184195322831886,0.013529981687833148,-0.00249562019667926
2019-02-19,0.0014987433214488366,0.002992580807464229,-0.00046169610709489994,0.006144898293562573,0.012208075244112715,-0.001292474022028034,-0.004448983705415355,-0.007275592114103446,0.002203673287753949
2019-02-20,0.0017771107537685182,0.006435474459187462,-0.00519928315638718,-0.005255297031174888,-0.0033668938325457365,0.0016638488073417168,0.01219370322997304,-0.010077140160173803,-0.0015528007648468733
2019-02-21,-0.003526436790880272,-0.005638690229930021,0.021091814511112084,-0.014617280219962892,-0.0016398893947140447,-0.015502074939602872,-0.017533905434149122,-0.03744719150082565,-0.005123755222476212
2019-02-22,0.006411102394986878,0.01116571336652572,0.014258182516350804,0.011184390218925033,0.0074841032295558385,0.011559536920142888,0.021955375979825442,0.011949336815981981,0.01147084391576092
2019-02-25,0.0012318625699112573,0.007284595500462343,0.005587268637380571,0.0006897274843709056,0.0008825736547322105,0.01686338945611876,-0.0031408714207159516,0.013776227055194656,0.008488102212010462
2019-02-26,-0.0007904570968998437,0.0005738536958306284,0.006900234595339283,0.0041885900968672285,0.00208203509820426,-0.0029764691530916876,-0.010019616626211758,-0.0030458399535449043,0.0011969834973839522
2019-02-27,-0.0005440493877303387,0.0030974176911571227,-0.0016910395388773924,0.0007843527648470072,0.0028660116253622636,-0.00804263889477419,-0.010757373103390422,0.05667104122280353,-5.978072983303662e-07
2019-02-28,-0.0028255083152146643,-0.00983577046701134,-0.001247976274217466,0.0032593951931325638,-0.0007677325817357916,-0.00835311966826291,-0.006376924837070086,0.016330846005180755,-0.003088529541906415
2019-03-01,0.00689532059343434,0.010511183809871705,0.004462896068190947,0.019501905655266993,0.019453250691601864,0.005140852570759025,0.014196939765087846,-0.07843566043230532,0.005948203214963588
2019-03-04,-0.003880558492514008,0.005029505145534907,-0.002399168382398953,0.004266538102436712,0.014619586796095208,0.03136550059834309,0.002109337525687538,-0.03198883658491347,0.012384302880451559
2019-03-05,-0.001131532823106185,-0.0018198328247245321,-0.004988407740012857,0.013672336921696893,-0.0022050158240090045,0.02324191365360262,-0.001658404158840887,-0.03090829156245878,0.006814579169452939
2019-03-06,-0.006524098653592381,-0.005753753130453565,0.000447586327786631,-0.0036349934148431906,-0.013873495481994347,0.007298836890744509,-0.02855872758139577,-0.0010848588017886573,-0.0009697466739110316
2019-03-07,-0.00812571755868352,-0.01157455858678913,-0.012170003811012964,-0.012095081733924706,-0.02576471998369667,-0.01959284628650626,-0.018349238251433864,0.0012669741182240735,-0.016640372845471374
2019-03-08,-0.0021316888487414865,0.002376701599125397,0.0010869842120058149,-0.0007646303557917733,-0.0031673752931026256,0.002778727389877167,0.009245583432645699,0.02729675994497449,0.0019297949897643107
2019-03-11,0.014666041867757107,0.03464213136282024,0.020993578825546644,0.02547015158681165,0.030737873720530162,0.014563667956481563,0.06970244387215785,0.023861458586003748,0.022597337230076953
2019-03-12,0.0029533182046204143,0.011235446234492352,0.0070016714974241445,0.015255373310223419,0.0014844854239022265,-0.000871723130740576,0.008564255043348235,-0.025986510550194186,0.003341530798550707
2019-03-13,0.006949583813841809,0.004421845588360673,0.007745015844104142,0.0015117641506765533,0.010585118161452245,0.008434068586148591,0.03753368004032631,0.019762826693860758,0.008131836478294074
2019-03-14,-0.0008680223820187738,0.011116749925406122,0.0007861521148779804,-0.00544588569527793,-0.002714673150861824,-0.018457521859246317,-0.018147296295545123,0.0034607328163371864,-0.006469204318131361
2019-03-15,0.00498490290027398,0.013008269094591629,0.011519358366710586,-0.0018699841487134217,0.015502120161135613,-0.024622489564172678,0.025670852537075683,-0.05011042604829263,-0.004136761231378516
2019-03-18,0.0037059469012648005,0.01020865909890345,0.014321409860642564,-0.0014701865781646672,0.017397066258948213,-0.03319659628723215,-0.005064685506156241,-0.021566273770704303,-0.005093798365417568
2019-03-19,-0.0001305615560248663,-0.007924807348746676,0.0006804244149873906,0.011703317741146968,0.011307873960989534,0.006854680036957106,0.04001186304910376,-0.007495627621330492,0.00521719089309558
2019-03-20,-0.0029443536044478913,0.008738718410392643,-0.001104980900659025,0.01993410304681742,0.02010391063581385,0.02395252654109381,-0.0074554340343231384,0.02291845522943481,0.015334600780577468
2019-03-21,0.010852481049954399,0.03683002057454332,0.02297490537173008,0.007909075323814019,0.012235166707998735,0.0038684665686572473,0.0547015872456309,0.0015350810461096653,0.013537427801162627
2019-03-22,-0.018974501239482744,-0.02070839557952453,-0.026368349702139193,-0.023039522363097586,-0.029951683771010984,-0.010476973860581107,-0.0350112065023408,-0.03463255713040714,-0.021218993839860145
2019-03-25,-0.000839020658475631,-0.012090829724710872,0.0052113282326702315,-0.00850419055137297,0.005377413721055602,0.011865906429038953,-0.02095779151899091,-0.015536892576059724,0.0031858018563835078
2019-03-26,0.007182725862306283,-0.010331856329837796,0.0021247086248692426,-0.006297061069963417,0.0053544138654035844,0.008358621362041463,0.017780809011387344,0.028223624718877183,0.0037041896606411218
2019-03-27,-0.0046443248906916645,0.00899406064865782,-0.00966831357571718,-0.009942510138395644,-0.01012467867973188,-0.010794244802982966,-0.0020918065965828125,0.026365922874079573,-0.007102826984921706
2019-03-28,0.003589481529391092,0.0013266208989379802,0.0013701721939023415,-0.004872625703570166,0.00437213503435796,-0.0019291264024856591,0.0042492043627166964,0.013790332193247767,0.0005406638067748659
2019-03-29,0.0067342800173637585,0.006517375759666821,0.008637905760613851,0.003941106406268657,0.004133266392968293,0.006885923895846524,0.013032619649225419,0.004450491478388496,0.006360001915635349
2019-04-01,0.011568600124275408,0.006791395854734095,0.009157013928404956,0.01876982407846861,0.018778657625842854,0.012058379722403423,0.015148087959552914,0.03330240519756256,0.013762954406643768
2019-04-02,1.745570720723677e-05,0.014536373646408807,0.0014282952673623228,0.005471236364996912,-0.00011581671050930886,0.0326022935182011,0.003949932042196513,-0.011411640419352831,0.01282115797576866
2019-04-03,0.002148376881724312,0.006855242103224191,0.0065442239638702215,0.004371498482414138,0.003704629310371743,-0.00378877080567408,0.030710195716946442,0.020743017324461155,0.003021583097329694
2019-04-04,0.0020846350796801527,0.0017406689551118237,-0.00508455535574226,0.007135751727027628,-0.0010106317894359451,0.014290611659199204,-0.0019084299924196912,-0.08234816239503528,0.0013754463358868207
2019-04-05,0.004636432770241061,0.006694013333643722,0.004440455668331733,-0.006560313063614931,0.010127196283313822,-0.0017043222449465434,0.014288749655823718,0.02681314318395822,0.003115247914928787
2019-04-08,0.0010474599539205265,0.015736050367430865,0.0003334596960589131,-0.002616748777469202,0.0068470544892456076,-0.004495856336696136,0.004399236525244099,-0.0064009870820075365,0.0007213374502021974
2019-04-09,-0.006067494393846573,-0.0029986957817499382,-0.0054199377294389395,-0.004626388029259965,-0.007578913297284662,0.015149064360441056,-0.013191594524534112,-0.003257712404775681,0.0015253317404140265
2019-04-10,0.0034778715639784963,0.0056141450311189,0.007629303717411107,0.0031263577134219567,0.006258726672734749,0.0013514799838396652,0.015005571116602834,0.013771070245990558,0.00478548433714443
2019-04-11,3.8123067008344336e-05,-0.008324103931625526,0.0011647690340008676,0.002602633171481239,-0.001764730856449126,-0.001743363162698408,-0.0029150008126117566,-0.027675107337592375,-0.002153655925875575
2019-04-12,0.006609324208602496,-0.00040207298098482447,0.005152386749662341,0.010863257092173173,-0.0005476903050044557,0.00895743208863431,-0.007987779501817505,-0.00268238221889483,0.0051958897207757815
2019-04-15,-0.0006293691084816588,0.0018100561891194467,0.0008269129372107109,0.003107725000797812,0.0009820611162909554,0.0030707418444939627,-0.02794614071302437,-0.004930856117047799,0.0015270644021161406
2019-04-16,0.0005093580038946222,0.00010057750254510722,-0.0023132557481245763,0.004386376690886706,0.009848939749589336,-0.004341871024569954,0.019004079903784943,0.026203202008537207,0.001346193165061793
2019-04-17,-0.0022738117853239315,0.019473022076466284,0.008280313504816617,0.006680598819414962,0.0009553942674214166,-0.0005030641766892163,-0.004888243420353544,-0.007791933226055425,0.00408923122531113
2019-04-18,0.0015790922795098083,0.0035935152943287196,0.013139580968582143,0.0010725113434768563,-0.001678383384266291,-0.0027967992415459664,-0.005285963018467621,0.007484354720840525,0.002322443297476884
2019-04-22,0.001012017561471401,0.0032867091099006984,0.003161115254021629,0.009899550967149784,0.01376167016316665,0.017725021641084915,0.011648345392710313,-0.03846152638080802,0.009454419365710676
2019-04-23,0.008841205788409079,0.014423410840757933,0.013574957829960876,0.013423613680697999,0.019318479950358514,0.012896854441843741,0.011672434601164294,0.004376739071872082,0.014112045501864623
2019-04-24,-0.002191763174733685,-0.0015423251417944206,-0.0034281730806814403,-0.008295324006336258,-0.01144625325368731,-0.006529599271136277,0.002622277915510729,-0.019855977462206353,-0.006834569506288912
2019-04-25,-0.0003689736527457965,-0.009075253469806976,0.03311746729513798,0.005785486286104646,0.00026293177839042947,0.0584948972234105,-0.02228382890026548,-0.0426428039397303,0.025762736072677095
2019-04-26,0.0046852921407636305,-0.0047739435113319795,0.005729733223435396,0.007953571615179955,0.02543302552920257,-0.009158566485383934,-0.0471883049488353,-0.05043819414148287,0.0010547282593571516
2019-04-29,0.001071522174355355,0.001517682479144078,-0.0009238609313206858,0.014701683377926988,-0.006254395751948416,0.017180940621843055,0.006962463670866059,0.026920128922461872,0.007385722753124657
2019-04-30,0.0009514170090862972,-0.019256386352903387,0.006395816967210033,-0.07501929986159095,-0.006144196629405907,-0.007084793272047474,0.009312876702466388,-0.011512753335668258,-0.012991223591161782
2019-05-01,-0.007502163081421376,0.049085710713749675,-0.02082698569213237,-0.02138528966198261,-0.007786060129541195,-0.0019132322463581986,-0.002928069170578862,-0.019607038171323476,-0.0054238466387936946
2019-05-02,-0.0021239857917741967,-0.006507855796699991,-0.013059210224037443,-0.005803937723637631,-0.005597598276473326,-0.0025903319407621916,0.015071595187164721,0.043117745928183515,-0.004714950938027762
2019-05-03,0.009638279380647763,0.012431314373257063,0.021313768122456445,0.019751136470725017,0.03242811755501673,0.015270401802567113,-0.0009827086281503083,0.044776827893111326,0.02065135817695629
2019-05-06,-0.004470988428756373,-0.015442766078316184,-0.005818306329071876,0.003287015214658906,-0.006068961956673058,-0.008134099140783668,-0.01726701829121635,0.0012155112018303882,-0.006470842235609897
2019-05-07,-0.016511651392423388,-0.02695703613862388,-0.020522933510694008,-0.012233382990786135,-0.015149504925400126,-0.021198862362166393,-0.03747538730805522,-0.03242735395158203,-0.019993647816335502
2019-05-08,-0.0016054253132695706,0.0001972404144032769,-7.954503340057428e-05,-0.00685409664575376,-0.0016814851400369646,-0.0012120803196163932,0.0046789111382012916,-0.008985714919320764,-0.0017323189955840146
2019-05-09,-0.0030214249424966866,-0.010744253808434578,-7.974507404673314e-05,-0.0024001130669192294,-0.009333722778829934,-0.004695443755804218,-0.021446639301469395,-0.011681069548660883,-0.005158522828364154
2019-05-10,0.0037202972597878414,-0.013853564185203338,0.01298805375182055,-0.0002824923228846865,-0.005205610992477072,-0.0016432803854482536,-0.00804991425488899,-0.010166102021160528,-0.00027771934265852227
2019-05-13,-0.02413055719884427,-0.05811922701660566,-0.029733259479039043,-0.02659211148040308,-0.035608819608768605,-0.03610488753752317,-0.061426223946653424,-0.052229494360313766,-0.036186177239240336
2019-05-14,0.008015944543135589,0.015830239927181022,0.011187671748139394,-0.010320323109774043,0.009568262041155462,-0.004461833559121442,0.02265702967033989,0.02334699863237777,0.003802658483286203
2019-05-15,0.00583897507464215,0.011979089411681798,0.01408209748739564,0.04084062492807883,0.01686309695084587,0.03065346602612773,-0.015181528834607216,-0.00154966432150061,0.022465209698983246
2019-05-16,0.008895287120600504,-0.004399713789321691,0.023091639528255214,0.011701294020593389,0.01946395630546416,0.003865371939742124,0.003822361703881061,-0.01560679096708617,0.01062994929159844
2019-05-17,-0.005837333350761975,-0.005681844827551519,-0.006670137832940126,-0.013271371341962879,-0.020219492921261684,-0.009038060201844167,-0.022847500983180224,-0.07576748791335908,-0.012731024408904723
2019-05-20,-0.0067493779153879885,-0.03126970801149198,-0.014445349726682544,-0.020636830780537796,-0.005366456690264809,-0.013923210031306366,-0.030537387343018252,-0.02686823480397693,-0.015241796621517811
2019-05-21,0.008495835590448308,0.01917090039808489,0.005387501161071784,0.008543931157292572,-0.0007800247985996211,0.011492962574896737,0.021812325891406248,-0.0013634997375607805,0.007905365512788753
2019-05-22,-0.0028243962306494508,-0.020471870808567383,0.006067703100584687,0.0012214673485395622,0.0011628591845380676,0.0027053155667082773,-0.01844467486555279,-0.06022036210467108,-0.0007892232007163935
2019-05-23,-0.01191414994527018,-0.017069755168476752,-0.011670733700285485,-0.009092937391496525,-0.02376751975512159,-0.024012488402720633,-0.0320629533297605,0.014320552722358215,-0.017934130265214177
2019-05-24,0.0013535590072402126,-0.0038403113076276307,0.0004755184469289464,-0.005875902595207094,0.004296377605180091,0.0010504316701200889,-0.014729840229424807,-0.02486063325357668,-0.00047764728813182167
2019-05-28,-0.008375676922946718,-0.00413483976728779,-0.0006334674057546508,0.0008343137047865934,0.007212290050219838,0.017949850278710322,-0.01253871068317236,-0.010124341109633561,0.006930953128074568
2019-05-29,-0.0069119122568113145,-0.004769240222521676,-0.009670469432303985,-0.01721718882180412,-0.009387773958249856,-0.011502354906936962,-0.020861051276880205,0.006147333130873456,-0.010392809759550703
2019-05-30,0.0020984713906617714,0.005187038873042837,0.006323099181359648,0.0013125288648316857,-0.001577639243082074,0.004500689652382928,-0.007633032868341161,-0.008637920413351985,0.0031238068456482804
2019-05-31,-0.01319537280847849,-0.0181156350600693,-0.01630473873166638,-0.013295782628990449,-0.022710755340790256,-0.03027149498538495,-0.026238165128046553,-0.016257608189742534,-0.022364384164669127
2019-06-03,-0.0027652403144732274,-0.010110347685724497,-0.031047944003526395,-0.06123805625359802,-0.04640947352034053,-0.07505484923845185,-0.012402219670415549,-0.03343059616543187,-0.051008072913319324
2019-06-04,0.021432370568193138,0.03658376963951904,0.027703487639568758,0.015162575925106614,0.02178187690076805,0.02040811936374176,0.0689191606514521,0.08174561896341825,0.025173257682997496
2019-06-05,0.008161854781411959,0.016143258548930284,0.021679219716973508,-0.00934104004469527,0.005169016882808464,0.003999899908551985,-0.012027959152191015,0.01544420373527533,0.008308816642712102
2019-06-06,0.006135586748687638,0.014681911821849303,0.015814940738489547,0.0029867967200829515,0.009122798271355315,0.0009514626250106684,0.01769532729855805,0.0476117502048552,0.00889468707357488
2019-06-07,0.01049769746289475,0.02661681624857337,0.028007996075871233,0.019670388091440616,0.02831229113708922,0.029822555171959753,0.011962708207702066,-0.007040519976872828,0.026570188658538996
2019-06-10,0.0046600444669098184,0.012779531051927417,0.009132745294399225,0.013469286678519321,0.03137422141504986,0.008479805396498952,0.02013754149831093,0.0409780333593881,0.014632869066252718
2019-06-11,-0.00034988023558091275,0.011579777762826149,-0.0037709786873452167,-0.0015887485977925664,0.001649933470424525,0.018762239493476995,0.01563017367850872,0.01982334850283829,0.007313455449384776
2019-06-12,-0.0020375791387226005,-0.0031826209124259375,-0.004617693012868851,-0.0017945832493625469,-0.004496418192190821,-0.017181576333812565,-0.03018247172565358,-0.03611234292213106,-0.009574202834954693
2019-06-13,0.004097381912668174,-0.0002059938893671509,0.006312333099597778,0.011037015912330306,0.008074084887562893,0.013882652911310966,0.01409035659061253,0.022221120858935794,0.009615857405871786
2019-06-14,-0.001611511904139773,-0.007262514227001415,0.0009824512243477024,-0.004316957482158323,-0.00033686328637261287,0.021750325903227008,-0.024416602248833907,0.004721603986466594,0.006490426485308065
2019-06-17,0.0009317492412306283,0.0059664867845175,0.0030199317445924745,0.006986934705776049,0.008750215966301989,0.04235357130580275,0.0026963749761010902,0.04704074421740101,0.019665122552321224
2019-06-18,0.009717399870633026,0.023518493676225605,0.01738820729316215,0.010375836495109425,0.008133468756305495,-0.002856942108582783,0.054126718778356286,-0.0012886872369679558,0.0080542030829307
2019-06-19,0.002985163546397107,-0.002922432884869708,0.003921308115889088,-0.000660509831851841,0.0039024725343070887,-0.00525289687683006,0.0015698541803048638,0.007519764691878983,-0.0003176226643950564
2019-06-20,0.009472185190685156,0.008035428124971933,0.00928547728074447,0.007867647692968216,0.004924598579345574,0.010934610412279167,0.006400232314151433,-0.030075551830091918,0.007683100519196406
2019-06-21,-0.0012592227925193322,-0.003409132353550226,0.0001464536807218586,0.010932656903725357,-0.0035919036198248655,0.008494576237576323,-0.015185025250882056,0.010199478262568729,0.0033763935754931307
2019-06-24,-0.0017318870104667816,-0.0010061866263583186,0.0059134099740632,-0.007704267740966775,0.0013603018897809793,0.007638515667840906,0.005930589380376716,0.008023076459826362,0.0037408210986391577
2019-06-25,-0.009496397343734198,-0.015157539235111539,-0.03157217710719595,-0.026076751361224004,-0.01861645619625707,-0.01952235725453033,-0.007729718680930753,-0.01734926938308201,-0.022417552365832427
2019-06-26,-0.0012339337557076835,0.021629103168340436,0.0037477044697415973,-0.006675479908718196,0.010413885939478895,-0.006248784044023403,0.05135991581820387,-0.002229738728571129,0.002071387737459185
2019-06-27,0.003823175554131808,-0.00030011579195432514,0.0016424930879521682,-0.003415706604348867,0.0033985604479442877,0.009805014802669598,0.02492795040052198,0.016281291255971775,0.004730814511625825
2019-06-28,0.0057574526279098315,-0.009111930095939136,-0.0014165572824827999,0.005730883918812157,-0.005592597818778633,0.01846968734700316,0.0061265022186967055,0.002782256239630465,0.00509455060548647
2019-07-01,0.007672301032188189,0.018340612196609207,0.012839671697781885,0.015884773738460645,0.015082077541072714,0.0,0.011812410673376794,0.016602537125377292,0.00951283689761917
2019-07-02,0.002928125887423194,0.005854557344318723,0.006633178819817731,0.01145458333132554,0.006305337412949363,0.010362620110235143,-0.0237108388430034,-0.011533195712382427,0.007579084102855571
2019-07-03,0.007672378673070135,0.008286896972798719,0.006443683391890165,0.009338488463064731,0.0024246069203848197,0.01128198708470518,0.003205514175214752,0.0460921555160565,0.00898596583997091
2019-07-05,-0.00180590159841032,-0.0008806651595655302,-0.002910333463618686,0.008619803905070444,0.002016536782024403,-0.004056673218101214,-0.01548400265262495,-0.0076628280158580475,-0.0013204388165702907
2019-07-08,-0.004835444424841517,-0.020613835208568965,-0.0007294419551070463,-0.01401993076982655,0.004843221049465329,-0.003258651282960101,-0.018847654033554595,-0.011840412851381266,-0.004238429631662877
2019-07-09,0.0012365569653400854,0.006099329735852033,-0.003650815417163722,0.006715701400811014,0.018429393240526393,0.017623706514524606,0.0006357440500313061,-0.0012156304463569745,0.009929486672836552
2019-07-10,0.0045106896075925995,0.009888639593238047,0.010186084138565032,0.014782629431623562,0.014640624938845548,0.0176696925375468,0.0174815522013414,0.038511763106394925,0.01497054523007213
2019-07-11,0.002285226738359958,-0.007282432464185806,0.003989934666708939,0.002778402098291499,-0.008099507325226352,-0.007398950828908735,0.038860516899290154,-0.0013393830898483783,-0.0033200215156281576
2019-07-12,0.004620174547884881,0.0076828561178377,0.0036128303257918493,0.0011013924291507493,0.0049624026209122984,0.018088718791602343,0.007998754472076541,0.027158434061185455,0.00986603345443049
2019-07-15,0.00017586919155743175,0.009394991957999643,0.0,0.004513940194249777,0.004967642414728024,-0.004685891845218726,-0.0020288748274683854,0.034356089485530594,0.0014473843728777247
2019-07-16,-0.003403778522185874,-0.003459903776759088,-0.013102859909231768,0.0025641215680203278,-0.0054873776497271765,-0.0003434082223267021,-0.0011358180213018043,-0.004418164415035952,-0.004351290344806302
2019-07-17,-0.006531243569450895,-0.005623455096891994,-0.005909017923082516,-0.005825946477375998,-0.008891002112726198,-0.010007676428303691,0.015741042247066295,0.009826533897421275,-0.007260461341803359
2019-07-18,0.003581997784064761,0.011360064890054478,0.001100565131366249,0.000436038118400095,-0.007093314974038978,-0.005054573385424477,0.002769431563739877,-0.00517938756868408,-0.0019367326519340589
2019-07-19,-0.00617673452276668,-0.014927675483875302,0.0014658464176964259,-0.01367641565080946,-0.006764737761974726,-0.012052962226226649,-0.010224269273785613,0.01830088813133579,-0.007452190289613303
2019-07-22,0.002828694915066654,0.022853915547276893,0.01324872087225848,0.006769515361247924,0.010745666804249376,0.01996366429198959,0.01709813715264219,-0.009683129904604848,0.01470463614174311
2019-07-23,0.006847482673755456,0.007817583721444477,0.006212679273932098,0.007759832852896942,0.004462067812825987,0.00019760198907192716,0.025332499629224126,0.017561027246856264,0.004527913762613078
2019-07-24,0.004688147952890187,-0.0008136600372111724,0.010265955109575842,-0.007247143408606438,0.003168672237739978,0.01136601503010981,0.01707850556139001,0.018103499372800647,0.006927228258778451
2019-07-25,-0.005262401280453521,-0.007907434975290006,-0.003766144656998871,-0.0033252808087924635,-0.013489486526910066,-0.019300367130217988,-0.029553466958075925,-0.13613708110635003,-0.015740045766062027
2019-07-26,0.007387691099234761,0.0034778641111734565,0.008203307102886193,0.0962021656040446,-0.015589116785757695,-0.004783013841053285,0.009747559623486168,-0.003408795800965758,0.007520659017706599
2019-07-29,-0.0016161146071345112,0.009338555151411576,-0.0021934687918566675,-0.0027143261490080173,-0.015748424764873037,-0.019073818911935603,-0.0014284251675558135,0.03389755018959728,-0.008571366344862441
2019-07-30,-0.0025786549148275606,-0.0042920475010781445,-0.004821399474576715,-0.011144687313453638,-0.007278612913047322,0.005613813714564264,0.0036042185372953117,0.02752683338998274,-0.0012596528414720032
2019-07-31,-0.010885526112695776,0.02040421885878918,-0.029070273844002403,-0.00798047467093388,-0.01672348135049362,-0.014260922061262948,-0.03835881377785966,-0.002683168467668695,-0.014257988883283335
2019-08-01,-0.00899879386967306,-0.02163934401731671,0.013135440970270196,-0.005270018531552179,-0.006138892274227259,-0.007722826857212928,-0.022522155163088864,-0.032117800120570084,-0.0044019976228095725
2019-08-02,-0.007282739927037873,-0.02115797856005963,-0.008401922324269062,-0.012758199313209762,-0.01729077783786115,-0.019249659354284687,-0.022617409382231335,0.002095391899579857,-0.015189480967345625
2019-08-05,-0.0297778200029859,-0.05234794507359053,-0.03425860086413246,-0.03474816054995711,-0.03187185710749196,-0.03856740696687555,-0.06452004829888347,-0.025689260005491543,-0.03704194904970126
2019-08-06,0.013017017169932643,0.018930443798287122,0.01875777148594482,0.014141493031070596,0.01286026675758456,0.015297351009378568,0.010345483454945237,0.010643000906475075,0.015742425513445957
2019-08-07,0.0007668762331907164,0.010355270557663498,0.0043808264671290065,0.004124324171499438,0.0031154615501278737,0.003468725430000319,0.010108295063661066,0.011570931609834023,0.004607783807629051
2019-08-08,0.018762303409984193,0.022055688081230373,0.026685287297925075,0.025750442109031546,0.022019656560675394,0.027059169066820044,0.028396835530528186,0.020906599400388748,0.025341111119429938
2019-08-09,-0.00661660635492356,-0.008240151575971688,-0.008496002561671934,-0.014334508594094353,-0.013808825620453047,-0.012147696143297582,-0.025780228377743852,-0.013806206102418894,-0.011580355760619221
2019-08-12,-0.012317322177972212,-0.0025374462880508597,-0.013942672008717127,-0.012111919775694702,-0.0125360496687702,-0.013201984486301277,-0.017706493451371208,-0.025530805242072074,-0.012577789009306284
2019-08-13,0.015131688322181258,0.0423482326486766,0.020694248135702864,0.01892712374512384,0.022085030397553274,0.016615322077830896,0.030372989487484015,0.02615610421639536,0.021516627277459177
2019-08-14,-0.029292752911742603,-0.029764734200975917,-0.030114791703659827,-0.02714064289544693,-0.033645045853565536,-0.046378253479607334,-0.03832101943428967,-0.06544687260065951,-0.037092719715572486
2019-08-15,0.0024642680276520945,-0.004981798582977648,-0.0022388910035372467,0.004354780645055678,0.007464685662255555,0.016025711396916664,-0.008662683420970652,-0.018122136062087457,0.005681380807579739
2019-08-16,0.014426124657807904,0.023594921115234202,0.01832751224223106,0.008457889934432972,0.009261785673171152,0.006079172777104569,0.07252799035419644,0.01994065540164347,0.012343506661587789
2019-08-19,0.012105865492430645,0.01864403668893444,0.01674833886944982,0.018003593292078568,0.013137538159314621,0.013445993380804433,0.07031829423774649,0.03132666502806747,0.0161182896690224
2019-08-20,-0.007914727601131322,4.741872513447376e-05,-0.008308672835744768,-0.014086531394582935,-0.008116198419710674,-0.01267655741127971,-0.01703939033738966,-0.00427633574634001,-0.009591446671445625
2019-08-21,0.00824679859557964,0.010838622582259205,0.011146930381550346,0.006801672851933116,0.012301698764070057,-0.0014145072565850958,0.02001531646190413,-0.022270402776456533,0.005637958118610564
2019-08-22,-0.0005060748601761755,-0.0008464331604919328,-0.007277463832730313,-5.028594003830822e-05,-0.010353490725939274,-0.008226637063386777,0.0014600112479257188,0.00597746887764683,-0.006275935197046167
2019-08-23,-0.025946336754618105,-0.04622059045250515,-0.0318622408897814,-0.0318416913843087,-0.030498806969126657,-0.023566428122811733,-0.05271722726754369,-0.048390759958635954,-0.030812251671058277
2019-08-26,0.010982987735216332,0.01899933819056754,0.015443337356031872,0.015256815559120396,0.011002318967479496,0.014683549770462934,0.01852985343616753,0.017029312154725806,0.014811465729703155
2019-08-27,-0.003203180635808267,-0.011283820127316657,0.0021412762243953054,-0.0003072989771109036,-0.003979912470737479,0.005211935560564429,-0.022061048682752493,-0.004279025860254748,0.0002428036004022971
2019-08-28,0.006545480165679685,0.006710263586262366,-0.0013262486242467952,0.0025023859898403167,0.0013735967509673763,0.002537158692200947,-0.0025982211448422055,0.007053461155446694,0.0018617152832414163
2019-08-29,0.012687291793508804,0.016931916800505542,0.018884692528011948,0.017456877467285192,0.012554889043934425,0.020961850992158082,0.03585196153710313,0.028387214669075345,0.018582307816940702
2019-08-30,0.0006427872591217021,-0.001291776363208763,-0.0018824366239150736,-0.003106474238899981,-0.005659435682760394,0.0005388432071338212,0.0030534736735763346,0.01759049641281729,-0.0011798337565300798
2019-09-03,-0.00689910050906084,-0.014563777978031878,-0.013202024873217755,-0.017622439874181994,0.007628234940805445,-0.017665911413528468,-0.01993937967111936,-0.0026594540634046204,-0.011649050861904375
2019-09-04,0.010842079212828093,0.016966570037374895,0.011688320600156343,0.010875941515664067,0.006022901313268436,0.026043205508745393,0.027958981286718476,-0.01924359313509616,0.015319881085587461
2019-09-05,0.013009813642266721,0.019551458687882217,0.017583227205270946,0.02530723967911319,0.022270161635782326,0.020091943205102547,0.06506275694311592,0.04032988367532808,0.021278712704013714
2019-09-06,0.0009106051537297599,-9.368332033909965e-05,-0.006783204985344793,-0.004842396659024528,-0.003916990505865581,-0.01786279261100665,-0.006064158935938702,-0.009277824735237306,-0.00937248668756585
2019-09-09,-9.401025965849463e-05,0.004267303257376787,-0.011358985624347895,-0.0008705247576731301,-0.0011780869502403535,0.006773713298680706,0.010355430269329613,0.019081180789296548,0.0002929798750821444
2019-09-10,0.0003223043548219451,0.011812869446027774,-0.01047125443563568,0.0003567990876958138,-0.005897299060526495,-0.013721105425049451,0.014847541533137054,0.016178436782244843,-0.00653164921988969
2019-09-11,0.007229681189480308,0.031795208790774465,0.0002939198799245535,0.011860453262483306,0.0013402724765312346,0.01246173125635619,0.00627776126463675,0.04907867630625118,0.010482541519691413
2019-09-12,0.002879153101061016,-0.002236355832213488,0.010285119017354516,0.012270506901502998,0.011278173776551048,-0.005411496240672498,-0.0003253364496849098,-0.004977786258313466,0.003464524522742929
2019-09-13,-0.0007244143620946941,-0.01945395684107809,-0.0014543278894935119,0.004097194584614439,-0.0022835833039022146,-0.0014935190755561711,-0.012644495665312117,-0.0027249944407460314,-0.0028884616999071966
2019-09-16,-0.0031355866640028207,0.0052571639007112925,-0.007209208639704534,-0.006774072265815612,-0.01712575737502442,-0.0051818651778413605,-0.00950853429836307,-0.009747197346762881,-0.0070323449812709216
2019-09-17,0.0025817523700197853,0.003637909487467672,0.007775004663397089,-0.0014208512857706301,0.008136828085409498,0.00998817660415341,0.004772246965748517,0.008154522822672039,0.00713312248709852
2019-09-18,0.00034269198975556137,0.00937935805462442,0.008224739329874664,0.002252174316055955,-0.0027928049815375555,0.00031884436305440467,-0.006019933246673825,-0.005310523689140867,0.0025733929707316694
2019-09-19,1.997472142156731e-05,-0.00812520545608797,0.018408992592969575,0.004948734940018129,0.002222836785043869,0.010630388423028991,-0.016890491636616045,0.012772552981913154,0.008457020140488547
2019-09-20,-0.0048955765157830955,-0.014617904816256688,-0.011554510151840613,-0.0071927228013870526,-0.015009572450642827,-0.0011044302688502095,-0.024019192123090116,-0.024249895148037104,-0.008820022429718244
2019-09-23,-9.693591923765066e-05,0.004547133990236318,-0.0021516847110687465,0.0039436351565000916,-0.004938252915601793,-0.01637435910535201,0.012449701777125233,0.002535231296753704,-0.005960531563272586
2019-09-24,-0.008416371322106486,-0.004755151668065949,-0.012649333940865981,-0.013250291989858942,-0.024472096150627953,-0.029654217256289916,-0.013211887365173203,-0.0747005313345035,-0.021582331934005716
2019-09-25,0.006158571742003405,0.015389559026370847,0.01441282781509412,0.02266217413639038,0.015342109540061655,0.00838478617457139,0.033037350744701266,0.02459568391983602,0.013990804188887429
2019-09-26,-0.002428916406865711,-0.005157663922403133,0.0012915673804800853,-0.0029296028429016685,-0.01611124135996367,-0.014715560639579128,-0.004993499157262327,0.060603458159791845,-0.006483115938373141
2019-09-27,-0.005316352490240539,-0.004866007740438438,-0.012971219731350292,-0.013153029912610581,-0.008270849128875435,-0.016711946978391623,-0.03146475186931119,-0.0017728055869207227,-0.012490739647233573
2019-09-30,0.005047606675254723,0.023535458271963794,0.009439186818023027,-0.0039235015575199705,0.006062217161457495,0.005533702853689038,0.01344891301654405,-0.005203793381044264,0.007029347949523146
2019-10-01,-0.012258373372913245,0.0027681863264041873,-0.014098100804216585,-0.012398331916842475,-0.00014978297291068365,-0.012747058037974712,-0.0004021145210261201,0.015859214917846032,-0.00843938905845476
2019-10-02,-0.017903202985502964,-0.0250678803639256,-0.0176549545084288,-0.02328351382778715,-0.01291737598591125,-0.00688254216205475,-0.005517167974973591,-0.006375418940066435,-0.014247478070544717
2019-10-03,0.00797191259701524,0.008494502436819262,0.01210541918085939,0.009771495401858399,0.0065315416415505645,0.027376795101296203,0.047792107473493495,-0.041541666813759925,0.014284512790670334
2019-10-04,0.014216897585460186,0.02803186833736393,0.01350153393506548,0.018100976871350705,0.008831925999802426,0.0059650011725618235,0.003640529800764236,-0.006866001099940178,0.011479182964251544
2019-10-07,-0.004478294673592398,0.00022039219472125282,-0.007240167752907367,-0.002237881251652918,-0.00401799145160453,-0.004267234462816849,0.012968667245636611,0.027178790132110553,-0.003209512740207421
2019-10-08,-0.015560819201407838,-0.011714948112042656,-0.010574460342985925,-0.014996794948008985,-0.01566961490022023,-0.010741275218507762,-0.038517318653531474,0.009801398882838708,-0.011713561184200194
2019-10-09,0.0091044925499415,0.01172018294650834,0.0189430496061731,0.010309751478464912,0.009662859223618092,0.011814573769288295,0.019635385189041843,0.018662857531057897,0.013309504169951802
2019-10-10,0.006415695380997066,0.013478359781437632,0.0062211778754128755,0.005879833834893988,-0.0010046756673366408,0.0010006457844531358,0.012837785293990045,0.0008587865860343324,0.0038916688420596035
2019-10-11,0.010938977513132997,0.026598357034623543,0.0041693660765436125,0.005159368464844993,0.006778047269550891,0.023107314698242565,0.01617255275926488,0.012870745566869735,0.013755768968985782
2019-10-14,-0.0013871187334510982,-0.00143942318343393,-0.0009305912157996366,0.0016944274095986867,0.002604069615361304,-0.004940603646692798,0.0029034399790295318,0.036588871936986234,-0.00030265855038769107
2019-10-15,0.009955676641137279,-0.002331971615913253,0.014474968392016896,0.020094157159060266,0.017823932579885904,0.03060896088104359,0.05275289847758624,0.0036192563678525413,0.019301313621591154
2019-10-16,-0.0019995427986508885,-0.004036882027016797,-0.008193815670696658,0.0006117833568335396,0.005686324313618707,0.003494036412658108,-0.010999667762506937,0.007212409177860479,-0.0001121873334959389
2019-10-17,0.0027628315736780706,0.003882535276184207,-0.005127406244293531,0.00788417028982158,0.005654258700535264,0.004431714699790756,0.0004119444339969469,0.008546610329575488,0.002743050870377406
2019-10-18,-0.003919344949506964,0.004802890091595957,-0.016321965982404096,-0.006696990432003558,-0.016766587598934568,-0.02384583054591294,-0.01955826717109821,-0.019162530722660276,-0.015840686369694934
2019-10-21,0.006871616056117524,0.017342649931312737,0.007422937476522229,-0.00010451259197707952,0.01601690499181374,0.021038408074651294,0.028977635104282085,-0.01342671065408474,0.013153795063828078
2019-10-22,-0.003568666378412577,-0.002286653259669369,-0.014881358978863668,-0.002475287257539982,-0.011161118465189634,-0.03910204567733311,-0.002040709733492907,0.00820521085401027,-0.019036967462453203
2019-10-23,0.0028471487971184484,0.013418890504153236,0.006380136303609341,0.01323711710536335,-0.0020161792094772757,0.020895005632074692,-0.0026583279672802718,-0.0035214826899614415,0.011019281136650294
2019-10-24,0.0019204463587332299,0.0016447255805169814,0.01967312320271719,0.0011768914160532606,0.010560886524610735,0.0012356512860438595,0.009072409958149175,0.1766923235319593,0.0126966945299134
2019-10-25,0.004072700506109195,0.01231648880884717,0.005645287806969712,0.004121995848657578,-0.010922221117825037,0.008101723905295621,0.039012772117328565,0.09493463935290936,0.007856717100165111
2019-10-28,0.005581337868471481,0.010017050079076606,0.024586122566803592,0.019520447356598192,0.008942089145920873,0.00803653176980279,0.011000561542941156,-0.0012799748887760698,0.013307600083583893
2019-10-29,-0.0008324053147991117,-0.0231280652174356,-0.009432094124034673,-0.02197061025837488,-0.008086279290598686,-0.00047509550343705076,-0.018714963274307772,-0.03506152059118439,-0.010184940670897258
2019-10-30,0.00325337015914573,-0.00012312593077723477,0.012462610141193542,3.156508143953296e-05,0.009803069503577566,-0.005599238188293443,0.00039435697280088,-0.0038263988223681267,0.002529979361558521
2019-10-31,-0.0030228605633046968,0.022609395606698612,-0.008574839465230633,-0.001507032727995572,-0.0018707552680410355,0.018061072796260014,-0.009753795936777832,-0.0002857299073112385,0.005729448177431706
2019-11-01,0.009662312168146059,0.02838070963152961,0.0024410571807316206,0.010684885109992548,0.008318962677863917,0.010279082283046748,0.007810331023255124,-0.005112447684490151,0.009451574330059609
2019-11-04,0.003704089049704651,0.006567190454598082,0.005775105942643188,0.013645033022850583,0.007379573116068405,0.0056812383462971905,0.039044268308793706,0.013277626893232641,0.007525744778107191
2019-11-05,-0.001185699214361291,-0.0014368669059228178,-0.0006225414567403442,0.0014190411470704767,-0.0016346467664720699,-0.0020543274401613187,-0.004227987066669381,-0.0007874639488315571,-0.001164225992889012
2019-11-06,0.0007024972279667807,0.0004278196627569564,-0.002768921100121391,-0.0003329920135451969,-0.003296920048778351,-0.014254722788973773,-0.009445937999707499,0.029506271080336877,-0.004976934794673427
2019-11-07,0.0027300951851503275,0.011541259545154059,0.0013880812045381496,0.012339327520038523,-0.004215398090435696,-0.005899247281310416,0.00341920717237576,0.027435877533706687,0.0014187881167273542
2019-11-08,0.0025606760900243053,0.0027369240118735316,0.01178445524773264,0.001576090170179345,-0.0012974492684962868,0.0022056929404845604,-0.0026877638831451778,0.004768428440276917,0.003995731482584697
2019-11-11,-0.0019624672514313435,0.007918515323047437,0.0010273989218982926,-0.008189532740994654,-0.007968083918385438,-0.006445238241961415,0.0019252030251846186,0.02358073903734903,-0.002247354332650775
2019-11-12,0.0015646460846321375,-0.0009149710096374442,0.006570499244920258,-0.0008241297230361377,0.003584284648149527,0.02563159982076324,0.006868972968453013,0.014025304743831235,0.011033196289798708
2019-11-13,0.0007115345908383919,0.009581411214875324,0.0016319571173499803,-0.0007940153226954072,-0.013998865975055064,-0.006581982678992904,-0.004961644141080912,-0.010916495379750035,-0.0034878950569479095
2019-11-14,0.0008370427393644686,-0.006919356335164051,0.005091338267627199,0.01000621350808606,0.0008499299602007238,-0.00020717889575794235,0.005849421786366049,0.009361251460125342,0.002074868614794001
2019-11-15,0.007695488006902673,0.011878966530574075,0.012900090825040289,0.018630481024542567,-0.00861165809356279,0.010095844268384946,-0.026693326851058186,0.008072121852793046,0.008676554200381714
2019-11-18,0.0005031528617669423,0.005042565722546355,0.002467354241772579,-0.010273257260136726,0.007496454800304697,0.011788805148108983,0.03961996754350294,-0.006190230846208622,0.005133777782933002
2019-11-19,-0.0005925944462060739,-0.0030324264229644182,0.0003325245756109485,-0.005493189825218847,0.00014836251405148104,0.009726508400555334,-0.020209276300584667,0.02722937893509192,0.003319687244471403
2019-11-20,-0.003756184245747196,-0.011641510168836189,-0.0017347389474204888,-0.00817462548865977,-0.004142042998724227,-0.009080999325096761,0.015337313323324775,-0.020304890883314552,-0.006981597779769033
2019-11-21,-0.0015827522106851566,-0.0044836964030710025,-0.000935614458657974,-0.0013211890158268957,-0.006198694786181735,0.00212651559028898,-0.004735291228581073,0.00741013246629163,-0.0008197464091023177
2019-11-22,0.0021749356911917594,-0.0008776790557295522,0.0007360363685022797,-0.004976464250038948,0.0063469584412145785,0.004496642275434004,0.003378180538505804,-0.06140963459164972,-0.0004671841929280163
2019-11-25,0.007507291353015866,0.01753348860569659,0.010963154262439767,0.009252717389690801,0.016107946060534006,0.004878751292950234,0.04893538085371896,0.009908688492819007,0.010495240887776314
2019-11-26,0.0021955703874654287,-0.007808458320344602,0.005290025987674252,0.005637188854358044,0.013022581087476892,-0.004104366215420208,-0.019031786927880767,-0.022061027047189374,0.0006210878939385545
2019-11-27,0.004174424362754614,0.013432375818421383,0.0019074036657222848,-0.000662537217987258,0.01200372676735717,0.015228393886203895,0.006456464694414077,0.0072054427979364455,0.009128085129821883
2019-11-29,-0.004011219709926239,-0.0022029567788379723,-0.006171095410505756,-0.006127790060106997,-0.009738720787676458,-0.0017821473796665321,-0.0068732700293859805,-0.0040749864522633406,-0.004725545304594347
2019-12-02,-0.008631020716408422,-0.011562306327641991,-0.012089072670598111,-0.011678569829664198,-0.01066191775556835,-0.009621117805756807,-0.03455743587336668,0.014942111414791182,-0.010131613143977924
2019-12-03,-0.00663809511563529,-0.01782991056316141,-0.0016046001397589382,0.004562266437456719,-0.006533461163659049,-0.004406507950273086,-0.0075986855446811274,0.003971701615311352,-0.004239004840037364
2019-12-04,0.00632356747139462,0.00882609596470485,0.0036164750889937647,0.01869092337385947,-0.005237417464897476,-0.0005532803579295642,0.008475351836561451,-0.009428951066637326,0.002621863008531067
2019-12-05,0.0015002511791302187,0.014670941860719378,0.0005337245172234439,0.006080776087864281,-0.011478432267733929,0.003270990128155571,-0.003246970955920747,-0.007987205077007897,0.0014416003474031491
2019-12-06,0.009135724328457329,0.019316324715518363,0.012139125723610089,0.009367246835516374,0.006389039145533015,0.008477108487920715,0.016431922943669353,0.016708539482365836,0.010727481062403843
2019-12-09,-0.00316282139344648,-0.01400014834377672,-0.0025699902973960187,0.0026877505176539085,-0.0011931926776630464,0.0014425041444312559,0.0,0.010836776557687555,-0.0011505461047857102
2019-12-10,-0.0010969340964486207,0.005844571778143681,-0.001519494312970937,-7.436109519021183e-05,-0.005887355634324631,-0.002334344681894973,0.008530951697729883,0.027420335973247223,-0.000277243758325052
2019-12-11,0.002908158040315856,0.008529005886812602,0.0037717200809705975,0.0010128734348686663,0.005467935101741261,0.0069199055914446195,0.015702479782793155,0.011065180701923305,0.005691345321765073
2019-12-12,0.008575225775086182,0.0025486127087301913,0.010151596154138964,0.003154069001602755,0.00663920342821922,-0.027242170753714712,0.030965283405645305,0.019790216517877823,-0.004077195001240819
2019-12-13,7.258178414493166e-05,0.013593263718192139,0.008418088191668671,-0.001201445289121028,0.00034646559584494696,-0.013418044157854303,-0.00035712667352361116,-0.0035864603168681564,-0.0010896009160749065
2019-12-16,0.007147785279833618,0.017117634883931254,0.0064711659890770434,0.010268429947855262,0.0046964185941400505,0.019628021305596155,0.005178946579754484,0.06448273954410277,0.014464315280304785
2019-12-17,0.00033529222633799094,0.001965637888305949,-0.005400474979421976,-0.004269906026161174,0.012123992912275838,0.0023747590741216573,0.013946303362559753,-0.006579228102730705,0.0008271541346294153
2019-12-18,-0.00043230017186479675,-0.0023893885842277696,-0.00206903288344773,-0.002199559226338521,-0.00370251419034362,0.020716641437136696,0.005343975689320546,0.03736239645598238,0.006858856309702288
2019-12-19,0.004459292004863613,0.0010009302830298328,0.008680460484826957,0.0033508773764123756,0.004624344595139496,0.017580271556774996,0.025924596559792068,0.02769941872802484,0.010585267237940288
2019-12-20,0.004944781081796634,-0.0020714517608864114,0.010917851772407339,-0.0038483699645461833,-0.0032249589345579865,0.0011648381598419189,0.016605849526986738,0.003836223506470837,0.0022420273770407118
2019-12-23,0.0008661436002121992,0.016318367606507067,0.0,-0.0004363993438318836,0.0036384504756830083,-0.0005818158653253525,-0.0022975220184195955,0.0336053629419828,0.003550656606767344
2019-12-24,-0.00019544819997963092,0.0009508443531258681,-0.00019055959608704764,-0.004590677657325681,-0.00211376350409187,-0.005141173972999402,-0.0008377146297799953,0.014383871042812801,-0.0018202698812816998
2019-12-26,0.005128166675301138,0.019840198548814802,0.008196541693162418,0.013418428632045565,0.04446651549531899,0.013016695632908748,0.002388962537059669,0.013380370052541224,0.017152546988598916
2019-12-27,3.398471712534601e-05,-0.000379564798418941,0.0018278865058485305,-0.00574689377589177,0.0005511476895359024,0.0014921361212352213,-0.00969959084919536,-0.0012995234173469594,0.00020073773975348708
2019-12-30,-0.005780822450430323,0.005935243261939727,-0.00861861143371434,-0.011021601781476154,-0.012252649580489328,-0.017731993171558047,-0.019208818572290842,-0.03643287242176041,-0.012194873536426898
2019-12-31,0.0029460216619106028,0.007306619768006506,0.0006979544042480246,-0.0002387674644580562,0.0005143848474418178,0.004109542227114238,0.012827245120422104,0.008753267375039453,0.0029254843644168638
2020-01-02,0.008378802677341701,0.022816459672909684,0.01851620353441219,0.021868041096624324,0.02715061035487687,0.02207048474625717,0.019591984217312675,0.0285181750157113,0.02229860188178545
2020-01-03,-0.007059870562045378,-0.009722103198357868,-0.012451815427032775,-0.0052312788311355,-0.012139034655920922,-0.00529116598934698,-0.016005967920987296,0.02963325829792085,-0.007070409373685305
2020-01-06,0.0035333728907271933,0.00796792248870326,0.0025847854633120892,0.02665414541800848,0.01488557393050649,0.01883367892646115,0.004193381998735424,0.01925463704513497,0.013813797667517225
2020-01-07,-0.0028032386528962228,-0.004702903567536665,-0.009117835588265066,-0.0019315365745512514,0.0020916204156393725,0.002163625740192021,0.012107059980111856,0.03880052465815398,6.612173906539454e-05
2020-01-08,0.004902451368978156,0.01608634488678362,0.015928257489795872,0.007117665424242414,-0.007808640261289357,0.010137884568962141,0.0018755190035133484,0.04920482578812169,0.011000545875140544
2020-01-09,0.006655262605488987,0.021240929771728867,0.012493242921662873,0.010498090977841823,0.0047991747864684076,0.014310927356852687,0.010982595800641759,-0.021945011900097344,0.010972229894558483
2020-01-10,-0.002855178689662563,0.002260611449645733,-0.004627232109060131,0.006458499463424028,-0.009410596802031268,-0.0010993151135326729,0.005349423146946641,-0.006627297633174267,-0.0021592685460869454
2020-01-13,0.006976215252569862,0.0213646034710806,0.012024215458765308,0.0077469571055204245,0.004322578245699482,0.017655712203892948,0.03135224923218982,0.09768895885093332,0.017793581341170928
2020-01-14,-0.001514532772802224,-0.013503689649079997,-0.007042831200459343,-0.0065552897254334,-0.011558211718052602,-0.012843097303927853,-0.018652562093856684,0.024882822120200876,-0.008742432860188276
2020-01-15,0.0018701968845122874,-0.004285384609628129,0.006476407760410474,0.006018389493620324,-0.003969126548924895,0.009540762790051005,-0.006914966351362795,-0.03610201351305786,0.0022511227920687382
2020-01-16,0.00836655302646827,0.01252635810377245,0.018323263292773007,0.007615293743129081,0.00854991102959346,0.0028035708595524067,0.013682519946523808,-0.009662477636014799,0.00837873218679519
2020-01-17,0.003862162248501333,0.011071017530147609,0.005596508495348429,0.020246074949762605,-0.00703966144232826,0.0016682738115141316,0.0014058257227087534,-0.005822894156913949,0.004086586937373626
2020-01-21,-0.0026519776473655776,-0.0067767042804112165,-0.0035904724567574764,0.0018451125235143806,0.014629525206926841,-0.0031511574874477644,-0.005375246675121348,0.07189030619278935,0.003202762378770263
2020-01-22,0.0002890760711180551,0.0035692888930529687,-0.004804868337224044,0.001092921889979559,-0.0023995494624704516,-0.000541828802204769,0.00875204980083999,0.04086264444061727,0.001187449723505818
2020-01-23,0.0011409766124783616,0.004815943702815462,0.006155847789185209,0.0005526980163856887,-0.0015259112256781338,-0.007048633559847861,0.010995006580045485,0.004635122144013071,-0.00010474022215278822
2020-01-24,-0.009042160974207403,-0.002881937438531601,-0.010076965595671616,-0.012473954600935588,-0.012172426638861644,-0.008281781059735427,-0.009412281682030899,-0.012897603180825445,-0.009373674888901395
2020-01-27,-0.015730711659182384,-0.029405225865003937,-0.016723218071879375,-0.02348988365559479,-0.01788746376771211,-0.014086389222427997,-0.041041040122318795,-0.012039272835579595,-0.018206319265828386
2020-01-28,0.010053584595046017,0.028289136674706228,0.019595710345735595,0.013110179485085638,0.01362436592451366,0.013589423357302843,0.032347899130442004,0.015913383222044608,0.016969271629175386
2020-01-29,-0.0008668741908683941,0.020932553062202652,0.015593038212507349,0.0042742823949835085,0.0025630978623367717,0.024978300228125194,-0.0097994580364541,0.024854513769903885,0.016520613074000323
2020-01-30,0.003134358792605374,-0.0014491223421342347,0.028207422850267116,-0.0016818482316018901,0.006824489189870775,-0.061371601556702404,0.0010993354521093845,0.10296225866535558,-0.007034484686247899
2020-01-31,-0.01770582037552626,-0.044338917745574524,-0.014758536802064515,-0.014763731486304166,0.07379135586484753,-0.03636713347560472,-0.038159293905879244,0.015230690473505337,-0.010837768238837309
2020-02-03,0.007254613892351713,-0.0027462538476006326,0.02437859855378921,0.03477168685118426,-0.0022501685803328897,0.011292191646453231,0.016495176158437097,0.19894859376394902,0.02580413106699253
2020-02-04,0.014980414164082134,0.03301383556925774,0.03291669805712161,-0.025084322886290478,0.022687342140775613,0.027621378265113128,0.028294577938069887,0.13725640223576474,0.03148785050993008
2020-02-05,0.01125059589785371,0.00815441118280713,-0.0012213040524335916,0.0004427199566146012,-0.004781236737139594,0.001334292712914964,0.014688489281524664,-0.1717583947927872,-0.01411454897977138
2020-02-06,0.003325672876785646,0.011696712364772655,0.0207335233302961,0.020690894247060054,0.0050787328892443195,0.0035220010343868235,0.013917771665240108,0.01940931694254422,0.01199079701480077
2020-02-07,-0.005400853672730133,-0.01359264270271876,0.0014162547752629706,0.0021274826138826253,0.014169136390608683,0.007019134528581716,-0.01046220761177985,-0.001188323805631053,0.0030724341769174934
2020-02-10,0.007326397804890528,0.004749847165459009,0.026156724190449232,0.019978296676557816,0.026273579599096486,0.003438177874186543,0.04523236124850216,0.031026496329857656,0.016785973767107443
2020-02-11,0.0016884725532351208,-0.006033270398880797,-0.02257538822460936,0.0009278542644532983,0.007915025985726132,-0.027550972614042157,0.018709222124286162,0.004019260937028868,-0.012859775320191558
2020-02-12,0.006462646466197652,0.02374776776174703,0.001463781729801994,0.005675308268032975,0.004277469597884664,0.017230484001360402,0.017357997315115226,-0.009155657933695438,0.008819647522197771
2020-02-13,-0.0016304457368023773,-0.007121212165035362,-0.00541392064179913,-0.0034505152149550966,-0.00468981707537619,0.0112925369574699,-0.006457736092853494,0.047843652551780025,0.00352501860046206
2020-02-14,0.0018435333204338544,0.0002462521318871147,0.008927083955452497,0.00352845090183318,-0.006977166077050345,0.004879361164494611,0.07020456018979049,-0.004937755668348531,0.0032997324749430845
2020-02-18,-0.002919942636890105,-0.018310590389755355,0.010142857291215668,0.00046757850882928054,0.009742990607446878,0.016901832687131746,0.023396307092570234,0.0729597130158357,0.012783621096942754
2020-02-19,0.004705785881164548,0.014482648273766996,0.0029993414282738495,0.0035735545436501592,0.006749650094826309,-0.001423346262249825,0.06113222904261972,0.06875580895325561,0.009348013846611769
2020-02-20,-0.00381551976362815,-0.01025884119924425,-0.015271065643322479,-0.005167691795230023,-0.007888626914309249,-0.013379974270963602,-0.01906588005369736,-0.019631105097986157,-0.012419869519084248
2020-02-21,-0.01051810302712286,-0.02263491333742651,-0.031612906359706816,-0.022102982231992363,-0.026533823330561868,-0.02050534058681419,-0.047392121395402165,0.0017678087791648256,-0.022958146276852776
2020-02-24,-0.03351362667122315,-0.04750065852494045,-0.04311542951241165,-0.04287265747858604,-0.04135555023463999,-0.04500882398487649,-0.0706975863042344,-0.07459490327646512,-0.04685109675469379
2020-02-25,-0.030279995565056117,-0.03387181887352009,-0.01650168445763589,-0.023622037871742108,-0.018190498951138112,-0.01967929577580063,-0.04109347619482584,-0.040633739641448896,-0.022590186553116842
2020-02-26,-0.0037785406053220116,0.015863523848997252,0.01249468775416096,0.002993521222570461,0.003472315416060967,0.0021852286129731002,0.021370125717286914,-0.026390470576789893,0.004313687243404418
2020-02-27,-0.04416324258407911,-0.06536813088436977,-0.07045901734582771,-0.05431249643652869,-0.048136265467272676,-0.03777884957119826,-0.0556656093769482,-0.1281458395846271,-0.05948871401441391
2020-02-28,-0.008238340444361891,-0.000585196489466977,0.024212946014113834,0.01847971643115187,-0.0002918467224900523,0.014334753266861178,0.06916071646079991,-0.016215047800994142,0.011672295910058583
2020-03-02,0.046039229006110016,0.09310072404211733,0.06653912032719433,0.03514654709968856,0.03726611425327642,0.020626524407145963,0.023549495434290968,0.11322034293215233,0.050379503479965226
2020-03-03,-0.028107896121075893,-0.031758971753803045,-0.04791944407412341,-0.03505670357135693,-0.023009811402324054,-0.053705998289646284,-0.03812908227435374,0.0025416095259802596,-0.03887617984535119
2020-03-04,0.04220259077449118,0.0463844664106694,0.036715075622036464,0.03280194596633379,0.03501322901563819,0.0315778736843757,0.07002915021947276,0.0053520173720666975,0.03348720537668326
2020-03-05,-0.033922077046888544,-0.03243714849856727,-0.025095266452955123,-0.04837868109539223,-0.026216794314283476,-0.034365864076472796,-0.03943661782266972,-0.033302230445070524,-0.032045721324988286
2020-03-06,-0.01705385200037013,-0.01328049580575108,-0.028267163831884656,-0.014466560481642188,-0.011922924014239333,-0.02203383829912553,-0.02652819266756723,-0.029066704869448956,-0.02087847791553843
2020-03-09,-0.07596969747745097,-0.07909177380459287,-0.06777248880872655,-0.061702104701743976,-0.05285383245165354,-0.06400137344004342,-0.07743200157234031,-0.13572525720249962,-0.0702926564910743
2020-03-10,0.04939630628156144,0.07202181758880144,0.0683836771740709,0.0488406526114169,0.05065506668458686,0.051268576163436164,0.06372208042622063,0.061398023823663106,0.058381720636971446
2020-03-11,-0.048868445131273974,-0.03473057294920545,-0.04530181210230688,-0.050401215801442745,-0.03750889642974897,-0.04461529593683988,-0.055959644908518125,-0.017200452670558586,-0.041339936980377634
2020-03-12,-0.09511268097833658,-0.09875481308910561,-0.09483833905455918,-0.0820463889958567,-0.07922082514747941,-0.09263387663534406,-0.1223678975200484,-0.11617242301113506,-0.09272110475742013
2020-03-13,0.09287124972971839,0.11980827808522587,0.14216883159162674,0.09241156058498179,0.06464833687376514,0.10234987012641072,0.11340211295574387,-0.0248505535904755,0.09842323884540738
2020-03-16,-0.11984055240393443,-0.12864693083797185,-0.14739013042096238,-0.11634146619209873,-0.053697516604298,-0.14252999500410102,-0.18452121071434813,-0.18577806455584012,-0.12894866160386986
2020-03-17,0.05995484974402432,0.04397013648037684,0.08233663529611057,0.04199434552170045,0.07026613247879654,0.023354615209663088,0.10626321661186022,-0.03341046380880208,0.04810450321542992
2020-03-18,-0.051830762729157875,-0.024480052756669424,-0.042096053874217554,-0.024032629910128,0.012257741060410998,-0.016463681282052778,-0.06650717256417094,-0.1603440409986845,-0.0283532135340947
2020-03-19,0.0047078080405855705,-0.007662052741594816,0.01645292029023726,0.018768448848908603,0.027830613766863133,0.04198435442111759,0.05004435374511851,0.1838768421567878,0.03133942221865604
2020-03-20,-0.04335951230846191,-0.06348552979741562,-0.037558789119838676,-0.039094474887936825,-0.018522798541689034,-0.02220353593858937,-0.033901581129827996,-0.0002571736151377735,-0.03079184702863702
2020-03-23,-0.02929386782180443,-0.021243955824989835,-0.009974474773864817,-0.013180841251278053,0.030735291504301987,-0.010886244187821803,0.033730106478756516,0.015811747064244486,-0.0026121135133942985
2020-03-24,0.09382773976227554,0.1003253972985163,0.09089575459906185,0.07198363218323789,0.019586561347294085,0.08696817283604052,0.1715643383034704,0.16281749323562988,0.0805014825822925
2020-03-25,0.011535011448221999,-0.005508807447486053,-0.009572606473638667,-0.025123772817506218,-0.027967604900146936,-0.02963078468090463,-0.01428663303319122,0.06782176450892674,-0.015071134299397104
2020-03-26,0.062414163303876835,0.05262288928363845,0.06255106564973789,0.05564534557877554,0.03693312450375408,0.04564341045043685,0.047308927700890235,-0.020565621439638027,0.04589933632746268
2020-03-27,-0.033687352562252526,-0.04140216330558655,-0.04106072699336938,-0.04528255147651161,-0.028325389436650084,-0.04010043366605065,-0.017532242166681367,-0.026128393930185068,-0.03788593151321562
2020-03-30,0.03351600948370015,0.02853789244878513,0.07034069099939733,0.03246987867610773,0.03360354691971379,0.05842223071078756,0.050884266728727034,-0.02377714859552571,0.046144750240905585
2020-03-31,-0.016012721914555605,-0.002040734466326355,-0.01572747836499555,0.013643818159447374,-0.007245622950859176,0.005122090127322787,-0.007492877408670773,0.04355446239344318,-0.00036740041909988363
2020-04-01,-0.04414243033166543,-0.05261716908572134,-0.03550831950468414,-0.05150827514882228,-0.02155179126735396,-0.043165453057864345,-0.07788306717544924,-0.08099239055277141,-0.04203920989146548
2020-04-02,0.02282934723487151,0.01668678184587291,0.020708841973217762,0.013546861895754825,0.005834205106051371,-0.008834721230737141,0.05101393471005289,-0.05625466454987249,0.004318487372397595
2020-04-03,-0.015137125124949469,-0.014371247844699231,-0.00921055315865904,-0.021780988533954604,-0.0063788821910731874,-0.025349343240530953,-0.04524969724140626,0.05619734693587186,-0.01195422628416809
2020-04-06,0.07033131865275055,0.08723732327327394,0.07436795278639874,0.08281334847005084,0.04772922477644714,0.07374529869762592,0.10040578157500146,0.0754775752334993,0.07211243641615717
2020-04-07,-0.0016030527844311804,-0.011582385817157093,-0.010770422064880214,-0.000532655329669729,0.007013456003121421,0.019812553301433722,-0.03491058083933829,0.05658223700690801,0.005483364874156127
2020-04-08,0.03405645287963033,0.02559461328591084,0.010031235576796638,0.020667049676117877,0.015609461784076739,0.03228091898160623,0.03057562159257099,0.006214994497730331,0.02003677972357787
2020-04-09,0.014487410153376512,0.007215903014621272,6.044990422471308e-05,-0.00035616039743324723,-0.00011748445832981957,0.005221627584330868,-0.014983999915655022,0.04402015748241661,0.004756876078631622
2020-04-13,-0.010104660822607414,0.01962817505421821,0.002240676626025895,0.0031825190530296865,0.0617350661426328,-0.0022831664476802294,0.02624047597533119,0.13603839302984921,0.021702822240046826
2020-04-14,0.030572589146256046,0.05050291299908172,0.04948352810729806,0.04529051410943041,0.052769449861283624,0.019337446048934837,0.05225141144909018,0.09054457315006381,0.04418656308717028
2020-04-15,-0.022030438529415775,-0.00912743160525542,-0.010477858189190448,-0.006267688190936926,0.010668695718768717,-0.006735195701717767,-0.010952524317047518,0.028088878270565276,-0.0023093434929121193
2020-04-16,0.005816689462164515,0.007945820733198605,0.03002088313763429,0.00010331892021153699,0.043554542393708484,-0.0040685891006091435,0.049351686490487046,0.021073401625000487,0.017373413445193053
2020-04-17,0.026793594848223412,-0.013568871140122951,0.008811510497541697,0.017154117453717532,-0.013782136130354505,0.016964536773163008,-0.008075889255750646,0.011647723586206471,0.0052811158836800765
2020-04-20,-0.01788104803401469,-0.020756816184605342,-0.019820803782802376,-0.01395616157986923,0.007835757606907912,-0.005578987040352201,-0.018028128202817295,-0.009988248360573104,-0.009714232230841335
2020-04-21,-0.030674795694063395,-0.030910320747319142,-0.04135711388322816,-0.038845478721735605,-0.02736033095931456,-0.04174143617931658,-0.06110438258768114,-0.07990777996173748,-0.040734825055382284
2020-04-22,0.022930247703843776,0.028803735694401977,0.03396485439180941,0.03815505405409181,0.015192527091639096,0.06721314319404281,0.06174150337794759,0.06609682849410836,0.04203362200164018
2020-04-23,-0.0005394221197431159,-0.003875290106904683,-0.012102250994346586,0.010139702403662687,0.015214823484082762,0.015635182225862243,-0.007478347398168328,-0.03616946277907396,0.001820879968808864
2020-04-24,0.013918057304545428,0.028869551373700286,0.018259487696624443,0.0042716202732389075,0.004488511186874211,0.026684014544950285,0.01964711624414006,0.02766324531628772,0.01852500220547859
2020-04-27,0.014714069804799612,0.0007066765944008235,-0.002864785147071003,-0.004496319811578164,-0.01419786171076054,-0.013521368311165016,0.025864217124496935,0.10149622245552825,0.00017232198293437584
2020-04-28,-0.005242380698498916,-0.01620933156991322,-0.02436075423211237,-0.03011349297284127,-0.0260606110425593,-0.024480066343986473,-0.019254179909892866,-0.037095477323576875,-0.025369643053754665
2020-04-29,0.026583916282167053,0.032845003953688945,0.044873390920810774,0.08891042258408755,0.02533616474965794,0.061669782395861406,0.024368518512069004,0.040812876924676944,0.0484628127465756
2020-04-30,-0.009212446303987654,0.021095933394488675,0.01003255377792689,0.0033676138774676456,0.042689574239964,0.05417378017975616,-0.02070648367107053,-0.023272674923369818,0.025835851055209913
2020-05-01,-0.028059034078492195,-0.016098950938125745,-0.02589172373365911,-0.021816307480492902,-0.07597409237648922,-0.011919442776362477,-0.03250289734199174,-0.1030337133662409,-0.03517122143398188
2020-05-04,0.004249827591976452,0.014148918860608983,0.024460376936617845,0.004235920192692921,0.013101236487597756,0.014782295250147959,0.030093971807916065,0.08536758793631605,0.02088277807526917
2020-05-05,0.009040556385797371,0.01500853152435111,0.01073558815271225,0.01974456152934634,0.0007815221854263754,0.008818056023037535,0.008410997495071904,0.009222447764407393,0.009651280836275644
2020-05-06,-0.006979410390386298,0.010317558423087014,0.009847465308466363,-0.0026612746442949975,0.014436139090531874,0.006761054564065949,0.013787533873572233,0.018705825945557253,0.009232904361167638
2020-05-07,0.011504630788313985,0.010344932518221439,0.005806975275989723,0.017726708607913366,0.006953694859791026,0.013383208938900992,0.02377509426654556,-0.003245695176505081,0.009377032378395045
2020-05-08,0.016871538638701944,0.023801568810810636,0.005882099241147243,0.01099835114496961,0.005068389389295991,0.005159550582701344,0.025027115943194955,0.05048456274844226,0.011390805054399822
2020-05-11,0.00013307822091168653,0.01573504358300304,0.01115446431935685,0.013905584352957412,0.012350743942999287,0.003908597482927156,0.0323841060941612,-0.0099216488475673,0.008573033150002018
2020-05-12,-0.020500317528877154,-0.011428010435386327,-0.022651771365522544,-0.02024079974096815,-0.021606420523622827,-0.014447873714518833,-0.0326079486681895,-0.002317270311292141,-0.017211961729433733
2020-05-13,-0.01746272460422804,-0.012074140669017464,-0.015122549588901135,-0.01952484552234046,0.004654320575239401,-0.023798094682175752,-0.0028837646772444936,-0.02279437261341355,-0.014938725134246877
2020-05-14,0.01152482269503552,0.006143525987349019,0.004339421427682177,0.0063265399839356196,0.008838926123896362,0.008337325624219627,0.03219779910133602,0.01563919280204029,0.007827911790755149
2020-05-15,0.0039263632504382695,-0.005911989534697071,0.014568268171612164,0.011939092837744525,0.008761547889003296,0.01967980452633422,0.057312862909681295,-0.005178425650618879,0.011611808135070678
2020-05-18,0.03150119163168075,0.023560905572241886,0.009554670834698742,0.008827162420929957,0.006838841203809398,0.010954198792840986,0.0305628374594491,0.018093785504579962,0.011802307242936294
2020-05-19,-0.010484399194493177,-0.005778190290818386,-0.006922519652505343,-0.007782505561943154,0.009508426590011165,0.01730841896564006,0.00631400585068187,-0.006907343337870575,0.0032097190382145424
2020-05-20,0.01665110025908012,0.019447789749431843,0.01387072539338563,0.02529106868439568,0.019846275173532213,0.06035602089200309,0.018681727027481276,0.00934395713390801,0.030194393071315107
2020-05-21,-0.007773596407737116,-0.007455412151247565,-0.01201121367389768,-0.0017102400267253737,-0.02049693045417056,0.006174722392516596,-0.021711363812942253,0.01476284478490908,-0.004543246561493075
2020-05-22,0.002353711326488428,0.006438566621862929,0.0004361438069189205,0.004613414013743267,-0.004029821100215103,0.015212390780351637,0.028602790918496712,-0.012953077701596039,0.004651228836059174
2020-05-26,0.012289184036080147,-0.00677335636895382,-0.010571550472046942,0.005752760245378408,-0.0061636144559754635,-0.011536372398270767,-0.03417802391783964,0.0024360442933191173,-0.0075421025083362014
2020-05-27,0.014827297215913804,0.004356977332076406,0.001321834849101755,-0.0007669206530597217,-0.004736042347035618,-0.013178132402446918,-0.022081209717739636,0.0016608447192643094,-0.004354350534146345
2020-05-28,-0.0021079145460738413,0.0004400975770502136,-0.0022552523038836814,-0.0014362537845400425,-0.003854151605534595,-0.016060127117658918,-0.0044868090710417086,-0.017580381620416863,-0.0076137881718179035
2020-05-29,0.004812335824971425,-0.0009742143117271729,0.010198792603942852,0.010774126194045275,0.017187950901155657,-0.0016411061545771322,0.04577585807244966,0.03622440280883765,0.00891087286062131
2020-06-01,0.003751234813537785,0.01229775730015148,-0.002292025199132186,0.0009415493454383306,0.011738616181262485,0.03029898745095605,-0.007802137045201607,0.07556883131087,0.017662820668624457
2020-06-02,0.008210832780053412,0.004629398833070786,0.011376688655647449,0.0051850537591693335,0.0005543957444538172,0.0034927397169768337,0.0021571980341277275,-0.018416628784101885,0.0033608506131215243
2020-06-03,0.013648979133831007,0.005505354833750475,0.0024333811652708093,-0.002121527657568678,0.002422733405640143,-0.011000328339455412,-0.006316756146723446,0.0015880436011630472,-0.001997503361641062
2020-06-04,-0.0033687022311144066,-0.008612267679432128,-0.01316340612342115,-0.017335387635267208,-0.0071820481181339435,-0.01681449748118069,0.00011407573384270009,-0.021042854169221026,-0.013673029316359275
2020-06-05,0.026211650818398713,0.028481014202635713,0.02339817972878122,0.018185567023748517,0.009103493113018724,0.019797714636884844,0.01750977392004427,0.024618805538279664,0.019984223336087847
2020-06-08,0.012041579421169235,0.005912590911743898,0.006196681690035621,0.005569384177614323,0.016536458949464095,0.0027299433753300573,-0.01289234421120522,0.0725560681818036,0.011738013992111496
2020-06-09,-0.007799170822611612,0.03157801086222056,0.007644856941484646,0.002790065008854148,0.030427139202305886,0.03141742217333143,0.027370659043860712,-0.009737634144336038,0.019469224359146997
2020-06-10,-0.0053130910724373814,0.025727521217968397,0.03709160666754463,0.00869109695036574,0.017913292558120908,-0.00812832303741462,0.0354574632086706,0.08970205725269786,0.020427952248105452
2020-06-11,-0.05894405927443824,-0.04801032801929073,-0.0536986343112581,-0.042875782768770576,-0.03380230045218746,-0.05195806134163705,-0.06090677762741514,-0.0509341048991272,-0.04809342669018479
2020-06-12,0.013060843963234703,0.008633058486737344,0.007892243310682723,0.007860763462650633,-0.005058743377937103,0.01849142632920242,0.0154897655371673,-0.03860863311078977,0.004995913678226049
2020-06-15,0.008312217041285264,0.01236767737585498,0.006391794765123304,0.0055345174709136025,0.01086830941079775,0.017149350005601693,0.02700804318493155,0.059468762792361796,0.015549018398570924
2020-06-16,0.01896239819380252,0.026501741341470986,0.024504840253277926,0.01811038216831906,0.0165547312399128,0.013548349904842105,-0.011473177187448558,-0.008850490655781473,0.016222845520491136
2020-06-17,-0.0036002995561740248,-0.0013914560204018045,0.0034614737363296566,0.004196543855258694,0.009830663019560593,-0.0005091558137971797,0.018470788157094242,0.009835722116904755,0.0035821776919930937
2020-06-18,0.0005942198825281686,0.0003982789980621071,0.010708237585967284,-0.012681294511485475,0.004922484646629588,0.0017408115091459564,-0.0019487609516791737,0.012270733625858066,0.003771999553304095
2020-06-19,-0.005649494809462974,-0.005714651672794502,-0.0059595214733647595,-0.006610158051995496,0.007923935918584757,0.01207919636263477,0.004691763939437488,-0.0030478518902198326,0.0020896674516022173
2020-06-22,0.006495095537691675,0.02616374886831263,0.027773390803244702,0.01826397840770988,0.014508287231048467,0.0018007571049474258,0.028667870343822788,-0.0065740925163715325,0.01379672567245227
2020-06-23,0.004307419569164139,0.021344818227149176,0.0066809348743464,0.009182027855977992,0.018641697717608263,0.012624421861203494,-0.008056735229369005,0.0075025599927995845,0.012188631215799717
2020-06-24,-0.025855145939064572,-0.0176522583134886,-0.020157636837971893,-0.02136626514293416,-0.010855867894827953,-0.033933269713800174,-0.022697917603287543,-0.040857298187609414,-0.02423521015276575
2020-06-25,0.010959447267809841,0.013275715352823347,0.012636707911734879,0.005862931457149445,0.007380066387785211,0.007093265475142108,0.0275567214908361,0.02615401198303724,0.010826013551451519
2020-06-26,-0.024226905044785974,-0.030725776931371684,-0.020015966844511346,-0.05451400364617209,-0.02240276315369638,-0.08316352232108515,-0.03530029434136983,-0.026613159231048233,-0.043944567974246396
2020-06-29,0.014685678433118632,0.023046546456513273,0.01074724593088261,0.025415930201417858,-0.004638148068063508,0.02110328397488881,0.004915215742403278,0.05169110801188981,0.016988052987710667
2020-06-30,0.015409875731554612,0.008347856455062086,0.025549179499592567,0.014944512030375057,0.029264486024190406,0.029142452844105327,0.032364209503316976,0.0698073149894527,0.02822927906165229
2020-07-01,0.005022132820864389,-0.001891599956017287,0.005847347207914355,0.016889435435158973,0.043453386195574595,0.04615322619577089,0.003395381849486734,0.03687680726581788,0.026617048978195612
2020-07-02,0.004541250844364075,0.0,0.007620968288710728,0.01936879838483785,0.004029609482701257,-0.017385791690288976,0.008630722492421139,0.0795173412803385,0.006551888206917322
2020-07-06,0.01588172586745884,0.02675006724389717,0.021525991666424993,0.020218668792787442,0.05768955229869066,0.029389055431093825,0.023615461458096343,0.1347939370342961,0.04159643355567155
2020-07-07,-0.010818532028197159,-0.0031026326893225376,-0.01162777139946336,-0.006488105208751094,-0.018619371729473477,0.00241385120445603,0.003303210316643712,0.013327688522591696,-0.004800507834493151
2020-07-08,0.007827461915415501,0.0232897035479116,0.02199286690915514,0.00918158329359775,0.026995584181255694,0.011292947407196108,0.03487223130674666,-0.01725350030984496,0.01480205965419179
2020-07-09,-0.005643606159361103,0.0043008008225595695,0.007001026573379532,0.01001604864826966,0.032949191382365184,0.003776885300603494,0.028680584643443474,0.020792456491456113,0.01237925899647574
2020-07-10,0.01046620127324438,0.0017490128381960623,-0.003033001569943794,0.013399846790677516,0.005457748808544549,0.0023313107332598726,-0.0028307342217456233,0.10784776505418647,0.013632786993140078
2020-07-13,-0.009362541127788226,-0.00461322532269659,-0.030888684952092405,-0.01740057644195092,-0.030000019073486373,-0.024768421343444702,-0.040747202182992104,-0.030809585105470272,-0.025260626343382997
2020-07-14,0.013406370782667931,0.016548691986904007,0.006181242012477162,0.005706685566694958,-0.006443299095769239,0.003054447327083931,0.032306178350642645,0.013185863099901995,0.00524073265250391
2020-07-15,0.009082050740923053,0.006877025997433783,-0.0014877529700697556,-0.0026169746237815206,-0.02436122126125273,0.002294186383254848,-0.014431176845126847,0.019257581163604875,-0.001441752471524671
2020-07-16,-0.0034061012455366413,-0.012304788008642542,-0.019803768133389466,-0.001292017668513834,-0.002981196241378159,0.002705151634365466,-0.00904435568415407,-0.029346504366899673,-0.009320430277567016
2020-07-17,0.002848612194617406,-0.002020502609394903,-0.005100078698640487,0.00127381119237846,-0.01264375276193297,0.004565711025265928,0.006586291235131325,0.00013330494375263235,-0.002097847734586211
2020-07-20,0.0084069387471426,0.021074108965839056,0.042981122598297006,0.030978855502437286,0.07929519957328535,0.014006474676163005,0.03031402162437158,0.09472028755869433,0.04356749589305298
2020-07-21,0.0016790373419135474,-0.013801686153957382,-0.013468714569083495,-0.005064557138618531,-0.018314900474015072,-0.014953926419898234,-0.017339173931682383,-0.045429074387502544,-0.01798067238587142
2020-07-22,0.005747082068739751,0.002809476178522008,0.014371014499398704,0.005739293751475083,-0.012229630062539742,-0.007776578268727574,0.010674234801481441,0.015283476518254346,0.0016960096973022143
2020-07-23,-0.012319859824193036,-0.04551668385815688,-0.04349457614528507,-0.030737685603513865,-0.036568799201794455,-0.03030810996425004,-0.029601309787925745,-0.04977615338574293,-0.03841257364248796
2020-07-24,-0.006190400054688405,-0.002477080377746965,-0.006122034432820667,-0.005630422107429367,0.007486874288995304,-0.008125461996503436,0.006392212439470191,-0.06349339370613127,-0.010503083147265113
2020-07-27,0.007395138795039502,0.023700122849517724,0.012667464688333796,0.014069678602353086,0.015387648743417026,0.012093025608141517,0.02226687112216852,0.08652080631985237,0.022704813153402226
2020-07-28,-0.006473392152297919,-0.01642744677073882,-0.008977151714842146,-0.016856000960358553,-0.017962780502695397,-0.014475407751436076,-0.01976702334541036,-0.040991122577997974,-0.017493115868000397
2020-07-29,0.01242838167815008,0.01916832343210051,0.010097966358853183,0.013207763093630032,0.011065474265779418,0.013775471365410796,0.024472521511702983,0.015320072049045619,0.013289740943992046
2020-07-30,-0.003750251937389204,0.012100346052832833,-0.0007841793860964286,0.009753953224670875,0.006049030252796905,0.005186696869146967,0.014189920637823317,-0.007751257440881121,0.0037270287482797926
2020-07-31,0.007670504990141325,0.10468857484852112,0.00544380494434038,-0.03277503811869664,0.036960821567137314,0.08174835028836203,7.067903621926774e-05,-0.03813804798718812,0.033991746846842696
2020-08-03,0.00718102343932614,0.02519760176233543,0.05624115164996191,-0.0034882065226425896,-0.01668096589563972,-0.006741045328052531,0.03725910203222127,0.03790989277703116,0.014661214055217808
2020-08-04,0.0036119303819721615,0.0066781558739354985,-0.015008800624957797,-0.006379851890781496,0.008657119256458845,-0.008453697700605889,0.01975447972729172,0.0013467807962437295,-0.003648633514012678
2020-08-05,0.006429743053199433,0.0036245684896634156,-0.0016408749358466368,0.0039300135150919235,0.021090645909052075,-0.0028420264219288782,0.005254900603887558,-0.001331501252462397,0.0031914238309695975
2020-08-06,0.00642769555966427,0.03488923420264034,0.016013868962398092,0.01748359763605678,0.0062308600392182445,0.06486834303599887,0.004319200872809681,0.003070674289896047,0.028473604032553945
2020-08-07,0.0006330295486443038,-0.022735620111801302,-0.017887682211476297,-0.00437200365890511,-0.017841853651889505,0.011911774323205115,-0.01199772150496825,-0.024751944680411975,-0.00956203338443129
2020-08-10,0.002742218294476073,0.014534835040888705,-0.0199077580134015,-0.0010346112850558864,-0.006093187166982039,-0.02026515537133855,-0.00308041003099202,-0.02350091468597615,-0.012228610979839072
2020-08-11,-0.007969132154236114,-0.029739951454187508,-0.023385504117433786,-0.010876311860621102,-0.021437993092404684,-0.026121514536587176,-0.02821301461952419,-0.031144060652225414,-0.02444590356241072
2020-08-12,0.013996549490237653,0.03323425722853823,0.028567616533451856,0.018033905593829447,0.026478049605839216,0.01468012948115538,0.05440083266337625,0.1312363947417745,0.034837237862632264
2020-08-13,-0.002047174350497949,0.01769774405658553,-0.0023425840198693093,0.006243204766963606,-0.0003858318082136103,0.005425277404657036,0.0002402163486128206,0.042604650478076156,0.008405376264467801
2020-08-14,-0.00017188262276812694,-0.0008913842976969732,0.0009582973631037106,-0.00792519181358975,-0.004112558082955964,-0.00022961713164726394,0.01057408873711907,0.01832819678811437,0.0009594321743191525
2020-08-17,0.0027098425110787527,-0.002611015650584303,0.006606127552144514,0.007715966180615208,0.010924312234330102,-0.0003061873109395652,0.0668455684773146,0.11203058154519474,0.017672880637869648
2020-08-18,0.002303389154016955,0.008333075304503668,0.005754147270028875,0.026077733746596943,0.04087466955935781,0.004518263347418339,-0.006180923577705388,0.028028374195693928,0.016022537493216804
2020-08-19,-0.0044043954214108005,0.0012543227530126266,-0.006066993767740891,-0.007179848469092698,-0.015701145907449088,0.0009528671927159227,-0.009970682176720813,-0.004536059116861502,-0.004900155441568077
2020-08-20,0.0031586327691348615,0.022189841742005,0.023271844304323608,0.020484382669968326,0.011314270642265756,0.024448805045096167,0.00020598145552019886,0.06563643667445929,0.026475913300640475
2020-08-21,0.0034411070444764214,0.05153258285616191,-0.007270189257497894,-0.0004314112205711096,-0.0038364352508537536,-0.0074347291052265785,0.04468325386198746,0.024052926729070556,0.005655367758748309
2020-08-24,0.010043718303008653,0.011960106129971004,0.0031448570649912355,0.0060801993032226775,0.006923017605080961,0.016404056406236878,0.0028975859385302893,-0.017453806448256226,0.005808066326069561
2020-08-25,0.0035963511532906,-0.008203585661222701,0.01300969037277988,0.013058772569783272,0.011800549645987202,0.034746926544127366,0.0023387981266145275,0.004537751185374361,0.014831243900951474
2020-08-26,0.010195626139483993,0.013598913410257207,0.02161985365725627,0.02383790294881072,0.0284955613728457,0.08222355620723998,0.0018037968817390393,0.06416619165356252,0.044316429967774296
2020-08-27,0.0016730440109038458,-0.011954393218254866,0.024553172755163333,-0.00949438771333666,-0.01215915158498826,-0.035174813700579954,-0.011332484212327354,0.039746079206424145,-0.00400601191882799
2020-08-28,0.00673256535528588,-0.0016198108290559343,0.010283656013335918,0.006699238449736189,0.0005293902228860059,0.0015003091828618143,0.04113792743921696,-0.011323299439907841,0.0018546039816398352
2020-08-31,-0.0021949627140287475,0.033912256075103286,-0.014765831900854232,-0.006038570378420149,0.014451219151166761,-0.0015662361355844867,0.017246362118802372,0.1256890549105465,0.020247168396051896
2020-09-01,0.007525003016613407,0.03983278332651907,0.007715273191191585,0.015679318492680228,0.01395547583299983,0.00763987775106445,0.03369365997110463,-0.04669690804684601,0.004933461270739237
2020-09-02,0.015365910154807594,-0.020718795978528437,0.019272186265216762,0.037647573426766945,0.009239471142122424,0.023896490253660918,0.03802193550575095,-0.05826756524083643,0.00422202744972755
2020-09-03,-0.03512584371534122,-0.08006067603542766,-0.06194680842220701,-0.05117055928659808,-0.04628410915968095,-0.03761992482836274,-0.09277534509484708,-0.09023849203316048,-0.05820466069823449
2020-09-04,-0.008133027264274895,0.000661760885378726,-0.014036359444638769,-0.029640846893731698,-0.021787358799564616,-0.028819618916710255,-0.03019489560904076,0.027813247275265907,-0.013691669258664385
2020-09-08,-0.027756342102360998,-0.06729517363840531,-0.05409535860942194,-0.03643405542462397,-0.04394435952982134,-0.04092255488701124,-0.05620911397021178,-0.21062824320390794,-0.0707525889033811
2020-09-09,0.02014498633677464,0.03988678493988895,0.04258353085848743,0.015509340888558487,0.03770662418145765,0.009441021500566693,0.06732144559165665,0.10923349433825735,0.03782985578538911
2020-09-10,-0.01758479659017942,-0.032645752261891925,-0.02801832830306228,-0.013689132681990013,-0.02860545100214451,-0.020568405628572428,-0.031714478138390456,0.013814582587770685,-0.02016838919724606
2020-09-11,0.0005330721905940639,-0.01312903669436638,-0.006524936082685784,-0.006742837283317371,-0.018547317429499666,-0.005520590542838932,-0.011959892520246096,0.003716263443279244,-0.0077798382783295095
2020-09-14,0.012741829089357504,0.03000014930887862,0.006763800869683978,-0.0045719284303907815,-0.004251985314208007,-0.001725375025193654,0.058181255709570445,0.12583177074233998,0.020774539127987213
2020-09-15,0.005219359577689042,0.0015601921448935574,0.01640623989199419,0.01742410164008379,0.017132004407634627,0.023558080516451252,0.009225238684723358,0.07182685140266343,0.02485087687298737
2020-09-16,-0.004618946596211537,-0.02951362227814691,-0.01786568266582722,-0.015002028193744632,-0.024723344317983953,-0.032670214546608345,-0.03667917888416217,-0.01778729846250804,-0.024407683297643423
2020-09-17,-0.008412365876402483,-0.01596340978164068,-0.01043621320735999,-0.01656676238808652,-0.02253666798925036,-0.03301446869280256,-0.004075148511733406,-0.04149312452942333,-0.024379074959306135
2020-09-18,-0.011182581807410497,-0.031720201080196686,-0.012419554339452077,-0.0241753341458385,-0.01788790878106783,-0.00898680071364688,-0.022004189834260113,0.04421041843491591,-0.007078099538680993
2020-09-21,-0.011571097930805796,0.030325779028500532,0.010728935294987973,-0.014437375711005562,0.001881613182508124,-0.017344417285445002,0.026908777968208453,0.016374511668703073,0.0030604686756674493
2020-09-22,0.010517945160813724,0.015715657516887305,0.024094213915762053,0.020753053839208002,0.05692335984779917,0.02659678823088396,0.009626877950390744,-0.055986946823462835,0.015663333633279652
2020-09-23,-0.023721455093028143,-0.04194606084403307,-0.032928456934799843,-0.03454523486819294,-0.04126889165142078,-0.022492491413851234,-0.04067210876980143,-0.10341090738483938,-0.04333892420026886
2020-09-24,0.0029874591429570607,0.010268868303431322,0.012962024151519369,0.009557401805607935,0.006643681788120581,0.002047930841997614,0.018496870202277416,0.0195341463945935,0.009342790568340975
2020-09-25,0.0159767237756141,0.03751611801923094,0.022786470927917968,0.0113855096576152,0.02494874307344297,0.021199836116439608,0.0425778974654587,0.05041385121376596,0.027715469823010874
2020-09-28,0.016110590199083896,0.023868931937683913,0.007795062190498525,0.013619927265723586,0.025498115680328004,0.007848681890908704,0.0125255386674894,0.034025594039789775,0.016920472723871205
2020-09-29,-0.0048126645432444715,-0.007567770896633963,-0.01040871448888403,0.005045927461711841,-0.009190126805558863,0.01935211811356563,0.014633518444412408,-0.005056919415549199,0.0004106406954120789
2020-09-30,0.008253718228220741,0.015075688449030178,0.01481236117154583,-0.00028663057531841396,0.0012241460404771587,0.00042013770945903417,0.02304238724756069,0.02371912031427703,0.008935788458696026
2020-10-01,0.005292907769290922,0.008462059468569594,0.01012693932772124,0.015215589122904216,0.023034752317315554,0.018060327635444517,0.006208030749865978,0.04463774876849502,0.01965911389217001
2020-10-02,-0.009577652178616392,-0.03228012019218007,-0.02951153865484768,-0.021708520629455386,-0.02988273802333874,-0.02509097529873372,-0.04056345553157892,-0.0737906918190171,-0.035011699878434
2020-10-05,0.01797270867614209,0.03079124810559075,0.020321260095334637,0.01870725968421616,0.0237440429687501,0.018119724633767653,0.04442208564623984,0.025512531789757986,0.0224691262238228
2020-10-06,-0.013973515692226712,-0.028669627935584807,-0.02124749201423448,-0.02145221736738334,-0.03102028886576813,-0.022633580846971646,0.006890079586785891,-0.02748539351192436,-0.02464505934222272
2020-10-07,0.01739675486921799,0.016967168865429594,0.019037652780745873,0.005595775130481151,0.030881037106998743,-0.0020878834147174397,0.016561782203921904,0.027344297266189477,0.015137133455268126
2020-10-08,0.008010123642494982,-0.0009559259598095338,0.0035743076087291215,0.01664684310479103,-0.0016084400175445657,0.02185027956566632,-0.008969393510809942,0.0014577830589765917,0.007570443523403636
2020-10-09,0.00879353312061526,0.01739569313823308,0.02483589635966843,0.0182146162907022,0.030120249141207367,0.00261620201228574,-0.005492015142787743,0.01897077543397918,0.017008003802489347
2020-10-12,0.01641581296364758,0.06352074701468635,0.02590263414668681,0.035843674941479,0.04754990740220588,0.042729987415827786,0.03365973306168768,0.01912439516394837,0.0382632165061092
2020-10-13,-0.006306918994084421,-0.026527358432873238,0.006594336598970685,0.0015850210453989266,0.00020333647320058823,0.0014144114068683766,0.0015642520759642231,0.009834932884270176,0.00020710401746115714
2020-10-14,-0.006623141753502759,0.0007430880397250039,-0.008974232545126637,-0.0023162668504124184,-0.023208080547411636,-0.01564429948418322,-0.010738301353610313,0.032799718116372834,-0.005465892414539653
2020-10-15,-0.0015277553060997207,-0.003960668510677112,-0.005433227162850107,-0.005097888880841617,-0.007450142689235051,-0.018762429503780043,-0.00888594140154153,-0.02692390743031925,-0.012433674943515771
2020-10-16,0.00013491955745537076,-0.014000583409132128,0.0,0.00786272282348821,-0.019750480983333984,-0.0029618946178893157,-0.011345774696253308,-0.02051768046956881,-0.008339048820012573
2020-10-19,-0.016329861778318078,-0.025541686202876,-0.024765658009358038,-0.02407998115194243,-0.020013957457728493,-0.017034493206247503,-0.022716472878136273,-0.020106014344170586,-0.021243201014251034
2020-10-20,0.004727334073110212,0.013191855909644001,0.002007121872814599,0.013810907191294186,0.003055554339711275,0.023565280465636773,0.010946082466445795,-0.020634587544658856,0.006943761125819181
2020-10-21,-0.0021956999281005363,-0.0054463808849462,0.0006991356222276757,0.022506896122718834,-0.009968886774915697,0.04174776512539813,-0.008849056257228427,0.0016590325709362475,0.011110417267627293
2020-10-22,0.005218925396392127,-0.009583277212501518,0.0004188178652750896,0.01303286809218518,-0.0026812857408547996,-0.0021886066209013677,-0.012107378908528754,0.007453064711647084,-0.00012362073231475534
2020-10-23,0.003445761353703114,-0.0061339402679629895,0.006235944501019608,0.016381790220441506,0.008814971867029398,0.023982627623791553,0.01715832746669088,-0.012118551755604834,0.00853527544721655
2020-10-26,-0.018589516294535646,8.701323686310936e-05,-0.028442144661969926,-0.02981665208492823,0.0008238907949942309,-0.026967307084997727,-0.033038751762857865,-0.0008320996760948773,-0.016415595739901256
2020-10-27,-0.0030256189119989285,0.01347236679568975,0.0150895566505298,0.009209069868523878,0.024723687101579017,0.02230166833135616,0.019442683874642208,0.010469159823756513,0.017431844558480902
2020-10-28,-0.035287878760604796,-0.04631224352588548,-0.049566145482045854,-0.055088369995972775,-0.037595069983728635,-0.05513782179265225,-0.057457758284720106,-0.043938975190562446,-0.04854431316534724
2020-10-29,0.011947330894238384,0.037050425336872195,0.01006507420507119,0.03050046586323818,0.015249235849637444,0.049164807522353415,0.03144057655425625,0.011846701366300838,0.02710630298724448
2020-10-30,-0.012129550130175693,-0.05601790176441501,-0.010990422190108706,0.03804385154658707,-0.0544564552314909,-0.0630987480120776,-0.03762287649281015,-0.05547305218949494,-0.04094666509954126
2020-11-02,0.01231820260127181,-0.0008270719367237112,-0.000691675558889604,0.005080147534093582,-0.010430948040659138,-0.006651135058817759,0.0037298741381173173,0.03213582666134873,0.0011401828195014563
2020-11-03,0.01779929009643455,0.015353700273164073,0.020263918436536743,0.013137630618187623,0.014621516534147005,0.015074888645382867,0.03487473546249853,0.05840061701119437,0.02238408597670305
2020-11-04,0.02204704770168342,0.040836622940307876,0.0482487768242561,0.060881495119091245,0.06322966294024535,0.08322661177523138,0.05950674447976878,-0.006888484603579825,0.05252959637238175
2020-11-05,0.01946019413896294,0.03549367960069616,0.03188662793776231,0.009536901878858473,0.024941733698923496,0.02540193200892804,0.026514704964529123,0.040643300543862226,0.028554689930741395
2020-11-06,-0.00028771518741854685,-0.0011359948711048284,0.001926020953602725,-0.0015715333145798205,-0.003199936061909714,-0.004309720075553525,0.028389781559382987,-0.01858065570474754,-0.003823647632696048
2020-11-09,0.01169988923568721,-0.01996812321657171,-0.0238246854607731,0.000960311853831497,-0.05062255447737596,-0.04989602378763924,-0.06395078360264483,-0.02021165833954497,-0.033019298117621165
2020-11-10,-0.0013997945931910616,-0.0030089867352722788,-0.0337924474185709,-0.01345510559925056,-0.03458294580536425,-0.022742735880323828,-0.06314752826404069,-0.02587474253102262,-0.024863143535132415
2020-11-11,0.007651855318760337,0.03035281146711788,0.0262547382569549,0.005472792839597007,0.03372959332756431,0.014866284255103945,0.050743825735145576,0.0164977197153513,0.021835022354870004
2020-11-12,-0.009978532303877019,-0.00234330162449059,-0.0051258572491011956,-0.002524135146267037,-0.008640935353967705,-0.005063643155424624,0.0028878646875558633,-0.012873745767280065,-0.006085868418963858
2020-11-13,0.013610335409063534,0.0004192558140267977,0.0049664160830509285,0.016892218605762732,0.005957652481424658,0.006798052596417081,-0.01187120849852219,-0.007917146283160204,0.004122045636038019
2020-11-16,0.011648051240012336,0.008720441363581743,0.0033256243823944764,0.0009987755658282804,0.0007190451875813686,0.007257389991635943,0.016413242618979584,-0.0010037182511209997,0.004010516713408352
2020-11-17,-0.004791925698091615,-0.007564421102460472,-0.012751306591715972,-0.006972761351890511,0.001469221257177411,-0.014195448870737315,-0.006880919494346105,0.08213879250177958,0.0032292773659841068
2020-11-18,-0.011563829610944043,-0.011391201666250073,-0.013183883142894426,-0.011932183239109495,-0.00963120822903818,-0.011018213622191797,0.00048412786819751474,0.10196775866118779,0.005416237729670481
2020-11-19,0.003946442467421596,0.005168222549644552,0.006348092485436219,0.01030097401281993,0.003722494885254779,0.003566545599058779,0.0008564482223873959,0.025953518324515645,0.008489766236278395
2020-11-20,-0.006792562915180156,-0.010957515926449113,-0.009556372036769623,-0.012618272552380683,-0.005652814007175211,-0.011870535161831008,-0.026227251889701764,-0.019348255020757876,-0.011826237523695937
2020-11-23,0.005635930617216234,-0.029742677594405742,-0.0013310437841206335,-0.005079461820906461,-0.00032591205652088284,-0.004709005094164165,0.003992403302096159,0.06584827501609536,0.005370869519323307
2020-11-24,0.016161668273416252,0.0115941424388597,0.01784803444310068,0.021035495235981916,0.006348492495275249,0.03162814831303917,-0.013869689030359345,0.06425217853318599,0.026913026814207264
2020-11-25,-0.001584418237524976,0.00746739936989993,4.660956598989685e-05,0.00013030550718462486,0.02149089105013391,-0.00480278520293298,0.021376898202975614,0.03352658623835669,0.009057484962660123
2020-11-27,0.002396979198154181,0.004826289773272263,0.006358940608005348,0.012975291860241489,0.003224444340751864,0.008055416685282868,0.002002254216464605,0.020487795852708768,0.009250027805721261
2020-11-30,-0.004595548640170977,0.021099569097615012,-0.005389404775345996,-0.01825393147547294,-0.008543726224847115,-0.003023597010534007,0.010576055528096484,-0.031002439645386293,-0.00802437237423903
2020-12-01,0.011271187194776155,0.030827259328389145,0.00999669381877566,0.0233471274498247,0.01642659261366375,0.03458857539556459,-0.000858046821047509,0.030232565079099327,0.02439685837434813
2020-12-02,0.0017911667548251575,0.002933683651879182,-0.0038851293191891623,0.016492353413759098,-0.005139620139509304,0.003385075663245418,0.011538392296336575,-0.027258998689319136,-0.0037452941792512906
2020-12-03,-0.000624157213091503,-0.0011374761160580782,-0.005246536511329225,-0.0017149909199182245,-0.005244192164348127,-0.019720346485855522,-0.010671848686526708,0.04317707064578702,0.0001775350796269226
2020-12-04,0.008836275129611826,-0.005612511836038281,0.0005598784729579087,0.0010539031353640205,-0.007578327983446487,-0.007628111506672641,0.012112269249741736,0.00953853028069096,-0.0016469997194656916
2020-12-07,-0.0019356376714373402,0.012269905611968168,-0.00032654260466524754,-0.0036902112941661347,-0.00144820943300783,0.02102248806270235,0.0035768646431246776,0.07131413268972531,0.019683452689025493
2020-12-08,0.002787148065356293,0.005090771416440543,0.008026535475629037,-0.003137017747995019,0.006108347649924184,-0.007633634569998549,-0.0188691816392067,0.01265269756091203,0.002976454015182206
2020-12-09,-0.007949201604598555,-0.02090355390914378,-0.019489704045452583,-0.01847817945905561,-0.02300385041546993,-0.01933668943663902,-0.03140448589872269,-0.06985904262531573,-0.03020020431977155
2020-12-10,-0.0012851080682624305,0.011988844264086085,-0.006043460033936188,-0.005742780669730996,-0.0008730964486967085,-0.0028784397537355844,0.0032093083624318286,0.03737095767859411,0.005987673742667399
2020-12-11,-0.0012649972997506032,-0.006734785506420593,0.013015181928528019,0.004044895146238847,0.004813852496939441,-0.012882504226301328,0.0031604865462586673,-0.027237767375868138,-0.005903502244885783
2020-12-14,-0.004359258971957769,-0.005146691001786996,0.0044078421378781485,-0.012699910731413744,0.013011701561464806,0.0023396057321518615,0.022707885553303164,0.048918853305726984,0.011432309944397812
2020-12-15,0.012921249154708825,0.05009018100236218,-0.00032671241134429874,0.005033340344908099,0.0025815971159888207,0.004960127593492514,0.0038882283799570594,-0.010284031966116491,0.00554685427407553
2020-12-16,0.0017727951669590514,-0.0005471759701495271,0.024050749260227766,-0.00220879546927355,0.023961224378619583,0.00043559651482660833,-0.008831800752845731,-0.016549539644792777,0.004644729244848378
2020-12-17,0.005757654753379748,0.006963388432052797,0.0006383594762253697,-0.009492580159303432,-0.0015057469987226346,-0.0043167543086788385,0.007456887297662584,0.053197818564255206,0.009161230860638803
2020-12-18,-0.0035111185091528663,-0.0158507932521591,-0.003782501908467517,-0.008210198887387388,-0.01063939440891426,0.006994922841396578,-0.005190790733274442,0.059612778969587055,0.00886684974541252
2020-12-21,-0.0039062790518439305,0.012395205053002734,0.01829899583418948,0.004831488015357044,0.0014149045573290664,-0.013060702767502153,0.004539557565707009,-0.06494968189377415,-0.01143032699925517
2020-12-22,-0.002073092860288006,0.028464663545005875,0.006064760518259327,-0.008267325057623065,0.00010603453584812073,-0.02089527979238215,-0.004050153474026041,-0.01464926902636221,-0.004360257236485032
2020-12-23,0.000745811250824957,-0.006975863258769643,-0.013039129721993281,0.004656403257830011,-0.006627122071927394,0.003818871141782365,-0.020258650677400958,0.008807772074100217,-0.0016105731758676578
2020-12-24,0.0035365890047962534,0.0077121416468814985,0.007827301686884613,0.0034314660251615337,-0.003949415822362745,-0.0026480828255989186,-0.001191367842742097,0.02444349518922251,0.006347434759847115
2020-12-28,0.008722529021144565,0.035765711652950616,0.009921464131201096,0.022950446986412132,0.03507113271672124,0.03590122177491861,-0.007215243086946765,0.002901307404113318,0.022405097422701026
2020-12-29,-0.00222738052560012,-0.013314910417635883,-0.0036005912671673856,-0.009132190716781063,0.011583625131030173,-0.0007942470133707191,0.0033527690201087257,0.003465523985226371,-0.0007755729700522629
2020-12-30,0.0013415471654707467,-0.00852666067656116,-0.011019465555637264,-0.012237138012054616,-0.010882060864285004,-0.017739820842298082,0.015645371288588006,0.0432288658824449,-0.001306986611944505
2020-12-31,0.006438845522919845,-0.007702538465217401,0.0033382492131239783,0.009439997097536512,-0.008801370623195415,0.004745059098365312,-0.006903465620053062,0.01567398119122254,0.003516102807399335
2021-01-04,-0.014754827521051062,-0.02471939247133681,-0.021266150980887244,-0.01512567605096471,-0.021584740620304466,-0.015448852947904546,0.004481182367018111,0.03415197180829077,-0.007796153090133262
2021-01-05,0.007082595157549276,0.01236369912895241,0.0009648612733936801,0.008064172297716832,0.010004358381754175,0.0075482115869478505,0.02220991247095938,0.007317368906131216,0.007367094446273148
2021-01-06,0.005709842747752214,-0.03366136290475086,-0.025929552966974856,-0.00986766210947898,-0.024896614147709384,-0.028268925225357844,-0.05895301679414755,0.028390302267496503,-0.014413099644502436
2021-01-07,0.014847403800101189,0.034123038963444596,0.02845718723922097,0.02986875991140492,0.0075771277744003385,0.02062230759426198,0.057830229073003725,0.07944656360858104,0.036404695540241505
2021-01-08,0.005491862685268911,0.008631384759501426,0.006092754833804559,0.013238588743995638,0.006495514374673217,-0.004353688518174859,-0.005039868531275915,0.07840299470467449,0.021716887743838065
2021-01-11,-0.006554750898592476,-0.023248797969204538,-0.009698609187859364,-0.02310556950954623,-0.021519462280005563,-0.04010166381398239,0.02596659956500602,-0.07821411721500826,-0.03772825524516188
2021-01-12,0.0004157884466327033,-0.0013954666081217315,-0.011770484206147458,-0.01073861141194521,0.002125797051401035,-0.022387526624953802,-0.010039232887975924,0.047152947996006445,0.003274614943911125
2021-01-13,0.0022756417379066196,0.016226706071402752,0.006560278005193432,0.005652157572783034,0.014438406874172749,0.0021904523206999205,0.00348537566948659,0.005850950889994211,0.007479769996215024
2021-01-14,-0.0037534511943366766,-0.01512745318062314,-0.015346142205999724,-0.009346183925879159,-0.012135545173177387,-0.023843659568076214,-0.0244978362645093,-0.011013523157297866,-0.015309026924172353
2021-01-15,-0.007190027975370938,-0.0137303624949211,-0.0017372405586023598,-0.0019065237926251255,-0.007424600125642833,0.023286102446500534,-0.025814037390733624,-0.02229585445953386,-0.003903055704059466
2021-01-19,0.008136379515524483,0.005427043899581152,0.017822794492720062,0.032906623860839535,0.005318518294228358,0.03874934813273079,0.012889175047285262,0.022259629183487784,0.021621027888726774
2021-01-20,0.013935625421946263,0.03285633117923226,0.03649975693326857,0.053573279690485975,0.04570048462239673,0.024435087298409375,0.02614170488134726,0.00698599786790699,0.02847375230296545
2021-01-21,0.0003167233075522802,0.03665851043748014,0.002808285617052375,0.0021700885229407607,0.013363421550624865,0.02015087904100099,0.037540064627140435,-0.006420156263490129,0.010089263151197958
2021-01-22,-0.0030106116552376383,0.016072887731431784,0.004356132415927139,0.0044635318003196645,-0.00446331304512726,0.005973474729424666,-0.01117752036233799,0.0019526425140830028,0.0040665265564030495
2021-01-25,0.0036158389430824833,0.027684332849045257,0.015844177484123367,0.0009089860377244907,0.0005376354551673845,0.012787112414460289,-0.004320711967971125,0.040347806114603646,0.01879795762768266
2021-01-26,-0.0014888337468982327,0.001679471545005251,0.012198919415020049,0.007216376445152939,0.009754137082109926,0.014531671411706082,-0.01596680898531544,0.0025999188207492807,0.008129206688219925
2021-01-27,-0.025677883699462,-0.007684169887382741,0.0024533933153418896,-0.04665223258176188,-0.02812581228312927,-0.035135479093497235,-0.038518182977099635,-0.02143608477064074,-0.021699015469303418
2021-01-28,0.009760625975629766,-0.0349850080802111,0.025890827140576,0.01883528522377409,0.0015591193708615059,-0.026236603204365383,0.0103152137372724,-0.033246240146660666,-0.011495145694921605
2021-01-29,-0.019311475173124593,-0.037420517717212665,-0.029171618584622805,-0.013943611060907246,-0.009704654514695155,-0.02516999377543072,-0.004693000038762163,-0.05015373491403896,-0.030040819137202912
2021-02-01,0.016051767614439383,0.016519840010339015,0.033152120844395006,0.035959129132747236,0.042629902924745666,0.014245655966398152,0.019034255298786107,0.058321672867634566,0.03425891135434189
2021-02-02,0.013898223484416938,0.006336693965154128,-0.0005840996536664589,0.013760727031787434,0.011104214562255077,0.019350420915836608,0.02415587860811641,0.039270726531715816,0.017176466235696575
2021-02-03,0.0010087690809532646,-0.007778357341354569,0.014571395776914908,0.0728251090345573,-0.019961565909300982,-0.0016100147423728783,-0.0019362721065785404,-0.020738065332563282,-0.0004911195094869925
2021-02-04,0.010853322230420792,0.025757830030645357,-0.004074003940949367,-0.002550025177879389,0.005575845147329783,-0.000600180583881782,0.00988482313044936,-0.005499119810906672,0.001235834716961648
2021-02-05,0.003897495164625342,-0.003098019328108381,0.0007849997815982945,0.01714033911695534,0.006349415177487883,0.006041359670029722,-0.005360560037327655,0.0026353496607176563,0.004050558315146446
2021-02-08,0.007399348360373592,0.0010968434735467714,0.0011147441327987728,-0.0020633902797569936,-0.008713780773966562,-0.005669161873646633,0.06237577420358975,0.0131302972383458,0.0014947841584178612
2021-02-09,-0.0011135249921484514,-0.006573621716661648,0.005361506461360577,-0.004379941438137691,-0.00539885256244832,0.01076600243222181,-0.012154709305752687,-0.016168321643152184,-0.002454750671018302
2021-02-10,-0.00034518493235935477,-0.004558634448818211,-0.0038971820586247707,0.005343605484942726,-0.005573405440383872,0.008980948901466279,0.0351250607442497,-0.052550944303998315,-0.011548648216676338
2021-02-11,0.0016624551635393559,-0.0019202871032103497,0.006877621351629948,0.001088047457012964,-0.007439273910078148,-0.005443609321472254,0.032951349715607536,0.008498789811735685,0.0012949244939250981
2021-02-12,0.0047110331133788375,0.0017761880306121913,0.002045005441012826,0.003006531928568812,0.004775969497859078,0.00040688841763669714,-0.018982714279390023,0.005494900903412869,0.0026199677595062365
2021-02-16,-0.0005692724183511411,-0.016103955685939364,-0.005265411164141032,0.007479645700993132,-0.0026726192693009576,0.012828061543546987,0.024663652049855322,-0.024383660823671716,-0.004904134792804826
2021-02-17,-0.0003204020092266724,-0.017644079527974532,0.004359495626143017,0.0037523114832713755,0.012141589169594624,-0.0014600258113106612,-0.027674010159852158,0.0024238672272682837,0.000785205849769266
2021-02-18,-0.004415835627354592,-0.008636395390955842,-0.0016788641387188719,-0.006046420456288337,0.005920814274298136,-0.015279449230017006,-0.00516593518618913,-0.013493691045324274,-0.007565077682783805
2021-02-19,-0.0018548966445751658,0.0012332625529156704,-0.011567390658160814,-0.008072899490621066,-0.023535055745747435,-0.029065731008229845,0.00657520532563316,-0.007721833533733569,-0.0144678803100029
2021-02-22,-0.0077328394581538396,-0.029798900596173294,-0.026808323552335644,-0.01654060003577662,-0.021280609604111933,-0.004702472387340895,-0.03823731959163146,-0.08549845855559934,-0.033809830116197315
2021-02-23,0.0012563181187927874,-0.0011110104941052246,-0.005287653181596741,0.002852756039959159,0.004326059526709614,0.021242174661969537,-0.014889634883895386,-0.021917429429917368,-0.00025809735613058216
2021-02-24,0.01135161376597904,-0.004052038299372507,0.005487175929200783,0.011499157041215513,-0.010946968676518232,-0.005830112155655098,0.025243912392577394,0.06178807266392261,0.011931790007648324
2021-02-25,-0.02447880752512621,-0.03478285950668525,-0.023704873091086487,-0.03256528041804596,-0.03240038681954516,-0.03639662424218837,-0.08217795706509723,-0.08059082496045267,-0.04300919291443872
2021-02-26,-0.004750214169902844,0.0022316923994001314,0.014804208857255752,0.002956429926429971,0.011700387973209825,0.011504122255720173,0.030584304529696293,-0.009850152211020369,0.006165705470325911
2021-03-01,0.023790763506800205,0.05385129248742504,0.019622946396816054,0.023616372099045657,0.017203798394717307,0.028297598203569363,0.009278394150211033,0.06355291148192554,0.03431476949947987
2021-03-02,-0.008080851690870694,-0.020893736943404684,-0.012956873625401544,-0.002502892363973497,-0.016404262105025436,-0.02230953848593309,-0.031462606300991514,-0.044527636486599076,-0.02246082037057473
2021-03-03,-0.01306622187199813,-0.024456648021050964,-0.026980813888728084,-0.025706218284169857,-0.02893170479822993,-0.013861020261856871,-0.04486750073989754,-0.048423758283395624,-0.028458534381313738
2021-03-04,-0.013417213930100202,-0.01581169327220522,-0.00364737766267198,0.011196193124764164,-0.009128157985388907,0.008731008723074085,-0.03393236201499894,-0.04862218183112754,-0.010942190689474884
2021-03-05,0.01949596819778221,0.010738361362797377,0.021479303033714814,0.031043205907967275,0.007687481916645478,0.02577234748178947,0.007376293475919837,-0.037799313531283074,0.00856761990292565
2021-03-08,-0.005359231030161227,-0.041673528123292614,-0.018177981634187934,-0.04271197388099257,-0.016167463748385735,-0.03394115419699173,-0.0696742591269528,-0.05844967282854319,-0.03485092024149594
2021-03-09,0.01415464230382213,0.04064959780631039,0.028101600106970936,0.01636860573117027,0.03756837366056898,0.04085226958389554,0.08033281555682081,0.1964120760817838,0.06400073860601907
2021-03-10,0.006030313342701321,-0.009166727362841742,-0.005817422353533441,-0.0020435074774994844,-0.0017010173123747085,-0.0031610451820203167,-0.004153284011097269,-0.00819506910832657,-0.005084055698656553
2021-03-11,0.010395487004435822,0.016502859098879608,0.020265084618638296,0.03160295390391732,0.018298429776605563,0.03389973338538654,0.042127066422234405,0.04721134236531421,0.02965658146296324
2021-03-12,0.0010153984958789497,-0.007625502296653264,-0.005819650147828592,-0.024060469566450027,-0.0077402727850476305,-0.020008713479232165,-0.010582176413603595,-0.008390501992574073,-0.011984425639319451
2021-03-15,0.006491921301497117,0.02445683080560146,-0.003987250042856272,0.0021658036703244843,-0.0025279442445658162,0.01993274031506065,0.026077181729821763,0.020483461206222797,0.010967220795044197
2021-03-16,-0.0015696837343783798,0.012742826601874091,0.0123503516484198,0.014334921432503478,0.0033034103914528767,0.02020093818712798,0.007580967198011157,-0.04387377195940434,0.0013772127408711032
2021-03-17,0.00287938213053085,-0.006450571121466631,-0.0028185190317320252,-0.0008014194635370675,0.014188848597238346,0.016936408126502878,0.003761892346282769,0.03683074261011732,0.012199205128226698
2021-03-18,-0.014760539319459198,-0.03390502958592867,-0.026662146926474284,-0.029238009870309445,-0.03435878370750434,-0.018978056892005823,-0.046378757090841494,-0.06932072763951169,-0.03581067506312274
2021-03-19,-0.0006027039747036333,-0.004480288716443126,-0.0016036436012601962,0.0027803380186881554,0.015511909856343209,0.04123879490180782,0.009687392901537306,0.0026180050626212203,0.012609808457194616
2021-03-22,0.007025118077311765,0.028335681911357602,0.024484465031454183,0.0018402332225389006,0.01167821172408301,0.01182314415448893,0.02650692788871023,0.023103830299388672,0.017543435225855886
2021-03-23,-0.007630854183940605,-0.006888628657161999,0.006737637386603268,0.005239472198702799,0.008560288075996736,-0.009913507469048732,-0.008759174042221818,-0.01170146456365928,-0.002700263323875962
2021-03-24,-0.00546733601831495,-0.019993575386706208,-0.008923505015459798,-0.0043108671393998765,-0.016073304438495972,-0.029212212470050236,-0.03272575357730634,-0.04816058727810224,-0.023807630251795997
2021-03-25,0.005240265846959469,0.004163641884961322,-0.013250642056118367,-3.4393754517525466e-05,-0.013219634289670767,-0.012051015832800105,-0.008522322572215524,0.016056627401557888,-0.004241992740151912
2021-03-26,0.016631202604519668,0.005141357979144168,0.017818756062299546,-0.0038033997468078784,0.0018941122432061253,0.015354840259010238,0.02425148472174543,-0.03385438241576755,0.0016658462904770577
2021-03-29,-0.0008680126852336212,0.0014850298071262813,-0.005243470372326531,0.010401508471035603,0.007765307334585803,0.02755995680673151,0.008489670234823388,-0.01199266702111268,0.006001924343458143
2021-03-30,-0.0031578329337678124,-0.012274572433921827,-0.014411015252496995,0.00033239577597510284,-0.006645597502498379,-0.009696762881839072,-0.005908194408124068,0.039801078851212424,-0.00043068942949608946
2021-03-31,0.0036224990395776757,0.018765720475464542,0.016907620932257394,0.007842789551075535,0.01269600564306872,0.022673717039602526,0.0370190501668306,0.05083220558444013,0.02391635132596548
2021-04-01,0.011825201774944727,0.006958878173920269,0.027908449736922858,0.03261045996813405,0.02162845443110406,0.014022375041271351,0.03472377245031666,-0.009252455923119962,0.01445307429342324
2021-04-05,0.014438226417743616,0.023577248859267375,0.027728679336961326,0.04187289719167708,0.02079404593469847,0.03432005041880304,0.012724525668080577,0.04427659122771899,0.03234543761530717
2021-04-06,-0.0009735307519511682,0.002461914817386779,-0.004858191791315303,-0.0043714537114046825,-0.0009018902147276409,-0.008578532843555586,-0.009008119295045192,0.0008247761127986308,-0.003424832405009126
2021-04-07,0.001475232784985625,0.013390613580252397,0.00823037090497225,0.013475222138514598,0.01723733655641202,0.02230118942751602,0.020344437214502076,-0.029857428208930892,0.006818498270971363
2021-04-08,0.0042206328286402695,0.019233701480862564,0.013405419846781674,0.005091402400091427,0.006071242952548017,-0.00022370476071387202,0.012266881299520138,0.01912159613436426,0.009724402096620288
2021-04-09,0.007719934348738189,0.02025160235812762,0.010266428389596793,0.00899381890005957,0.02209562242522667,-0.0017889594802689146,0.005797268282207835,-0.009915155733034697,0.0058238621824000525
2021-04-12,-0.00019607884876882142,-0.013233077220899614,0.00023464664480665753,-0.01147232695512701,0.0021321218730274705,-0.002944194831011937,0.05618061145895692,0.03686741230129442,0.0046523511394294115
2021-04-13,0.0032944868090414303,0.024306387468946422,0.01008156002979943,0.004370352107364139,0.006098747605224553,-0.005713681957524752,0.0309356486037069,0.0859569036478478,0.02136099072987596
2021-04-14,-0.004087726727828533,-0.01785285785789692,-0.011218889368854845,-0.005553440242691776,-0.01970591825597423,-0.022404581431491155,-0.025670461455805538,-0.03947166704647498,-0.021323795269726276
2021-04-15,0.01109419052516647,0.01870762895710043,0.015297966665245744,0.019331700879506197,0.013828409714570444,0.016511546127320198,0.05631004437449283,0.009040931223980753,0.015385441703936964
2021-04-16,0.0036088195555097347,-0.002527635724414723,0.004778265883706334,-0.0010939875995914505,0.006022342354579324,-0.0053278629245638864,-0.013927299542594973,0.0012587029151958085,0.0001724944119323446
2021-04-19,-0.005306560094486046,0.005068431702751619,-0.0076704534066751595,0.0030709217557378654,-0.00806900981526193,-0.012868058897045342,-0.034611358310686846,-0.03399658468630862,-0.012284541957858441
2021-04-20,-0.006802319771775922,-0.012829986314774167,-0.001855165501498779,-0.00469484072104176,-0.011067567276491497,0.0013564803277335002,-0.012400783186397257,0.006101017267521991,-0.002364975470018904
2021-04-21,0.009306055472153574,0.0029298269006954314,0.008983288543512602,-0.0002895490262119216,0.008195669633476843,-0.003898960611975477,0.01247432570071405,0.034951793439894185,0.009341840171563698
2021-04-22,-0.009210657476561801,-0.011685306843355114,-0.013086074807157733,-0.011337222573670425,-0.015758395892332966,-0.01641956548774537,-0.033218419082541084,-0.03283069676699324,-0.018205632240631986
2021-04-23,0.010928696540176919,0.018038409958901935,0.015475906191089184,0.021047615046071888,0.00962218974677076,0.01554712284097226,0.027945744388564675,0.013491908213451476,0.01523827327793148
2021-04-26,0.001782270924804541,0.0029780097801117567,0.0015316943514502857,0.004347952430179269,0.020389780364207244,0.006342937080164646,0.013936874627621165,0.012064715006025573,0.00795909307648257
2021-04-27,-0.00021489588801437698,-0.002449734608211518,0.0016057619249816302,-0.008203776047642442,0.0024729175512423485,0.0017487782161347276,-0.006218333163072409,-0.04532647907368281,-0.009063683463473637
2021-04-28,-0.0008455399168898481,-0.006027105495134855,-0.028285522020994436,0.029707830714662986,0.012017786731569835,0.01162825629258668,-0.006826472885219093,-0.014672094304228334,-0.0020813938694941303
2021-04-29,0.006762806734045723,-0.0007484803669194351,-0.008053002379508234,0.014293907428171382,0.0037039347600635875,0.07297310565713966,0.003141928053358223,-0.02505755171974844,0.013768221346826426
2021-04-30,-0.007194706699326425,-0.015133137700894417,-0.0013069681975252934,-0.016407773143278015,-0.001120636171800582,-0.01344431160267745,-0.02057113042592995,0.04791723957558203,0.0013486666245698942
2021-05-03,0.002748090747253684,0.008215088641401636,-0.001268928428342364,-0.004427530410466063,-0.023340170719312603,-0.007690312493978446,-0.011509508012288339,-0.034590632711300695,-0.011858597110364855
2021-05-04,-0.006678337608227225,-0.035385411668789724,-0.016159702690846323,-0.015470979692105646,-0.022034541333801894,-0.013082241663183614,-0.0327227038572685,-0.01649874089928205,-0.018398971145307086
2021-05-05,0.0007034637617677753,0.001955370422263236,-0.005327008045186266,0.003442009499493359,-0.012479432999494278,-0.01049121522037344,0.007473125843314499,-0.003948959080373515,-0.005671961709333373
2021-05-06,0.008165456466051824,0.012802734534290261,0.013226640225979525,0.009754638954239558,0.010955401769447537,0.01587199318785859,0.00446100931079485,-0.011029338520784915,0.008573631029211048
2021-05-07,0.007373341616968343,0.005327479672403657,0.010931752247182125,0.006237901076241448,-0.0044640578502762596,-0.0029372016274928914,0.019916863318160782,0.013307460953421169,0.004648084624657933
2021-05-10,-0.010435647322188157,-0.025804809570685983,-0.02091419214018997,-0.025587489126620344,-0.03072052637375966,-0.041087025202104055,-0.036895079158799304,-0.06444373139784076,-0.0367867316721211
2021-05-11,-0.00867391280271812,-0.007410323963326082,-0.0038432994266539566,-0.009464456883306549,0.010474816917876772,0.0018303804620258823,0.002838818781195629,-0.018822278764288325,-0.003944591116448515
2021-05-12,-0.021449400664502738,-0.024938499314397733,-0.02936283884187363,-0.030752427097400448,-0.022323796765424953,-0.01298408848629562,-0.038287500420143616,-0.044248212926854213,-0.02649600781553496
2021-05-13,0.012173141406923493,0.017919680378064573,0.01686197752743479,0.01308489540414226,0.0030235440044839024,0.008957278516983802,-0.006777448415948073,-0.030853203980896415,0.003963721989419966
2021-05-14,0.014917956876899785,0.0198446927845084,0.021067184373098957,0.022135109637857253,0.019430851184491837,0.034986461766132404,0.04227869265316975,0.03157303299711356,0.02656314951669314
2021-05-17,-0.0025300521932207776,-0.009258346024683117,-0.011968430070883995,0.004625972895710095,0.0147351540352203,-0.0015192494798718092,-0.005441253370957466,-0.02189098294684022,-0.005138158267691928
2021-05-18,-0.008517292959364653,-0.011245923296347438,-0.00856499916356801,-0.01155564541154186,-0.011653058569779051,-0.017434878848908597,-0.010571614524283124,0.0018029458511532592,-0.010286542165177548
2021-05-19,-0.002943411456817757,-0.0012814748693823486,0.002473839600626082,0.003991237666679082,-0.000148514828115065,0.011711183640976675,0.003567502037174375,-0.02493638386588848,-0.00026040400423665844
2021-05-20,0.010554741756143349,0.021012039478391698,0.013820367777165776,0.015606445980163697,0.004913709794237331,0.016008016639579736,0.03887099116779691,0.04138712802336375,0.0189308968380979
2021-05-21,-0.0007838806801412357,-0.014767160754518782,-0.00531484293957718,-0.005557210907885302,-0.013732853548741542,-0.007469851325778376,0.02595372743780966,-0.010054917128925145,-0.008507940828434535
2021-05-24,0.009911292190138532,0.01331444498065526,0.022882160434249066,0.0291658962204413,0.013084215261017773,0.026563165281949574,0.041372862001144206,0.0440022264046771,0.025907173569188258
2021-05-25,-0.0021252837802967495,-0.0015737477509107922,0.0037484670144605214,0.0007750211276225105,0.004332851226203749,0.00973411467057983,0.0022899386779930975,-0.002885668382965889,0.0034559560112432663
2021-05-26,0.0018768165702687245,-0.00039388778261428836,-0.000913877123697282,0.007380862231556096,0.0018747562447005706,-0.0003967133586267879,0.0033390553335628237,0.023879957500782645,0.004735678641903052
2021-05-27,0.0011653145418315525,-0.012377002448818897,-0.008668414003151215,-0.007406563523765453,-0.010734558114025683,0.015534469705169585,-0.013503149870331743,0.018929840154243482,0.002079949976594664
2021-05-28,0.0007688818911402162,-0.005347832019318766,0.0014839431721249685,-0.002467551528329781,-0.0021794289420000723,-0.012081208502883745,0.04884437008550058,-0.008924522802159385,-0.0050532987379711125
2021-06-01,-0.0004923335226864056,-0.002648386808172254,-0.009131559610595308,0.01032304260266148,-0.0013714148069622345,0.0012169075043813038,0.0012312392262154859,-0.002111268599623961,-0.0013079567157049388
2021-06-02,0.0014469348384307246,0.006276022930824299,-0.0004041845135193123,-0.00444736029967463,0.004765962837133042,6.073410459728201e-05,0.03158716125104455,-0.030100952337768105,-0.004048901026822649
2021-06-03,-0.0036287033416374515,-0.012154038782502097,-0.006429381484365226,-0.009706483951500644,-0.014526941142032901,-0.009448570619632113,0.011413273615449526,-0.05334476431283097,-0.017008544656892943
2021-06-04,0.008834095710505974,0.019022299513853147,0.020674682668663236,0.0195903535890789,0.006027657821926935,0.013219163549148094,0.035858255195314825,0.045754470575515294,0.020649182551797818
2021-06-07,-0.0007967387044511831,7.949645049287746e-05,0.012042018104291508,0.003647334314180517,-0.0025606925929613222,0.018858799739928545,0.002317948432363881,0.010149431698305955,0.009420085416680823
2021-06-08,0.00017502486450582388,0.006671896509185649,-0.004885648071863757,-0.0016067541104681782,0.020669153552085318,-0.008616173054749265,-0.009194574582454207,-0.002544921741878703,-0.0006836868335841073
2021-06-09,-0.0018238673194856947,0.0030769179559022586,0.004038680553392293,0.003960924870480165,0.005220349302289318,-0.010279162674853404,-0.005428954665835484,-0.007968981371759054,-0.002013839986232391
2021-06-10,0.004652243012262192,-0.008022974510041192,0.014393031085184083,0.011291694711930367,0.02087684594544914,0.00669193847998506,0.0038455363213278915,0.018938501740255687,0.011142809825037903
2021-06-11,0.0019484346695590737,0.009832680877467581,0.0025272255470951688,-0.0020244106599612843,-0.0008418265339896758,-0.0036095784887519855,0.022970129244274773,-0.0003770180312155924,0.00048136835022782876
2021-06-14,0.0018152018730952513,0.024577922763092452,0.00775511899485859,0.007698958082094753,0.011067127216432215,0.016633418985391613,0.010855066217662523,0.012789221849023313,0.013235727616945914
2021-06-15,-0.0020116937805257917,-0.006437884906745794,-0.005887147732579701,-0.008379318892371534,-0.0002186996793457352,-5.926511620613084e-05,-0.012778289870732928,-0.029675082579620482,-0.007911338286851533
2021-06-16,-0.005390124612855707,0.003934090100196963,-0.0037932697638013435,-0.005328526454693505,0.0094941835711142,-0.016837487973027532,0.0012227591158093798,0.009193155632698069,-0.0026778787986277974
2021-06-17,-0.00043571559205179966,0.012600478966346973,0.013676436988416585,0.008039773909067849,0.02166464377780497,0.016400863670000154,0.04755681370582421,0.019392614586788648,0.01631248604785207
2021-06-18,-0.013124468779900589,-0.01009133729662992,-0.005634419312417038,-0.013409256102038802,-0.0006706583139327593,-0.020355958496601767,-0.000991343976996184,0.010882243306208794,-0.007327302643152622
2021-06-21,0.014002289962720793,0.014103691922037864,0.012334755938847142,0.014166039508802797,-0.009446804682075038,0.007977933170232765,-0.011347466379975968,-0.003978800587379316,0.005308720953369317
2021-06-22,0.005124491902218642,0.01269829009650536,0.010965884849606367,0.004252359959189933,0.01490466106187549,0.020283473141075037,0.024935882833528655,0.004638983624974058,0.012683750724616694
2021-06-23,-0.0010832833431588806,-0.002089747049525359,-0.0009037826170731345,-0.0016633728476487253,-0.0004621896804161141,0.004601282696762521,0.009027432683403225,0.05268476618207507,0.009525796281798948
2021-06-24,0.005811249724885448,-0.0021690343928684186,0.005353031714967704,0.003054136542183228,-0.015622946391951387,0.007604529829545736,0.00777923529847202,0.035411302984154513,0.007298835377916424
2021-06-25,0.0033305973193167304,-0.002248589083257535,-0.006262110022184131,6.935762112636468e-05,-0.013806561613952328,-0.005274227720264313,-0.009085821339318567,-0.011694312026312215,-0.007015593366832995
2021-06-28,0.0023149642620619026,0.01254600868360356,0.013961442029742477,0.00022455010499178307,0.012474089136242261,0.04180220402544599,0.050128590605779566,0.025079265670401973,0.022306638559454806
2021-06-29,0.00027733619326086867,0.011500333181697409,0.009973248040639371,-0.0021504575505623125,0.0012340341405479016,-0.010544273455215025,0.0020892204146187865,-0.011557681931348984,-0.0017747502573771667
2021-06-30,0.0013281596467464851,0.004620793398375289,-0.0018423858897271828,-0.001496664954002469,-0.0023143032508132766,-0.01187879496530786,-0.001211040743866132,-0.0015570796861552605,-0.0038736291234860998
2021-07-01,0.0052216268542757405,0.002263548147372285,0.0025839145255259766,0.0029077135072894666,-0.0020900020900020966,0.01921148913281434,0.010473850445674504,-0.0026188230779431443,0.005642541367824494
2021-07-02,0.007500081663913916,0.019596522957769258,0.022275479393069952,0.02297367632525571,0.022723749230608936,0.0008745827991381017,0.013605543183316637,0.0014456370513082906,0.012479523315793939
2021-07-06,-0.0020218560598241897,0.014718596063787892,3.584982814275328e-05,0.0074446995490788925,0.04692710742205475,-0.005412931216350447,0.010323562438448786,-0.028457809785947474,0.002337575818872839
2021-07-07,0.003358975310182588,0.01795553775682035,0.008175402482403449,0.0022504851862945596,0.005669564076709488,-0.006491300557077362,-0.015786047009888837,-0.02263562857139878,-0.0012027216401869767
2021-07-08,-0.008561024934316985,-0.009200011931925767,-0.008966333495319057,-0.011306607138345082,0.009422227593882448,-0.01380937737910326,-0.023022075786989005,0.012658037290573132,-0.004565214686891195
2021-07-09,0.011277947808795874,0.013055005445948842,0.0018745072256860507,0.003794624481646469,-0.003234704202571881,0.013800203484754192,0.007411016467719689,0.006341837079579804,0.006513077477761975
2021-07-12,0.0034511743312370946,-0.004203812945883234,-0.002231056963236333,0.011607864661248302,-0.00021234814297532711,0.007819169117988523,0.02305469295127538,0.0437628194032984,0.009923904161281305
2021-07-13,-0.0035168126585656267,0.007888945549763937,0.013197956702707625,0.0028824005617786863,-0.011076947823728367,-0.0030297934763670042,-0.012797341398894768,-0.0250255268170938,-0.0030986826186792937
2021-07-14,0.0011649345752446916,0.02410094838933463,0.005445322696098209,0.007032273375668474,0.0011747744165069296,-0.012667228123566243,-0.02017250206914889,-0.022676262535623493,-0.00294840066378399
2021-07-15,-0.0032622408541723713,-0.0044924339525886925,-0.0052387714048111045,-0.009607236982605682,-0.013711143174944485,-0.009118967910797138,-0.04411241359125695,-0.004254796226577984,-0.00821145387831479
2021-07-16,-0.007538854211077806,-0.014075756399061223,-0.0009963324262409756,-0.00027551341971132626,-0.01585423166667732,-0.009580135973017878,-0.04245707931093079,-0.009806316575730722,-0.0087806360640591
2021-07-19,-0.015869512427409305,-0.026914288495504923,-0.013321467317564228,-0.0188390579381984,-0.006727030092302577,-0.012340246558320667,0.03407044805251047,0.003104482057777691,-0.010797368941043328
2021-07-20,0.015162609437855634,0.02597401172888958,0.00833911392807929,0.013096263704658995,0.0066486136498793424,0.013978456702488318,-0.008932501079945254,0.02209778342837665,0.014032976168880662
2021-07-21,0.008241819990835397,-0.005131925070601118,0.007446459376731829,0.010613285999778732,0.003361110852517335,0.013375756565921826,0.042875729165618326,-0.007888019850240235,0.005258497068696633
2021-07-22,0.0020166699583279435,0.009628715087028672,0.016844526522667547,0.006840329140926027,0.014735635895966048,0.014325695144262296,0.00947964145586977,-0.009202007847976312,0.00964674695491019
2021-07-23,0.010145452020822843,0.0119887764012363,0.012336378169237827,0.03576905193411739,0.005115384934792466,0.05296291445365631,-0.001837170429750734,-0.009056424875986235,0.020629572490391546
2021-07-26,0.0023821998626283314,0.0028948738204603863,-0.0021400578289049177,0.0076683277584364,0.01180863619816197,0.007220188128610028,-0.01349861812009212,0.022133069927244398,0.007552636793294321
2021-07-27,-0.0047124448070912095,-0.014900425940695516,-0.00868364689337675,-0.015928682747765155,-0.019846876786293155,-0.012484592939928763,-0.004457279860505703,-0.01952494819687245,-0.01433423883051499
2021-07-28,-0.0001862618826539153,-0.012195841198882063,-0.0011168956828474519,0.03179678664626984,0.0010837371680696428,0.014871913160128702,0.015358243577967556,0.0034120354402995545,0.006583099821066307
2021-07-29,0.004206152980007483,0.004551918501733754,0.0009781556643106981,-0.0023254784791354455,-0.008373940689987869,-0.040077251246781964,0.008152846939494696,0.04694118807422987,-0.004106396564873438
2021-07-30,-0.0054060480514769305,0.0015106811411398358,-0.005549414049596524,-0.007740657478933488,-0.07564890713277761,-0.0056373500470029425,-0.008290199163494272,0.014541928508582602,-0.011134543727754465
2021-08-02,-0.001842805614891363,-0.0023307875851014126,-0.0003160903987485808,0.0009501701228744608,0.0011690369463182027,-0.012208945332546794,0.012872165137643554,0.032697928666004517,0.002514134695798642
2021-08-03,0.0082034265474622,0.012643982509284557,0.008075168540547573,0.005750637326700447,0.01043374884144277,-0.002017268136306649,0.0032913753229601994,9.862621233169833e-05,0.004463725040299904
2021-08-04,-0.004632387901412294,-0.0027820894851374733,-0.0021245068423559887,-0.003719741909700147,-0.0034222398904129037,0.02186553723544038,0.023164118021693936,0.001662548831768751,0.004826668920585364
2021-08-05,0.006005446813494242,0.0007485536911300272,0.010505633591558095,0.008332872840544736,0.006340362999381677,0.011283825726544405,0.01790485547012932,0.005218642492307302,0.008098542977853285
2021-08-06,0.001675266241764728,-0.00476707909386076,-0.000207153338764976,-0.0037650200778893694,-0.009197334693852421,0.0014876157364620557,-0.013131856065135561,-0.021731523084098314,-0.005727969644930386
2021-08-09,-0.0009399082741974318,-0.0003420527606775581,-0.003903651774044281,0.008652577572569653,-0.0009177334401756498,-0.005226838435972603,-0.0034864420054973033,0.020969779282747014,0.002091009302487956
2021-08-10,0.0009926793341701323,-0.003354097045506821,-0.006555218957727371,-0.000774076147188052,-0.006340816609805455,-0.001327373963158962,-0.01768891793172045,-0.005281893495678203,-0.004144121470198714
2021-08-11,0.0012757437876824707,0.0017856138288632195,0.001780508921077839,-0.003859453279681735,-0.008603643493863333,-0.0032399444809303457,-0.011887862661358994,-0.0030563570472872392,-0.0024907960243223393
2021-08-12,0.004146380281677686,0.020773494231326017,0.00996689338268486,0.006714089418674352,0.003459810192938395,0.007473151478998519,0.010457351949841875,0.020386528392057013,0.011171738728849911
2021-08-13,0.001607306655808216,0.0014106318807205476,0.010489699964226107,0.003888546331184628,-0.0028848279463596915,0.0014614953838556488,0.01421747015459629,-0.007033557040173943,0.0017140744981183342
2021-08-16,0.002620850702215849,0.013547873152487844,0.005975821993834618,0.004225882700464201,0.0015239472057770875,0.009306659490333269,-0.01178898989186461,-0.0432254973537064,-0.0020120044162762474
2021-08-17,-0.00706069881494753,-0.0061541314136766,-0.005159464257500801,-0.01191535856438053,-0.01728702615047184,-0.022124681810216318,-0.024661802079337103,-0.02981764971635026,-0.016501524928137723
2021-08-18,-0.010748470745585936,-0.025500889933128823,-0.006119164515983266,-0.008872276121403955,-0.012566487390164305,-0.008369138106155138,-0.02148201691298446,0.03497015710402862,-0.003287975695891232
2021-08-19,0.0012566922329095842,0.002322973474269574,0.02077497959472363,0.001705425635558866,-0.0042078187123096855,-0.00092855716263196,0.03981076074389778,-0.02252568828990298,0.0007477627054786051
2021-08-20,0.008141567655737925,0.010156684042917918,0.025575384241303123,0.012894326088866759,0.003827154714335368,0.011967895272702034,0.05141935112618512,0.010082056516856674,0.014109400646090453
2021-08-23,0.00852379036424833,0.010257124008804075,0.0009528133069316436,0.01900627911859365,0.02060035500127988,0.011074886059410094,0.05486172789442478,0.03827951753459802,0.015987014684248235
2021-08-24,0.0014957363013194946,-0.0006013047374893166,-0.006663344225474321,0.008711564971401131,0.012220318769066596,0.0059446626233889965,-0.007514494091588553,0.0031006472789958384,0.002839048871107419
2021-08-25,0.002220118224179668,-0.008421350089624302,-0.002015695557747166,0.005787063724263852,-0.0019965141547840792,0.007879600616583993,0.019272260389620266,0.0038250458739306215,0.00208225056894884
2021-08-26,-0.005824918819612557,-0.005527028418272795,-0.009668480881817598,-0.004493967455881043,0.005098257262930783,-0.010885401016633156,-0.00652759376655454,-0.01411697599720807,-0.007961494215800391
2021-08-27,0.008807632480425154,0.007184738964741477,0.0021061291701578444,0.018124147969519777,0.01014175672465778,0.022641142787031665,0.025738485326700422,0.015346011908018431,0.013422972796438337
2021-08-30,0.004306570844779589,0.030417059725522888,0.012912218318644086,0.004072849095254405,0.021476998866989616,0.021549620383193968,0.0022972550403188574,0.02667435264494311,0.01940833467847347
2021-08-31,-0.0013491160395050494,-0.008424690048782546,-0.005632272330381771,0.0007399871681719183,0.01438520002272603,-0.003362576059468325,-0.013181131643402288,0.00658083407543808,-0.00022537015582702047
2021-09-01,0.0003116886257619189,0.004478464364440882,-0.00016600954121293032,0.003580083028790426,0.0023654092095504176,0.007037756982659404,0.002501896656914804,-0.0022155233598404322,0.0026436619577598908
2021-09-02,0.002842638410522902,0.0074748853407278215,-0.002253047235414307,-0.013280213888467118,-0.004564478889317991,-0.017720180760631976,-0.002005447445234676,-0.002315788147756681,-0.006821588768788467
2021-09-03,-0.0003350311257153127,0.004230663941603874,-3.2674988176273345e-05,0.0031577925903925053,0.004311086264728647,0.0026114745000156425,0.019958834216412313,0.0016111325842673718,0.0026031542831195242
2021-09-07,-0.003395574405981705,0.015489179424754251,-0.0031881147968492174,0.0037638480116422013,0.008982024369138308,0.015733716737115877,-0.007923541775065823,0.02637783858939624,0.011184457998668407
2021-09-08,-0.001318566739775151,-0.010083550155234544,9.991768085915176e-05,-0.0040859147433477405,0.004619174430729789,-0.012062463920710531,-0.014252906055937542,0.0012617502122473923,-0.004151940066589255
2021-09-09,-0.004605608657393345,-0.006704943653729645,-0.009859870786043556,-0.0010437931198187256,-0.011726004336084506,0.001138869079582605,-0.007251909245946875,0.001313231087076927,-0.0039018119199849544
2021-09-10,-0.007722578759925436,-0.033102021233268,-0.005180620931800939,-0.018566220819624668,-0.004308001431212238,0.0018255277056911101,0.013572528018858554,-0.024627038366134335,-0.010740895950201335
2021-09-13,0.0022764876184568905,0.003893335897122485,0.0043282365118564314,0.010338842787730451,-0.0034532897607970625,-0.005756722311387574,-0.014503066180612367,0.00914066245943812,0.0017306097058877867
2021-09-14,-0.00574663850657553,-0.009561900620747354,0.009428156633007001,0.0014895282354601136,-0.002073980962099431,5.309133038156055e-05,0.00406279152972977,0.0020053498586631857,0.0012711644140248612
2021-09-15,0.008473996979569742,0.0061437434576314676,0.016778340974022532,0.013223923845788521,0.007475391332653958,-0.006931598184389154,0.004451150509241719,0.015231899000174076,0.00732173051804752
2021-09-16,-0.0015511404489350067,-0.0016105166823104922,0.00131226684449115,-0.005673956531012436,0.0035819053548502566,-0.002300135963410055,-0.004431425567072211,0.0015347617076681974,-0.0004316778527400089
2021-09-17,-0.009110872450405094,-0.01834781578365141,-0.017528347309539782,-0.019566805179371705,-0.007373319866162298,-0.02235559545467225,-0.015376240882153058,0.0033025333532406,-0.014053871467374468
2021-09-20,-0.01697731100841482,-0.02136116259072729,-0.01857466419085807,-0.014776310981035823,-0.03084174438431353,-0.024731263998135744,-0.03593586249621805,-0.03860484330594227,-0.02556623960094173
2021-09-21,-0.0008123585165593639,0.003428011966989164,0.0016986738427269277,0.002259756476157726,-0.0036057473697842513,0.005004331343692048,0.006299449378645461,0.012613531089680885,0.00418451099843975
2021-09-22,0.009519611195260236,0.016872329638278005,0.01282238365773547,0.008994445065735768,0.01089234819407503,-0.03991836206002064,0.03271181758476649,0.0169871810945057,-0.00015873518998099634
2021-09-23,0.012134715784494876,0.006719339556794157,0.003282419477470544,0.006647285049413254,0.01063594079605279,0.008012417197879929,0.024656989183996725,0.00226081461648886,0.006257771703225945
2021-09-24,0.001461009046688222,0.0006127802563837825,-0.0007012924690706912,0.007074050908143059,0.0027868730462519142,0.02023358743029058,-0.017836491755662487,0.027533059916662994,0.010885751752532702
2021-09-27,-0.0027763826213396126,-0.010549995322275074,-0.01730419039487474,-0.008037069435185007,-0.005756835077931344,0.0017566005186635536,-0.01906618419860251,0.02191406322043732,-0.002031247676778092
2021-09-28,-0.020364110556098214,-0.023801244566478474,-0.03620329328840277,-0.03715816821344886,-0.0263784679831095,-0.03656887004757747,-0.044367405444014185,-0.01743835612317879,-0.030419196531041526
2021-09-29,0.0015691842194003325,0.006483065740632732,0.001692957246683502,-0.010870307823517833,-0.004475351789266391,-0.0030529040536858565,-0.008792826724224878,0.004822778775393388,-0.0006075499518199967
2021-09-30,-0.011909714125195148,-0.009311816070660006,-0.00732386032626553,-0.005042724271837162,-0.0048710792439015105,-0.0006476399342577599,0.009699494248042617,-0.0074618094773734045,-0.005072452085493673
2021-10-01,0.01149147763018199,0.008126954612632131,0.025468113174112572,0.02144741828160668,-0.0005418778291703674,0.010666068337134016,0.0012549554040162114,-0.0003352887910832436,0.010846155289450099
2021-10-04,-0.012985898136748442,-0.024605283880620554,-0.02071964060515874,-0.021117933168046665,-0.028471678341373097,-0.0489199290978416,-0.0486935816645524,0.008139621398127295,-0.024157980927335232
2021-10-05,0.010524514660609219,0.014158068341894925,0.019957014871900824,0.017683071006207696,0.00978753803838428,0.020629478837785653,0.03643826336795586,-0.001202850103416031,0.014077537438730303
2021-10-06,0.004102792854185466,0.006307097084627511,0.015064540393735504,0.011336398315618945,0.012732016728672857,0.002042498126080927,0.012175668138959761,0.0027671424905384434,0.007777585517030783
2021-10-07,0.008298280656405366,0.00908464846580026,0.005936193532240175,0.012067070328197094,0.012391203105561077,-0.013247795914716143,0.0181159604275003,0.013874260399496352,0.004655035181617029
2021-10-08,-0.0019137230947889883,-0.002721600104003574,0.0,0.004025822382451194,-0.004181805261295635,0.0025209421752068195,-0.011577931513795936,-0.010231834522373306,-0.001968240231067342
2021-10-11,-0.006865763848056816,-0.0006300695019830771,-0.0021028288551461216,-0.006234617890596761,-0.01286860335091844,-0.013937165532867168,-0.006528772297035856,0.008211528565575943,-0.004650606775956634
2021-10-12,-0.0024167805585421087,-0.0091028210300369,-0.004588186566530594,-0.017744827522134576,0.0003172745113595443,-0.005162276538007382,-0.001159447004267844,0.01740026730336086,-0.001556712578027919
2021-10-13,0.00302251448379387,-0.0042398122293269,0.011711355091094777,0.008303618438683324,0.011378601203982708,0.002378348624862525,0.012964822197133685,0.006652379022320076,0.006406084300984549
2021-10-14,0.01706310194558336,0.020225632731261545,0.021733817783004206,0.025940798540404986,0.004743759227551214,0.012294300634219546,0.03854078122077831,0.008926471099504285,0.0153276276560661
2021-10-15,0.007460210377712606,0.007512347481070547,0.004822529095811046,0.001537262868793965,0.03308023939004423,-0.011475223827476011,0.005334245708039198,0.030195999501915205,0.009375521183712987
2021-10-18,0.00337476955709759,0.01180612974290729,0.010124706433898956,0.009973991523525516,0.011064772529006062,0.03257777712644083,0.01646708589105339,0.03212224493643445,0.0202847684663503
2021-10-19,0.007393339551406308,0.015080287389165115,0.0030590339672340594,0.0032148915463718897,-0.0007514424560826072,0.013866649818539356,0.00305991978106257,-0.006711860640270406,0.004384842398444055
2021-10-20,0.0036640298040166996,0.003361122796242677,-0.0026602675902379636,-0.010248871593327435,-0.008446195751808605,0.0023234970423211543,-0.008389688149060714,0.0017703140411262641,-0.0014990746633849472
2021-10-21,0.002995871849622578,0.0014736138147166677,0.010897419719017254,0.0008253740978838575,0.005841756945129006,0.0032279831948447413,0.02664814206186006,0.03257101073349511,0.01114506779767166
2021-10-22,-0.0010725536274130976,-0.005284908603488847,-0.005148531009319113,-0.03044348819760412,-0.028954833317208384,-0.05051487836540869,0.0014982293538243763,0.01753910755951127,-0.0165404904878087
2021-10-25,0.004748196569493546,-0.0003361866528442947,-0.0033317806786509196,-0.0008685694782429865,-0.004550989805058192,0.012568994676232625,0.019361225140941185,0.12661598362581983,0.029333425286489856
2021-10-26,0.0018197952535197182,0.004574788689581499,0.006425855069639441,0.01354310841484252,0.01677526160393561,-0.03918586197760876,0.0669514530747981,-0.006274050392506725,-0.004300529583912582
2021-10-27,-0.005051568068462853,-0.0031475944385428445,0.04211423002829551,0.049595227095339256,0.004863638245470758,-0.011367558646728115,-0.010761694121693255,0.019078438805710585,0.015722558288949973
2021-10-28,0.009829281576461124,0.024991730145746516,0.0036511950776350055,-0.002520260858819956,0.01594115275917063,0.015053487647989083,0.020040054001460694,0.03775074872979922,0.017429129303842883
2021-10-29,0.001949334719149265,-0.01815563250413077,0.022414102416377757,0.015063594457618734,-0.021511245053778105,0.020983105853500827,0.025099242420469015,0.03431629436179362,0.015113261679241763
2021-11-01,0.0018000771431341267,-0.0056073133054934665,-0.00678487824576357,-0.030727019959974622,-0.01610709978002456,0.019810341439121082,0.010169339741926464,0.0849102277797451,0.018600097435129692
2021-11-02,0.0036803630854131963,0.007116142487915145,0.011415764937833695,0.013487973299648015,-0.0016154097805501921,-0.005758041474945963,0.022224771074993876,-0.03027499529203259,-0.004696589229005288
2021-11-03,0.006461279195357994,0.00979837914604409,0.0026114821903429064,0.008014239084652042,0.021507811127532195,0.010790145158613873,0.007461754139483023,0.03571673801973452,0.01620506542382638
2021-11-04,0.004181942361150437,-0.0034982888580612492,0.007305266545346578,0.011388191419544613,0.02748232410840923,0.012755619333652213,0.12042275122850477,0.013222297879683653,0.013511858653266318
2021-11-05,0.003732799652949259,0.0035821909271280816,-0.001129314634350287,0.003942157238635113,0.01207642928374364,0.015721212473621016,-0.0016442572300918723,-0.006358169933862068,0.003465550553286123
2021-11-08,0.0008877879113036169,-0.0055526017335931765,0.002767401014594828,0.0012025792232996935,-0.008527948857282919,-0.0073578309327198,0.035358974062497106,-0.04840070953386311,-0.014242632111661324
2021-11-09,-0.003498775895770745,0.0024593379245669844,-0.003086390578619147,-0.0007548458277396586,0.025007238016599764,-0.009597823414884243,-0.004772157210866879,-0.11990303254359846,-0.029822948415335726
2021-11-10,-0.008225823395229703,-0.019163231981941253,-0.015329428900407893,-0.0203131809267868,-0.026334994227121156,-0.023049104322961367,-0.03907748362300967,0.043429451929624774,-0.006373000806792151
2021-11-11,0.0005509400447352153,-0.00033818137200947174,0.004927299897623305,-0.0008705969797330182,-0.0027425987825921982,0.0003051452302922364,0.031603120024242815,-0.004157528824601631,0.0003164141690588096
2021-11-12,0.007222656026415475,0.014337166790248324,0.012905123882073877,0.01997372125643837,0.015162029225161966,0.04012325755591961,0.0,-0.02829310201599211,0.0098907082079418
2021-11-15,-1.0739820344718431e-05,6.647432045059354e-05,-0.0019303301521147453,-0.0015200965338801886,0.0058238044631160335,0.019566569301460168,-0.012010506095591844,-0.01938224449936754,-0.00015156011420591753
2021-11-16,0.003865229864862485,0.006666827302262979,0.01023583112413018,-0.003879818763779741,-0.001404486161877938,-0.01323536414523141,0.005928417621016369,0.04079376842602822,0.008524921166745969
2021-11-17,-0.002601625374463401,0.016489781027997807,0.0006786888541379099,0.0011562814843582014,0.0023441312596286235,-0.0063855635159975055,-0.03118892137135043,0.032501208284666294,0.007588553955675259
2021-11-18,0.0033847802152713324,0.02853608416515785,0.006340035164655644,0.012100937032869075,0.04143700734081479,-0.0061038382365727895,0.08249889014140543,0.006767610267700563,0.011929402028119762
2021-11-19,-0.001398665559303236,0.016976119415946345,0.005391460670177262,-0.006086611996531821,-0.005273114275827329,0.01951642740676851,0.04135749793542254,0.03710391800920432,0.01543402687132489
2021-11-22,-0.0031971365563219223,0.002927529715105903,-0.009559752790230025,-0.01762278101991588,-0.02828730052206352,-0.01242394156222082,-0.03119591968319002,0.017422122080461122,-0.005843239734028227
2021-11-23,0.001657132912945114,0.002422070036853574,-0.006326605081682923,-0.0035542618534816217,0.0020909577736383245,-0.011026088102813802,-0.006571578599862238,-0.041352932727292124,-0.013868098010775265
2021-11-24,0.0022938506357221833,0.0032836200914965197,0.0006812140881449213,0.0023184844516419556,0.00010331533981333685,0.011297334252668545,0.02923195743192708,0.006284772484400847,0.005261104649517012
2021-11-26,-0.022724822637582465,-0.03167869218214192,-0.024355527763658236,-0.026943517839446263,-0.021184701669844985,-0.023280465485068014,-0.03583887390061158,-0.030537595031082,-0.02646585902076315
2021-11-29,0.013200199537034996,0.02187402234573055,0.021081101624301324,0.023543597890618884,0.016267432688752415,0.014739607971244073,0.0594546304204826,0.050900227900227524,0.027352308952870663
2021-11-30,-0.01896131033450521,0.03157746549804341,-0.017942528471200925,-0.024963796524909765,-0.015302274022490625,-0.04014469279441912,-0.020973178669873915,0.006833823403773698,-0.01211452618603781
2021-12-01,-0.011815187417889228,-0.0032062525128367936,-0.0015428676178255163,-0.00596219277897414,-0.0180634873037836,-0.042716964761769005,-0.03786114472576774,-0.04346763456194869,-0.023850107658976438
2021-12-02,0.01419443613158311,-0.006129628162365286,-0.0017874066656792253,0.013573141105442499,-0.0018468889124809706,-0.0006759013154421512,0.021982068862551385,-0.00949773919092467,-0.0019772938221311875
2021-12-03,-0.008448563730297565,-0.011724399971536403,-0.0196667737406655,-0.0067464131235289715,-0.013839076006382012,-0.011437353249157067,-0.0446056752311641,-0.06419876077133224,-0.026520067903182176
2021-12-06,0.011730872577451423,0.021502393288684196,0.009844895601009096,0.00812315849972478,0.011086219388703134,0.03594701453927929,-0.021372882353142608,-0.005872086315763081,0.012249836153714888
2021-12-07,0.020707080374404274,0.035446480762313604,0.026763417538672396,0.02874170033255541,0.027986504263362688,0.01554112548258102,0.07956837272128725,0.04235837141187604,0.030277706962928308
2021-12-08,0.0030852853123166657,0.022783226573978466,0.00014945343749950268,0.006226484933665288,-3.689871657430732e-05,0.02400773135813372,-0.018533796777943423,0.016363195584229162,0.011597899669955503
2021-12-09,-0.007181080169894716,-0.0029702909507698383,-0.0055825205080093365,-0.0036980715554243426,-0.011279643604146683,-0.002238648473111726,-0.04197840376077344,-0.06095644581905246,-0.0186455104050387
2021-12-10,0.009549073338481762,0.02801324990325682,0.02833997498335461,0.00245874880936392,-0.011247564604614624,-0.00021217123699091012,-0.009576809234018824,0.013179927022311633,0.01087301799509155
2021-12-13,-0.009136167611567658,-0.02067403213425567,-0.009166865104547783,-0.014695650964301255,-0.015356076499860039,0.014374555651829324,-0.06745490649710939,-0.04977243020772948,-0.01685004860003525
2021-12-14,-0.0074706775774360246,-0.008023556781882712,-0.032587007085378095,-0.013162936685047089,-0.0028071293797337082,-0.0022423640559332547,0.0062498180568861805,-0.008174578197676419,-0.011806049673882213
2021-12-15,0.016348464630746795,0.02850936632021006,0.01921771301774844,0.01760862769482019,0.024977573145925636,0.023731282409299004,0.07488442631192394,0.018236618133556703,0.022654739656751355
2021-12-16,-0.008743415379980468,-0.03926390528040635,-0.029134947647685316,-0.013630184550694868,-0.025641174633125208,-0.019785974953360874,-0.06802575596006377,-0.050277132790258694,-0.03164753189649716
2021-12-17,-0.010287680637092622,-0.006501782174922699,-0.003385501777582234,-0.018830497758656528,0.00678920370502567,-0.0033142732973525657,-0.02064346202744416,0.006095449446181567,-0.0024027643109494345
2021-12-20,-0.01138805785140995,-0.008122064736198586,-0.012013663066174796,-0.0008327850632919853,-0.017283556389377508,-0.02498579427460279,-0.0029494735454356213,-0.03498927121736173,-0.018757608043107443
2021-12-21,0.017777934551572505,0.019086907681238108,0.023069144453458534,0.01317389671693614,0.019978649621920752,0.026885917415274685,0.0489194784663336,0.04288056302579579,0.026777824394621952
2021-12-22,0.010180197220578835,0.015318979399924437,0.018057500673309912,0.020509181204787952,0.0036381058820253998,-0.011220905607053355,0.011178012714780694,0.07494705523716627,0.02165473984858668
2021-12-23,0.006223699921661829,0.003643705233116412,0.004471504657018288,0.00342496694816119,0.0001841364158221559,0.014495288074290569,0.00816334118117501,0.05761886305530961,0.017918777107354567
2021-12-27,0.01383893524747526,0.02297487352984695,0.023185808910535233,0.0067384996558383925,-0.008178022851368039,0.032633384008811994,0.04402839946266823,0.025248391499066658,0.021030139577161933
2021-12-28,-0.0010101548486260992,-0.005767200914085446,-0.00350424192626575,-0.008245001818880215,0.005843719029521299,0.00011539699226292832,-0.020132548432012842,-0.005000275342793459,-0.0030720756488402667
2021-12-29,0.0014018951394270118,0.0005018886427623492,0.002051321790727645,-0.00021796443838439927,-0.0085549217086347,-0.00947343448251392,-0.01058653512321861,-0.0020947102761840197,-0.0032470623647700148
2021-12-30,-0.0029897555945093135,-0.006578165160641469,-0.007691347399889303,-0.003099206021613843,-0.0032890070546229833,0.004140444359762574,-0.013832813596960869,-0.014592268383646134,-0.00578793776383435
2021-12-31,-0.0026261799136575448,-0.0035354968570350254,-0.008841092646011517,-0.009223535890177992,-0.011429400216389607,-0.023260407115529236,-0.005914823849652806,-0.012668840823859995,-0.012580240847405832
2022-01-03,0.006374052530970564,0.025004384494602183,-0.00466815398103082,0.0009628769464899989,0.022118320898886212,0.006511052731566602,0.024140594949736416,0.1353166841897706,0.03747618934755037
2022-01-04,-0.000629621957060511,-0.012691725261154474,-0.017147155740980247,-0.004082833301932376,-0.016915587005979504,-0.00593724748444735,-0.02758871176230815,-0.041832696836128,-0.019483302634295763
2022-01-05,-0.019392757790687165,-0.026599837275663396,-0.03838777690439277,-0.04587636127468253,-0.018893091563845,-0.03672778033205015,-0.05756226039891543,-0.05347121367683638,-0.03936580061060302
2022-01-06,-0.0009637690162076495,-0.016693326160801325,-0.007901914487619344,-0.00019950101328447545,-0.006710981961323137,0.025573062102882238,0.020793863957277114,-0.02152337383085412,-0.0036257178072917062
2022-01-07,-0.004050216740091761,0.0009881720962843232,0.0005095066110489821,-0.005303279741732392,-0.004287778294336242,-0.0020153680006923524,-0.033039859093302426,-0.035446567451716815,-0.010280376806231062
2022-01-10,-0.0014410312534549607,0.0001164548115064612,0.0007324938775059575,0.012060725919840865,-0.006570176170610398,-0.011211808968817905,0.0056154070042675475,0.03034195341380186,0.005206119104439244
2022-01-11,0.009159984668711818,0.016783916160851398,0.0022591819523487544,0.0076906841044828145,0.024002125643924677,0.019203257704528687,0.015218937913872077,0.005935024657598653,0.01164935744866713
2022-01-12,0.002817754443029452,0.002569874268271821,0.010445090986140437,0.01212654238456956,-0.0009373300985386912,-0.003319709514856828,0.006542676399802216,0.039289748931841784,0.012151187465398783
2022-01-13,-0.0142436152864307,-0.019027841409034796,-0.04232247335946815,-0.020105267629003665,-0.024169655027437842,-0.020344396669159548,-0.05085881260777558,-0.06749107331435766,-0.037114608324000264
2022-01-14,0.0008199802697488323,0.005110477143134284,0.01771658382223018,0.006447179138788561,0.005731487003565627,0.01660109445032565,0.013809726930553046,0.017497758575059086,0.013497902377752391
2022-01-18,-0.018387945694007368,-0.01889404244329662,-0.02433908484001779,-0.024967673193639572,-0.019862738846190164,-0.04142810145263276,-0.038564233755100874,-0.01819724123253097,-0.025901888433022435
2022-01-19,-0.009689541868338813,-0.021024793176119383,0.002246583732312235,-0.006481683262889337,-0.016477101806013472,0.004526184785351939,-0.03227412795008233,-0.0338278969185718,-0.012058259375851033
2022-01-20,-0.01103737849414832,-0.010347122405147902,-0.005703295774934447,-0.013388271705241261,-0.02963230963415675,-0.009480828603551705,-0.03658216220130894,0.0006227038828787723,-0.009501333299457793
2022-01-21,-0.018914821867908604,-0.012765006027098735,-0.0184680042582982,-0.02217435912093657,-0.05950180896147472,-0.04229843123089383,-0.03213238909561478,-0.05256606712507206,-0.036180470308873836
2022-01-24,0.002771738943381896,-0.004864359375735927,0.0011483052501199964,0.003471276018952807,0.01332698348311534,0.018273526398025153,-8.559728757151497e-05,-0.014726129872195681,0.002045675939897462
2022-01-25,-0.012171906253646725,-0.011384478952796817,-0.026588179733617934,-0.029578555663134387,-0.031533745543573244,-0.027728236132077422,-0.04483989361480323,-0.012473124842489969,-0.022983182272583225
2022-01-26,-0.0014966358477518371,-0.0005635618827023459,0.028493174423068535,0.018103677883936076,-0.007954330670553511,-0.01839078978166464,0.020068089751372753,0.02069905258271132,0.007785649607813916
2022-01-27,-0.00538408875771057,-0.0029430030826071985,0.01054904587500749,-0.0017641536205807995,0.005508645722495764,3.387080217009952e-05,-0.03636058334427039,-0.11554175561970448,-0.02524291867760775
2022-01-28,0.024347646888076113,0.06977766780000527,0.028081627407698484,0.033688558171441674,0.031084056738273746,0.02399524365829797,0.04083121585116434,0.020805692766870276,0.03169092625091041
2022-01-31,0.018885951732779516,0.026125652496498786,0.008823712636247594,0.01464186349607366,0.03886361030218932,0.0382818438571122,0.07206659230968282,0.10677611383930952,0.0428968105813865
2022-02-01,0.00686300355780145,-0.0009726327596475404,-0.007138669758423255,0.017298110454866844,0.010830762802234384,0.018323348210465662,0.00620777487435431,-0.0058395266373975074,0.004028915894653373
2022-02-02,0.00942251544733641,0.007044177427761866,0.015222079014106438,0.07523747196486341,-0.0038427158906232384,0.012539289356206185,0.024514949911786488,-0.02747919159891432,0.008163820582042902
2022-02-03,-0.024391082077444004,-0.01671992227569341,-0.038952553196275885,-0.03317572051081674,-0.0781276325178123,-0.26390098843868215,-0.051263858871994694,-0.016032495024879134,-0.0859538474929602
2022-02-04,0.0051569298644233985,-0.0016790776651134376,0.015568748762962548,0.0014187222373140962,0.13535901735711864,-0.0028178328954966414,0.015492011217299151,0.03611110968421327,0.025922821500713233
2022-02-07,-0.0037017126347429485,-0.004234673800420974,-0.016310608481084232,-0.02855662287006633,0.0018777353189827206,-0.05137290806917505,0.01681803527033443,-0.01730718642133755,-0.019759648617344805
2022-02-08,0.008401207191663262,0.018466933283759923,0.011995244623134393,0.0014222661359493127,0.022021627828944013,-0.021030768988175796,0.015367169518917256,0.0161571905234128,0.008300282113256063
2022-02-09,0.014517207887505545,0.00829374301330943,0.02183500000413474,0.015731711685398775,-0.0013877341505965646,0.05368346883355457,0.06360532651237105,0.010845920427172029,0.020107669119570737
2022-02-10,-0.01811572566845976,-0.023599049439457342,-0.028372941048893652,-0.020989907561028254,-0.013561706274733853,-0.016939691603497176,-0.03299004688503704,-0.029452771017468238,-0.02359068890663185
2022-02-11,-0.01896945434456343,-0.020218461423032075,-0.024274210911416905,-0.031290444607077195,-0.03591110674363196,-0.037356909697111806,-0.07260701308759321,-0.04925102969626416,-0.03484426143189967
2022-02-14,-0.0038405967262932217,0.0014231410203122685,-0.00013529698916181498,0.009260465921446581,0.012221683270054351,-0.008426343219205878,0.013278415204512672,0.01832566437213501,0.005555036897725518
2022-02-15,0.01576672117072042,0.02315257810716398,0.018542250867517263,0.007987421825703445,0.008658352201907249,0.015158564244998951,0.09181165961939697,0.053290764282768466,0.025603926360576512
2022-02-16,0.0008812077558950637,-0.0013889605505488234,-0.0011672738774877178,0.008268054336688202,0.010159039538768955,-0.020181152558876092,0.0006038979655498267,0.0010407532409399955,-0.0015004803882738837
2022-02-17,-0.021173138152195015,-0.0212692477422457,-0.029282348646641476,-0.03774570924195364,-0.021808901106176726,-0.040777594444101006,-0.07559111034737376,-0.05094269900666093,-0.03617109523812645
2022-02-18,-0.0071661613961429005,-0.00935570491811133,-0.00963080179491127,-0.016115893940319537,-0.013261957754408193,-0.007462296031954918,-0.03529614958751148,-0.022103035296720752,-0.013761073851289884
2022-02-22,-0.010142945264832837,-0.01781219350373464,-0.0007295115120647955,-0.004520620315492607,-0.015753494788264932,-0.01979040702787771,-0.010658958040617894,-0.04136624223452856,-0.017934363747590165
2022-02-23,-0.018412122845487655,-0.02586399781612647,-0.02589308926901801,-0.017143906103110784,-0.03575624663287669,-0.01796324887896361,-0.04288162101046977,-0.06997917599526948,-0.035110917372099815
2022-02-24,0.014956856067329216,0.016679983281330468,0.05109350040179517,0.039995876850284606,0.04509522427819257,0.04610738023980465,0.060794207864230954,0.04807345500262783,0.04325286636666803
2022-02-25,0.022372677655603468,0.012965435639287648,0.009233095045349637,0.013328130590391618,0.01605793012842116,0.013872664199363394,0.017222654018604455,0.011364031324829549,0.012401303011458475
2022-02-28,-0.002442603440647617,0.001637736035685844,0.004978333844766203,0.004443770026388405,-0.0014662630028149382,0.002613151273704206,0.009438162285890783,0.07477746853358713,0.018557800795920176
2022-03-01,-0.015473503680411893,-0.01162774043280801,-0.012852022470220659,-0.007371166131314055,-0.015765550251120253,-0.035729381754932565,-0.03723596000111595,-0.006962143345558558,-0.015380957214217394
2022-03-02,0.018642691757321028,0.020588103784636047,0.017765585069120293,0.0038042915204696826,0.0060241839623909055,0.022703647307942942,0.03182368752613329,0.01795529711451649,0.01632023636042801
2022-03-03,-0.005254666430088317,-0.0019811271668228603,-0.014224176138828315,-0.004993568232055545,-0.027319556126581324,-0.02469839285236075,-0.020891613425398248,-0.04614210448825773,-0.02248271183883821
2022-03-04,-0.007934042550334475,-0.01840822875062631,-0.02047855667552967,-0.014884576005702255,-0.0152637929917393,-0.014337071284761693,-0.03280781995363102,-0.0011915196265851469,-0.013850698727653432
2022-03-07,-0.029518158313449172,-0.023717717482337197,-0.03777685290257271,-0.04190831699553477,-0.05622045424233624,-0.06293119947644055,-0.06906148960051262,-0.04021280504200253,-0.043825885874286485
2022-03-08,-0.00723375351819977,-0.011676131679847046,-0.010971485109749213,0.005744803302078161,-0.010465446730283379,0.015042473202728335,0.007587054626632339,0.02463394210323222,0.0034795601221284667
2022-03-09,0.02569824789143582,0.03499760793282802,0.04585833707551901,0.04968733615480736,0.024001199930983708,0.04314467505505282,0.06972176160575883,0.04193357517885765,0.04137489871833755
2022-03-10,-0.004291813651667864,-0.027186291147359043,-0.010086594195757304,-0.007423837094749475,0.05412515560997311,-0.016574353602297753,-0.015468780587509334,-0.024063755330148706,-0.009136194164506617
2022-03-11,-0.012961545123475138,-0.023908556863932895,-0.01932830921598605,-0.019323504478417464,-0.008806846762653975,-0.038932593959259965,-0.024626969943834398,-0.0512345859010529,-0.029272669699432097
2022-03-14,-0.007421002465963666,-0.02656251728309278,-0.012961299279729666,-0.03018014069265995,-0.025229488143872714,-0.0052233758528626995,-0.034841681652573286,-0.036436802368687404,-0.02263219259713134
2022-03-15,0.021408574170870942,0.02967749506380546,0.038742858948195735,0.025779956252809155,0.038867730338306705,0.028934161650918444,0.07702764411858642,0.046348355546253384,0.03699315473674747
2022-03-16,0.02238376135718223,0.029015348178158762,0.025213318426307252,0.03159878046721176,0.038933563723705156,0.06040724602329228,0.06629512886833733,0.047812040425278646,0.039625814445900076
2022-03-17,0.01234781757145198,0.006454001190205894,0.0028193306258765816,0.0041905095655943025,0.027007748989816838,0.02067474603476316,0.011022362796861973,0.037335010469022656,0.017343156377509716
2022-03-18,0.011662294827948783,0.02091890274445629,0.01764771046504543,0.01708376993642191,0.025512151358369817,0.041618765940387936,0.06811738679362311,0.03876779427650434,0.02880159777432878
2022-03-21,-0.00043466036210393355,0.00853774642055316,-0.004227265312268691,-0.00017629772961935686,0.0014945523217748669,-0.023095798492627773,0.01062273456597751,0.017417963888751054,0.0007151626435446534
2022-03-22,0.0113041136006502,0.020800477628610814,0.016379320755747218,0.027674254525340114,0.02103830044237709,0.024398107045296324,-0.007855204046773978,0.07905243778179138,0.0343776918090517
2022-03-23,-0.012272698789159042,0.008233619234026435,-0.015029859584167582,-0.011385714290422011,-0.008981816492546923,-0.014724072718325765,-0.03355441075422694,0.005161136057840299,-0.006344174306789574
2022-03-24,0.01434391292056647,0.022677869261860106,0.015392844289012553,0.02384013244518024,0.0014779010051912955,0.028623585654482087,0.09815073793761764,0.014823128420135223,0.01903163535659602
2022-03-25,0.005066170567449069,0.003734191895649719,-0.0013811319951638756,0.0007134399984372042,0.006868294014676479,0.010247332898649208,-0.016269993632878732,-0.003234937980317265,0.001579329234180804
2022-03-28,0.007144955276586762,0.0050364790080958954,0.023116221887591326,-0.001535285873114245,0.025592678900108856,0.007979372829476583,0.019030841417658317,0.0803450783611821,0.03024387398084194
2022-03-29,0.012256547427530462,0.019134542362065465,0.015159322382142015,0.007422563467702092,0.00192027764251268,0.02804239252949947,0.015485843980528102,0.007079858095940583,0.013222028689415133
2022-03-30,-0.0062937001746978805,-0.006649636558290539,-0.004914069032629809,-0.003978538189632563,-0.01780118433038691,-0.008744434873864226,-0.03371013508296716,-0.00507475414515135,-0.00781729352891547
2022-03-31,-0.015652540713177343,-0.017775680324831344,-0.017683260014680124,-0.02022717442179156,-0.019864567358571672,-0.024094784624747567,-0.014590061701229451,-0.014981813142339484,-0.01847939216633765
2022-04-01,0.0034102225843584133,-0.0017182596025342445,0.0036008675993854933,0.0077875507457438875,0.003450973226124532,0.011198000455697299,-0.02103633200693611,0.006486599368272561,0.004824231194306083
2022-04-04,0.008090938687879357,0.023693669593262356,0.017936185740724753,0.02012850928202381,0.029264484561530857,0.04020468015942669,0.024258583123534683,0.05611341298759176,0.03387446601142763
2022-04-05,-0.012551720801807331,-0.018942130669913126,-0.012985077708486115,-0.01665019092269071,-0.025492089193307588,-0.008764891805669306,-0.052229528697651406,-0.047308971544201106,-0.02475484999008859
2022-04-06,-0.009716916613271898,-0.018450719084324607,-0.03660573223085839,-0.02875716382831006,-0.032300120131985244,-0.03683566153628948,-0.05877132887526415,-0.041694894294368345,-0.03485882949068431
2022-04-07,0.004253385628492534,0.0018040103848990796,0.006243680061090995,-0.0048299231550966715,-0.0061194323502751224,-0.0015675999638902205,-0.00815330984268281,0.010996816105212748,0.002803282893789616
2022-04-08,-0.002651026482054286,-0.011908907827985482,-0.014599842820319231,-0.019140635864697386,-0.021066740550443774,-0.0027807987300684234,-0.044985237117698196,-0.03004944796541842,-0.01810382229357599
2022-04-11,-0.01687729010355421,-0.02551607017813473,-0.039431642872807204,-0.033491483574910164,-0.021613947156313595,-0.02640210560552214,-0.05199187392988314,-0.048328086073804455,-0.03535946927243616
2022-04-12,-0.003417447717741773,0.011523655969291502,-0.011218110032433781,-0.008608668133258446,-0.002213363562407644,-0.010717917935639032,-0.018843893871223205,0.011291813566499442,-0.0013395376162198547
2022-04-13,0.011174577597236057,0.01634257841032749,0.019712215904565955,0.01706525001609016,0.03152445706895657,0.003969416173551732,0.03250581028897814,0.03588835603591267,0.022164422156475627
2022-04-14,-0.01214413784439794,-0.029988440277506356,-0.02708426245326545,-0.024358143508585672,-0.024652684274885983,-0.022373361631505828,-0.042561807669086904,-0.03655231880843268,-0.028857266964495643
2022-04-18,-0.0002048682840329885,-0.0013308367045101743,0.0024656435551970723,0.007468642431030181,0.007109164667870926,0.002807312804420148,0.024696479920246484,0.019583733431163042,0.007885037813406104
2022-04-19,0.016057604355527166,0.014115224312661434,0.01703988164633441,0.018268871150884936,0.03488883060861969,0.0310290527834578,0.01905155853024909,0.023758093445249484,0.02300307437979643
2022-04-20,-0.0006184750715809706,-0.0010156142677121283,0.0037152079840359065,-0.015145165842029962,-0.026041044919075107,-0.07772312877767584,-0.03225514642025018,-0.04955503671370076,-0.030315257727771328
2022-04-21,-0.014752948498371943,-0.004843377128136095,-0.019380890594149602,-0.02519147740315253,-0.037026427673936824,-0.061620549753570675,-0.060469135958388875,0.03231684066245499,-0.014283132798679321
2022-04-22,-0.027740054250753654,-0.027821464839918986,-0.02414458153207011,-0.04149351569765003,-0.026608937569704394,-0.02105611347218528,-0.03309731924664194,-0.003697576672395231,-0.0208237110400743
2022-04-25,0.005697936985382235,0.00673716247711309,0.024413279130771848,0.028741540411207467,0.011943186356370372,0.015642969152941166,0.019831198470884104,-0.006994645387893739,0.011107208843876837
2022-04-26,-0.028146308431003852,-0.03732798751759925,-0.037403687926499285,-0.03594588047467784,-0.0457507730510871,-0.03230134191124856,-0.05597450905831414,-0.12184121881948873,-0.06043607475914303
2022-04-27,0.0020980468517017847,-0.0014665999717594635,0.04810869595040934,-0.03670883174709805,-0.008781047317448887,-0.03315809836688699,-0.01985305131915882,0.005807678470473254,0.0019017002105825576
2022-04-28,0.02474690007293945,0.04515504447949703,0.02263288575893463,0.036992129151176334,0.04653418536434306,0.17593580006311393,0.07423288148212404,-0.004537702888526063,0.0466472688165851
2022-04-29,-0.036284507106413955,-0.03660458381888054,-0.04181209764457683,-0.03723339716297713,-0.140494377749234,-0.02556747096087919,-0.06243040567029168,-0.007692220213591394,-0.04181201972459481
2022-05-02,0.005675242812353654,0.001966372891767376,0.02504313605272901,0.02167649223009649,0.0017580913238786078,0.05317508565571405,0.05316221787912756,0.03695628471433299,0.02738560787590094
2022-05-03,0.004837126381486367,0.009622759802349945,-0.00945598411291304,0.006441775700534391,-0.0019799044812061073,0.004262775017743081,0.00353237646586102,0.006988279761963367,0.0020333121398428133
2022-05-04,0.02986242108440229,0.04100818557854469,0.029100781579074697,0.041991360924183097,0.01348046853293483,0.05367163340890646,0.03734338238490564,0.04769864576468552,0.039396848980500776
2022-05-05,-0.035649708609806985,-0.05571608924988225,-0.043554856504524064,-0.047075548911463816,-0.07561036490424522,-0.06772298834547819,-0.07327636265643167,-0.08328615317548016,-0.06355123701779453
2022-05-06,-0.0056742248424840325,0.004727166658577975,-0.009446701147575176,-0.006514700506553894,-0.014041240035030156,-0.021653657503530654,-0.008968334791335408,-0.008737180698190294,-0.009726331856079073
2022-05-09,-0.03203710063235676,-0.03318933409249614,-0.03694520752683661,-0.027953357775821197,-0.05213354825727934,-0.037100538114706594,-0.09236943312599832,-0.09072948807249681,-0.05134372597044867
2022-05-10,0.0024578974498534745,0.016112175570268894,0.01859533866205143,0.016744882417600415,0.0006434445934944133,0.007339025858616566,0.03805294861402908,0.016427173986372612,0.014086312559853598
2022-05-11,-0.01646320750393837,-0.05184110027611477,-0.033209479536612574,-0.00692768173681324,-0.03203225709010704,-0.045079524526778214,-0.054845351779447604,-0.08254582843646041,-0.04716321179419214
2022-05-12,-0.0012959645058717717,-0.02689421885805432,-0.019957774211401436,-0.006676714828553809,0.014790404884573283,0.01324563807435819,-0.02735977797840028,-0.008174386751047313,-0.007598720484722432
2022-05-13,0.02386969542307149,0.031916073850268845,0.022596238430411475,0.02841536825086166,0.05727556035084924,0.03859022202070017,0.09465208452094398,0.05712909369145702,0.03987818361519668
2022-05-16,-0.003946400929555671,-0.010672064867972675,0.0014554266708952657,-0.01383451760299137,-0.01985316173972196,0.007149180088626306,-0.024963443615222736,-0.05875856161837267,-0.017408141134489075
2022-05-17,0.020169632234863677,0.025422669466760528,0.02034431840748674,0.017720219329264042,0.04113327357999652,0.012897504792395376,0.052884676040438894,0.05141017778952928,0.028975599722923295
2022-05-18,-0.04039526078745259,-0.05641949482273201,-0.04552971886557189,-0.03926657404778966,-0.07156196640827217,-0.05122877019930605,-0.06816311789262397,-0.06801379812405906,-0.05556517837641484
2022-05-19,-0.005833781800992588,-0.024641070753410266,-0.0036997301638878044,-0.013543405468397385,0.0019278532990965047,-0.0049418394082283434,0.01098144841010229,-0.0005494634476534976,-0.006209170833863631
2022-05-20,0.00014614176965843662,0.001747161145923215,-0.002291240644590853,-0.013371497512795871,0.0025345295167615856,0.011762201783496185,-0.025111081332969354,-0.06416505716141863,-0.01428913063792836
2022-05-23,0.018555039930923556,0.04011913632599917,0.03203208327523832,0.02368976418086488,-0.0003160506951839226,0.013898958950427476,0.012219718714138184,0.01656871415985961,0.021779980983400726
2022-05-24,-0.008120797617175213,-0.019215814887924898,-0.003951711498425214,-0.04949410726032688,-0.03214110432537598,-0.07618608884079103,-0.044028761165258445,-0.06925464690507588,-0.04175582431561131
2022-05-25,0.009450764734207695,0.0011398695669546655,0.011170140554543462,-0.0015571357922450346,0.025696475417555487,0.014066646702083574,0.0508236422877002,0.04877737911795821,0.018951878807995204
2022-05-26,0.019883256167224195,0.023199421979697377,0.012875315116261943,0.018784617352780586,0.04029499229486544,0.04243068686799334,0.05160484578245117,0.07427138936829314,0.036796253696414816
2022-05-27,0.02474226295510973,0.04075673056641871,0.02760434998782335,0.04196952636155027,0.036632083603781895,0.01826414949221733,0.05377873249506582,0.07333306253742577,0.04066248489635016
2022-05-31,-0.006274368617659065,-0.005346212223227176,-0.0050139371623249,0.012869896587771157,0.04397010379074828,-0.007635907348787829,-0.007389234860579963,-0.001803563389055185,0.0020826649795244734
2022-06-01,-0.007482768681131846,-0.0008732607070468523,0.002023175032482172,0.001142693148534324,0.012266042992872705,-0.025821164454256085,-0.018851836343937833,-0.02359349020027357,-0.008369308162757938
2022-06-02,0.018431018038486124,0.016811222944016935,0.00792863036109015,0.032754731499426315,0.03145034300738625,0.05417725207160595,0.06943237420703618,0.04677398003874078,0.03191247355179683
2022-06-03,-0.016347313992415624,-0.038555661749309134,-0.016607021716119386,-0.0261982369751399,-0.025185068024527135,-0.04063156550568581,-0.044507923449546904,-0.09219359988526965,-0.04331304922292423
2022-06-06,0.003137400778913113,0.005227795255176471,-0.004703326745572722,0.019901235925817717,0.01994280728922404,0.01818852240878721,0.0035254453729984814,0.0160472016783606,0.010595257549205428
2022-06-07,0.009523393173235029,0.01758579078225564,0.013953436297407862,0.002816266416027835,-0.014344105316090427,0.007207266306628712,0.0074525654991688395,0.0025460558898939833,0.006249328000689669
2022-06-08,-0.010793945785935621,-0.005043450461876597,-0.007669807880985813,0.0003797416890931604,-0.014796745486375773,0.005059889470437673,-0.014480406794855072,0.012474516432601446,-0.0007770933923288981
2022-06-09,-0.02379869397635359,-0.035955728670363785,-0.02078306717382561,-0.020124634634909544,-0.04150848957443054,-0.06427978051286531,-0.032175234276462406,-0.008930555308462429,-0.030297562964719527
2022-06-10,-0.029110303335524668,-0.03862862468071704,-0.04456372696169464,-0.03199359512655919,-0.05596211721574329,-0.045815087216729444,-0.05950781880163891,-0.031190911234383223,-0.04114973647642328
2022-06-13,-0.038768430665237275,-0.03828474933056436,-0.042412773140476645,-0.04290149856012537,-0.05453719355874542,-0.06441893165763934,-0.07817850794951942,-0.07102153990705962,-0.05404253572045359
2022-06-14,-0.0037736797459957394,0.006672520829833495,0.009205055836341902,0.003035764970677368,-0.013118555361940287,-0.00322666061749588,0.012078916835220443,0.023887157055640484,0.0070269603724759655
2022-06-15,0.014592504858983224,0.0201115575483084,0.02973533458108446,0.02857143679839358,0.052389802934770247,0.03432492862979997,0.04363496768321862,0.05482367080362738,0.03736519105115965
2022-06-16,-0.03251195148816344,-0.039651634160804305,-0.026970081851186878,-0.033991032231225904,-0.037243378610853584,-0.05007387683012643,-0.056029630348800374,-0.08540769912654234,-0.04824369222437597
2022-06-17,0.002200865698254617,0.011533318568774265,0.01094002774910341,0.010468438231802324,0.02469609751257895,0.017840692005606673,0.01788341746074984,0.017174980283869212,0.015082257808555433
2022-06-21,0.024477242280086964,0.032760711331718095,0.024591164502083762,0.04107105330724181,0.023159471438541024,-0.04085767819374542,0.04319920339045025,0.0935443480214786,0.03199931649594845
2022-06-22,-0.0013015723144006452,-0.003827056255176986,-0.0024040357462896678,-0.0005064686668483365,0.0024843268523027096,-0.007640746489983252,-0.012435027755430261,-0.004007805884153504,-0.003208172126193398
2022-06-23,0.009532217409177868,0.021573492334331368,0.022636630602810737,0.006767545932230501,0.0320330939965241,0.018607639465927583,-0.008252071687413487,-0.004306310889948484,0.014325521827566634
2022-06-24,0.03056329358583576,0.024517404299694734,0.03414991838508419,0.0510771671499779,0.03575237064906034,0.07187398725563221,0.055531649344507494,0.04524889345059324,0.04361936711972736
2022-06-27,-0.0029730715337762392,0.0,-0.010496961227254853,-0.01815215032278783,-0.027820692849391482,-0.003937462200949371,-0.015006717960969973,-0.0032016505127857586,-0.009210316289876785
2022-06-28,-0.020143036075892073,-0.029789619306425652,-0.03174904340092777,-0.03303027330712782,-0.05140434227234392,-0.05197958882902076,-0.052581453350281304,-0.0500435578248114,-0.0415448015774591
2022-06-29,-0.0007117454091590814,0.013023687889981206,0.014738102231419914,-0.0027318710909645105,0.014152668728781626,0.02028893142954602,-0.027530919111453445,-0.01793718238090891,0.005221049425766955
2022-06-30,-0.008759278267998716,-0.018027631574249026,-0.013179383578759696,-0.024516302605708695,-0.024880638358707907,-0.016408561599416394,-0.024642870026056696,-0.017579227799377373,-0.018002152502375468
2022-07-01,0.010553814029047315,0.016164521325102266,0.010707470302859123,-0.0020694199335484775,0.03154127203651247,-0.007565887316037134,-0.04195538514327568,0.012429131666979787,0.00892872601452277
2022-07-05,0.0015841285142366157,0.018930313864717885,0.012597385073614076,0.04161848812577196,0.035962053023039786,0.05099041892775036,0.030365568752089622,0.025535704813974602,0.02834086667898661
2022-07-06,0.0035731642904301975,0.009606979231430612,0.012782714951901752,0.011557240860756268,0.007312791463036872,0.009394187932138642,0.011093285710045864,-0.005720802000385383,0.006891049217264467
2022-07-07,0.014964587965241805,0.02399963474846567,0.008226852690192743,0.03675408245339584,0.01749322109655349,0.014254633664795291,0.04811640627406688,0.055279044880592876,0.0264800368602498
2022-07-08,-0.000830271529819071,0.004714797881424815,-0.002757237880812058,0.004802981773037951,-0.006791033294013538,-0.007607861403286065,-0.001261124960324489,0.02543516968760029,0.004325234140979406
2022-07-11,-0.011527461422777274,-0.014757834390583868,-0.011768606019741501,-0.030807677593194582,-0.03280250030721621,-0.04681641210050724,-0.04331363725751458,-0.06548005948146851,-0.035049411638487404
2022-07-12,-0.009243878717321574,0.006833496056047439,-0.04098140468569833,-0.014315756981976402,-0.022639810105564928,0.0023942646235031173,-0.0046197602999399345,-0.005433611636988744,-0.014176394242459867
2022-07-13,-0.0044569025122100925,-0.0025366474457350074,-0.0037450020510741977,-0.02339056191584654,0.010803884746268588,0.0013474065175018701,0.005436846944142815,0.017033448479672808,0.0014792358022646113
2022-07-14,-0.00299863390215227,0.020482647291207856,0.005381550724757211,-0.008854632692553155,0.002083294604712016,-0.03327416253029791,0.013716737880607788,0.005371861218914864,-0.00041368128852736774
2022-07-15,0.01920124935943668,0.011450161211807197,0.010390306328257548,0.012775388931258291,0.02639434033114041,0.04207527474374184,0.02537089337811449,0.0073572315408600986,0.016903486909626286
2022-07-18,-0.008363571580831342,-0.020643104953405822,-0.009621360017483371,-0.02457997615621632,0.0018493974357440823,0.015361245141757962,0.021507286074663456,0.001999426810217919,-0.0044505255518121345
2022-07-19,0.02762829164595959,0.02672174085188006,0.020767090019816692,0.04384103281001739,0.03911741266419111,0.05112713079057807,0.0553383669520886,0.020716718219316865,0.03141052505902442
2022-07-20,0.005895806193263242,0.013509833148081851,0.010557427740401248,0.000790948599680874,0.03857539627705431,0.041586170725199434,0.047963384093453465,0.008023464466653252,0.018112096938381228
2022-07-21,0.00986137270919718,0.015094225463381461,0.00979892628830914,0.003862994407439535,0.01515028639903937,0.0004368800925145244,0.013646397063469484,0.09780470722853529,0.02901966320618432
2022-07-22,-0.00933246697634671,-0.00811094238663701,-0.016915754493918578,-0.05632319715863543,-0.017732481209791984,-0.07588570608596545,-0.04049852511838792,0.0019752262198982073,-0.025181468919848737
2022-07-25,0.0013151670479691902,-0.007398187456172378,-0.005876476086235316,-0.003614604940482158,-0.010455798059483823,-0.015478293537479315,-0.01703326501262392,-0.013994935471540293,-0.010057964169454592
2022-07-26,-0.01154320266205866,-0.008826246004333904,-0.02677438267211496,-0.023160587423030732,-0.052253606265046715,-0.04500445799397823,-0.028841622419805812,-0.0356637312112531,-0.03181071979556038
2022-07-27,0.026156273782937722,0.034234943666306306,0.06685183046886034,0.07655689182534697,0.0536538959419941,0.06553570997911473,0.07602979984009384,0.061655036992220635,0.06039284967243108
2022-07-28,0.012133338697180918,0.003571479531695454,0.028540751558817856,0.010260035455766925,0.010829110898360028,-0.05224678314785669,0.010905041101138657,0.02212352234272652,0.0071601684038462565
2022-07-29,0.014207760082581844,0.03279314774703912,0.015665215757450168,0.01838551917998421,0.10361464095050721,-0.010079657743663262,0.009953175273859527,0.05784976985791013,0.034757421710646996
2022-08-01,-0.0028230841271976725,-0.006153594059540302,-0.009724140495012468,-0.01255162839968138,0.0032604850044939404,0.00521668997257807,0.015306061278512972,0.00042631152414229767,-0.0029572502683004043
2022-08-02,-0.006662395550704803,-0.009287398567426774,-0.011474665745497603,0.002350752969290326,-0.009084834427092181,0.001625907307059915,0.0046089021191999535,0.011134400598203698,-0.0016367077082232173
2022-08-03,0.015638477163140152,0.03824781656738674,0.027836218733138463,0.02562322041044629,0.039952299225118226,0.053748697753186914,0.019810030912251753,0.02265568716125621,0.03255037212159895
2022-08-04,-0.0007773401640558397,-0.0019264813566169936,0.004177679540355417,0.0009316264877805569,0.021860686341448332,0.01048578141937151,0.01704344734860941,0.004023022853486102,0.006149015713554418
2022-08-05,-0.0016257460597355333,-0.001388994300288493,-0.0026089992850694133,-0.006091989054217817,-0.012414983387324718,-0.020284994058498373,-0.011761770294901663,-0.0663030068235908,-0.023036947617199433
2022-08-08,-0.0012375507238541195,-0.0029027986104999126,-0.009154663763420778,-0.0014472035554253804,-0.009872154542052702,0.018790090972399698,-0.06298365061491018,0.007819434052879659,-0.0003189132569421105
2022-08-09,-0.004248692893594086,0.0003032923927812625,0.007063385194329808,-0.005711870056708035,-0.011333489631663474,-0.010102944835322258,-0.03973442391129545,-0.024412625864385085,-0.008365183056703751
2022-08-10,0.021290637641290244,0.026194711311417596,0.024300417053459533,0.02632264479493207,0.0352608325167747,0.058209310100745926,0.05917102871235991,0.03890581776676605,0.035058869159013906
2022-08-11,-0.0007054739583503,-0.004431638795128201,-0.0074007977994341445,-0.007184641565965655,-0.014366830308238487,-0.004766151748266223,-0.00856505915236061,-0.026249292544206493,-0.012050679958357846
2022-08-12,0.017322368774566943,0.02142561563780898,0.017037024903492792,0.023897635013648166,0.020691152408548463,0.016958638201993725,0.0427487486021052,0.046750143628413676,0.026333529554929402
2022-08-15,0.0039695418998517695,0.006333252229096864,0.005344041100509012,0.003287458206785887,-0.0025775713556979163,0.0021607125086227086,0.01726456680275379,0.03096359891583922,0.010377008644688601
2022-08-16,0.0018756797165810912,-0.0009237681642902951,-0.00258962409492125,-0.003112826755409248,0.0111747882760318,-0.007849995073065053,-0.008039191775026655,-0.008912075793144236,-0.0032520316948743133
2022-08-17,-0.007237794954094601,0.008784808505807762,-0.0026361810956507803,-0.017666362815712988,-0.01851079360669594,-0.025742528689614574,-0.028815007419648153,-0.008372333511224461,-0.009613816942851128
2022-08-18,0.002269561170191503,-0.002291781549060845,-0.00394738438411002,0.005186115209149689,0.0014074379989574837,-0.0010866853734132764,0.02388889936513605,-0.0037062197211366055,-0.0013009991859382897
2022-08-19,-0.012900001139847905,-0.015101669046505006,-0.013853944736417212,-0.024631735371489105,-0.02860159688639219,-0.038360164498652205,-0.049219814669289264,-0.020481852686155544,-0.022541577937744806
2022-08-22,-0.0214000649197158,-0.02302950846007601,-0.029355538523890945,-0.025339179206114504,-0.036243902638259384,-0.02923312966151237,-0.045660803017120055,-0.022764022407583906,-0.027440074124343794
2022-08-23,-0.0022378626777133093,-0.0020291204148160658,-0.004716567352435419,-0.0033262506911057033,0.003002506326521548,-0.011898109023627201,0.008629688960459792,0.0225584954757323,0.0027518440968672397
2022-08-24,0.0029161604463010526,0.001793702336516656,-0.00235107394749845,-0.0014931553088650684,0.001347163157822573,0.01334481311134228,0.0023863978878200243,0.002170125887066332,0.002159222633202118
2022-08-25,0.014091605518061545,0.01492300954690684,0.011095480993189355,0.026035740932363716,0.026008936084948253,0.033811074875682356,0.04012323735302559,-0.003455684406709514,0.014703456249552493
2022-08-26,-0.03368805871951874,-0.03769922124574032,-0.03858698450160958,-0.05409343727399296,-0.04756700784791723,-0.04147408512111139,-0.09227935119272002,-0.026953121859416895,-0.0393372966734592
2022-08-29,-0.006666355799502699,-0.013690315727809876,-0.010668203845607294,-0.00833791731620448,-0.007342307563037775,-0.01613292926355836,-0.028228779426712203,-0.01135058160727187,-0.011693476520333812
2022-08-30,-0.011028155571448206,-0.01530548529234621,-0.008520651223222209,-0.004386794459681598,-0.008167020675137082,-0.012628172741349974,-0.021074663111487646,-0.0249982267189629,-0.01401307549570574
2022-08-31,-0.007817025105971265,-0.010634942036446549,-0.0057042546088196255,-0.006609184824895364,-0.015225659516225343,0.036714191876701996,-0.024178797806595598,-0.007526203685978228,-0.0023014770317749678
2022-09-01,0.0029962320243361873,0.004706705239229336,-0.004092400058302248,0.01404555317613232,0.008282741023605045,0.014914498738169302,-0.07665311272425379,0.005623955563764049,0.004608005431934847
2022-09-02,-0.010736500458081055,-0.01361109812436967,-0.01666657758479506,-0.01722258257676379,-0.002425266463259912,-0.03047907291639973,-0.020807995761551235,-0.02507581222110289,-0.018866852703087078
2022-09-06,-0.004095056983834944,-0.008215184195157765,-0.010974037347894483,-0.009643013133718181,-0.010979542799969155,-0.01110257004237647,-0.01333618131170955,0.015580556255471167,-0.0038619823625909433
2022-09-07,0.018341016392734,0.009254092420645899,0.019111479886460225,0.024716800742928147,0.026722663554652915,0.011668709969185898,0.018795010109275534,0.03381677109982606,0.02181856564340756
2022-09-08,0.006610721877456038,-0.00961798731946506,0.0016660572049733702,-0.009776128029755027,0.0026259778181887405,0.01041216374286913,0.02012544110996961,0.01959815762903916,0.005196390665604733
2022-09-09,0.015271449816332883,0.018839701474457238,0.02297707277257688,0.02094479715701647,0.02657523304266962,0.043749101787841305,0.028377471296531676,0.03602289482946186,0.029139055390735802
2022-09-12,0.0105842727693497,0.03850800341585292,0.008280897935588394,0.0018979056319414767,0.023861278411006825,-0.0011231230190026364,0.00820174941718288,0.01581694096302666,0.01419375135584855
2022-09-13,-0.0432366134006168,-0.05867935612022601,-0.05497828104687785,-0.05899324854382293,-0.0705752837581286,-0.093690672495227,-0.09472592383701695,-0.04037188096320543,-0.05999891112293032
2022-09-14,0.0033870120853238816,0.009555183309011728,0.0009126468614562011,0.006518298430805647,0.01364140798846103,-0.010840740393914472,-0.00022861582209088294,0.03587437200418364,0.01189134078305698
2022-09-15,-0.011317739184353415,-0.01892979153823926,-0.02711920188374739,-0.019904614242837182,-0.0176585314552421,-0.012675660323886784,-0.015158207559211712,0.003767273730617582,-0.013550916009966052
2022-09-16,-0.007182134089448455,-0.010960165033774505,-0.0026080736906527457,-0.0010690324274911234,-0.021777003694830932,-0.021798693523846335,0.020805903828821526,-0.0013168523341049454,-0.007845793526620737
2022-09-19,0.006857100716286535,0.025082926849356202,-0.0008989155760573686,0.0026265318727041187,0.009147615105472573,0.011825969633692424,0.013941472237294361,0.018856110452001085,0.011655271784865251
2022-09-20,-0.011272103097361819,0.01566553044987362,-0.008465582409710959,-0.0187251254057057,-0.019813903001303146,-0.013039034021162244,-0.015393851506713463,-0.0011000625419275156,-0.005970440246369391
2022-09-21,-0.017116493600784488,-0.020267572378607213,-0.014436064347397415,-0.018390503225132138,-0.02987152347123645,-0.02717494511319596,0.006451195402022325,-0.025685948599634356,-0.022053187993951617
2022-09-22,-0.00842758097968943,-0.006375330085599207,0.008495507412012548,0.008662463378302787,-0.010376272544574294,0.004925509700321129,-0.05278655023540735,-0.040591728559117746,-0.010950774257799
2022-09-23,-0.017232619015461026,-0.015124020441511177,-0.012698049493002128,-0.013980439168243541,-0.03009120154088929,-0.016874487033331387,-0.0035824192062913207,-0.04594757245188685,-0.02475922699858446
2022-09-26,-0.010340526208282075,0.0022606287660600355,-0.0019754354269438945,-0.005772714732711126,0.012040804722097675,-0.028772963403979834,-0.02301043283653592,0.0024698479153155706,-0.002887331305912677
2022-09-27,-0.0021203598092424114,0.006566031693698182,-0.004380060942555497,-0.006824919151818487,-0.006426381710496365,-0.014445893254357522,0.015129227877933582,0.02510775852537339,0.0036504982057714574
2022-09-28,0.019672139926234733,-0.012651479261993503,0.01971171970446317,0.026153913549515018,0.0314657666190894,0.053645891877517116,0.026021133575111266,0.017212112374233923,0.02073315909280371
2022-09-29,-0.021126437880238824,-0.0491189174844473,-0.014808999039849335,-0.02628684881295784,-0.027201076403397084,-0.03672076214166731,-0.04051507500014995,-0.06810050474193607,-0.04017102370164771
2022-09-30,-0.015066695771983274,-0.030039545662080336,-0.01936853378059289,-0.018168729752603974,-0.015679468675155683,-0.00535138414884162,-0.006628575964915173,-0.011036096899372572,-0.016031594722657805
2022-10-03,0.025883894952576147,0.03075263836610409,0.033662520293289644,0.03125965522411933,0.025486701357681163,0.021595044902123384,0.030727524287385233,-0.08614516909902215,-0.0019181347137455784
2022-10-04,0.030583700679551518,0.025623130369283098,0.03381250777485145,0.030413663770075372,0.04496029692750958,0.012047908523973971,0.05234957674506657,0.029042940273044104,0.029623723008493474
2022-10-05,-0.002017948757084831,0.002053332268579622,0.0012858551348216007,-0.002066223295567937,-0.001156159830559278,-0.009267093652980951,0.003189767797493248,-0.034597517632881325,-0.009520670749644355
2022-10-06,-0.010245080846639998,-0.00662574351774603,-0.009671126718800882,-9.845825729637436e-05,-0.00537407121029132,0.0006477849433526028,-0.005980691511266567,-0.011129075632041241,-0.006628568398884815
2022-10-07,-0.028003617786773516,-0.036718683824171094,-0.05085281376009487,-0.027016424833163133,-0.04771409266460691,-0.04041144366611171,-0.08027418825386612,-0.06324275500689214,-0.047929135483748
2022-10-10,-0.00749246363390188,0.002355719777547227,-0.0213030733363051,-0.008309546305669047,-0.007768849586377025,0.002547688190116304,-0.03362048305704357,-0.0004931214719139376,-0.006788400404760697
2022-10-11,-0.006519175777754405,-0.010255134831980817,-0.016750146356064866,-0.006948667092764871,-0.012844190270001499,-0.03924061251232025,-0.007197723944393997,-0.02897383620084637,-0.020271641382072714
2022-10-12,-0.0032907731480149582,-0.004604839982647824,0.001508196320969546,0.0039101752934784795,0.006149206372302096,-0.008090707269364006,-0.007422888565194685,0.003418039229395209,0.0004235630349767039
2022-10-13,0.02596564246086497,0.03361271122686871,0.03760815675364704,0.015375132492317034,-0.00327726077574253,0.02188227322674674,0.04000006974337933,0.020622332969329804,0.023535293646039346
2022-10-14,-0.02366266361565439,-0.03223992020338462,-0.024248686938375785,-0.025237195594527972,-0.05003107895219994,-0.027093330492699574,-0.06128762906935148,-0.07545550981161053,-0.04151523210687924
2022-10-17,0.026480052302171098,0.029122820707558228,0.03924563333589459,0.035314833329474826,0.06445275295885255,0.057431255219407396,0.05887574812448504,0.07005219876844393,0.050047855001506214
2022-10-18,0.011427569666488724,0.009409144672830383,0.004083831892996326,0.008002374147549451,0.022585461588422673,-0.009250886219689058,0.006645349203309836,0.003829479437051919,0.005598996611331231
2022-10-19,-0.0066720972934503076,0.0007652111896541136,-0.00846989859648084,-0.01131292398975059,-0.01108629175628062,0.00323785699578627,0.00701924879819682,0.008401793106927569,-0.0020151777521583147
2022-10-20,-0.007950909706564868,-0.003266970115737844,-0.0013953387485702295,0.0034126869141961613,0.0015642678860967596,-0.012759822002280763,0.011866440212138007,-0.0664744863679374,-0.0173954529645155
2022-10-21,0.02372481982226482,0.0270591037016783,0.025280457643088283,0.011603323406984778,0.03531453097461368,-0.011556137313566639,0.022306018020681773,0.03454266549727758,0.022201433291340278
2022-10-24,0.011881976654619875,0.014802841756248908,0.021188084969618437,0.013744678591604664,0.004190412347291339,-0.002230716026779489,0.010669076414175027,-0.014875967194030837,0.005940435602983518
2022-10-25,0.016266654579669915,0.019337759316801817,0.01379168273987541,0.01911834403547874,0.006509754475742646,0.060052243733551114,0.052543823464927364,0.05287573097725584,0.029574818919896995
2022-10-26,-0.007387716072364547,-0.019627279068353487,-0.07715626217361005,-0.09140502498493086,-0.040961814879887926,-0.055923097938858524,-0.027524392336354175,0.009981122376490958,-0.042400628804116214
2022-10-27,-0.006082610618211248,-0.03046538740939342,-0.01975632077263223,-0.02854742913881403,-0.04063638620803933,-0.24557065033570036,0.021712162161861892,0.00200319154854367,-0.04981736450830965
2022-10-28,0.024626377895927698,0.07555231404455709,0.04022058277367968,0.044133604094809264,-0.06804249715805744,0.012864793866320667,0.049939352690518746,0.015238384603380561,0.023829982582292075
2022-10-31,-0.00745440410765752,-0.015410281869329023,-0.01585623545484638,-0.018485742238344205,-0.009380148789788212,-0.060886997330351855,-0.024360265737310316,-0.004288512900427199,-0.017402008578313866
2022-11-01,-0.004101230608784645,-0.01754270053617424,-0.017059521274363276,-0.04274682384329631,-0.05515425020719422,0.021897676092675455,0.003408262571337417,0.0012306146011606955,-0.015231621582341703
2022-11-02,-0.02500198485734284,-0.037304752127076846,-0.03536806961732075,-0.03868688915158869,-0.048248766657425834,-0.048949567076057354,-0.023923939845285735,-0.05636033352596026,-0.04403670050102748
2022-11-03,-0.010585992315429671,-0.042405146298824525,-0.02657904538167921,-0.040703639740071074,-0.030612240672440172,-0.018002979003519215,0.015280877385686953,0.0015350350619269815,-0.022458220802652806
2022-11-04,0.013618724670070526,-0.00194737833409786,0.033325608427568154,0.037756232901232645,0.01881299269611514,0.021144926473882997,0.054765176188557696,-0.03641259777431871,0.007512168716945711
2022-11-07,0.009613981920559844,0.0039025798934195777,0.029269515912620392,0.022060282963965783,-0.00494619214148917,0.0653155849659377,0.010242865981677562,-0.05007952633400592,0.004696063905256009
2022-11-08,0.005597892802462701,0.004174733380339912,0.0043884484808365265,0.004633517291395162,-0.006075283660437414,-0.0025846829715615582,0.021047437889287313,-0.02932818513088775,-0.005116019441606556
2022-11-09,-0.02077788695478977,-0.033189846463608785,-0.019050021612345147,-0.01777284654073863,-0.042676192754212194,0.051829606721389254,-0.056567569907457926,-0.07166757185130745,-0.028295477860554752
2022-11-10,0.05543448436034493,0.08897421273990003,0.08226796302180905,0.07581318556509564,0.12177847617944293,0.10249319319523775,0.14329274885623966,0.07393437216942544,0.0885521377141425
2022-11-11,0.009240746788147902,0.01926890741502585,0.016997414371573427,0.02629327746849741,0.0430508514990382,0.010279702069245777,0.03663490116611734,0.027527264924482875,0.022938659960301644
2022-11-14,-0.008935777048800997,-0.009485530729603786,-0.022500116760933997,-0.0073644878459855345,-0.022819754250081425,0.010617678076733528,-0.0019600508925494697,-0.02561618738169713,-0.015046621653577952
2022-11-15,0.008713116550319144,0.011869422873351132,0.0017388340864310514,0.028631283851141553,0.004569038353104293,0.02503945577609512,0.022767789129757077,0.018172303095892017,0.013389923504542711
2022-11-16,-0.008252046497990273,-0.00833116287251534,0.0018234532251351077,0.004164941386786358,-0.018394983322363,-0.03288353762390184,-0.04536169155676817,-0.03857627852399581,-0.01574293706769503
2022-11-17,-0.0030893228355314273,0.012971337201676425,-0.00020682464560151104,-0.004956978770981668,-0.02337318995330062,-0.01572016828616485,-0.01464493477877038,-0.020062058831236462,-0.007447365677996531
2022-11-18,0.00475858190881473,0.003781709286557966,-0.0019033610343835994,-0.00945514237345213,-0.007485493894513584,0.005383624021617184,-0.017095037396155588,-0.016269016527425406,-0.004704794828032655
2022-11-21,-0.003883688698329779,-0.02168018212077827,0.003440832409403738,-0.018782658718622725,-0.017845764989037338,-0.01954505267823714,-0.00597064589927454,-0.06837231343190053,-0.023224255771749136
2022-11-22,0.013579987927526016,0.014661220631905891,0.012311444702708618,0.015167400033958334,0.008003437930963697,0.014382018514963901,0.04707181535198912,0.012152311933396831,0.013409080796087824
2022-11-23,0.0059146891478476515,0.005926409672686095,0.010406890186115403,0.014528625855707578,0.009978544373689724,0.007178741254579402,0.0299916413048138,0.07821783885404354,0.02319033299252382
2022-11-25,-0.0002830441976333642,-0.019593611775524433,-0.0003634373921144185,-0.01015639446202099,-0.0076489282090407285,-0.007394717216920088,-0.015073772389770923,-0.0018558752377418886,-0.006855852948033703
2022-11-28,-0.015444192913123267,-0.026264345560299995,-0.02315251073743052,-0.01446750537725261,0.00578089353348199,-0.023606683073268964,-0.027228099291895624,0.0003281065208000644,-0.014970648096551797
2022-11-29,-0.0015918653377758885,-0.021148126779858778,-0.005914992971994937,-0.008953686367442648,-0.016285245651894598,0.006251299781315556,-0.011878391860181026,-0.011425739989130657,-0.009590481323911937
2022-11-30,0.030947872397389053,0.04859385099260827,0.06162364092216377,0.060930751302528785,0.04457912603558589,0.07893289949995919,0.08237913396677032,0.07670184691003823,0.06333298769216977
2022-12-01,-0.0008676332180498347,0.001891261315916104,-0.001763708962105981,0.0,-0.010772746070691896,0.019813697463353597,0.01252720933603868,0.0,0.0014468164860572674
2022-12-02,-0.001194660488065602,-0.0033711083927429053,0.0012957289072086375,-0.005445947107510896,-0.01434557849824114,0.025323733762322664,-0.015115115137421031,0.0008217959148295595,0.0009177001183704458
2022-12-05,-0.017894212283564803,-0.007983309074485634,-0.01890054852597789,-0.009558080738550245,-0.033145598727553405,-0.008583625356493263,-0.015761816214826863,-0.06368676805520912,-0.025643688302685264
2022-12-06,-0.014399194981406072,-0.02536991141393552,-0.02030372852587936,-0.025130722832998664,-0.03032636052572657,-0.06787547045001752,-0.037507586032505036,-0.01441485156488942,-0.02821712026011547
2022-12-07,-0.0018623708845491027,-0.013784991929816526,-0.003059654969555181,-0.021035240711735792,0.0023795930251859776,-0.0016650420740452754,0.00831914585795479,-0.032143331123685615,-0.011809799014892874
2022-12-08,0.00752178195750397,0.012132710755296428,0.012399088060978336,-0.012955532022045024,0.021365582288144003,0.012288281713121574,0.06507448297751894,-0.003447430865732959,0.008283001191643935
2022-12-09,-0.007349578247904498,-0.003434939946370008,-0.00800320511446706,-0.009390650845644721,-0.01394579034322141,0.004942386854558167,-0.009785167328496325,0.0323454827685834,0.001669585739098478
2022-12-12,0.014279296218109305,0.01639015255063314,0.02888933537582039,0.005170692090553208,0.01638799835988136,-0.01026740394812109,0.03141021545084621,-0.0627198857086465,-0.0008131869412958403
2022-12-13,0.0072896644387934195,0.006782501572589306,0.017464630006545745,0.02486343449564954,0.02142456926150338,0.047423869799874785,0.03062437797430495,-0.04093677795344208,0.00986000551596744
2022-12-14,-0.006052724634100337,-0.015535835116353702,0.0011677001442174095,-0.005855939768761975,-0.009838858835905628,0.011984938229516073,-0.0220231703303988,-0.025784367661833008,-0.00739905778055594
2022-12-15,-0.024921675023714007,-0.04685415466813758,-0.03191818681272707,-0.04428321756441411,-0.034177820705733164,-0.04474046298981815,-0.040850923908945735,0.005548438139381551,-0.031133450710850274
2022-12-16,-0.011137750774080746,-0.01457904856789305,-0.017348693828513784,-0.006603608078544987,-0.006670394101153776,0.028239340108769273,-0.0224752166152965,-0.047187179094365206,-0.014092293540254208
2022-12-19,-0.009007516001852345,-0.01590940548124331,-0.017327979220522316,-0.02016388754604448,-0.033462353983410575,-0.04144686039057155,-0.01912999778450375,-0.00239632976495896,-0.019883105950863733
2022-12-20,0.0010373383615349674,-0.0005287808798263294,0.0056144458370286365,0.0065580297906537854,0.0031795134041781026,0.022798815571748676,-0.010397326576245591,-0.08053641461716088,-0.009222327721810197
2022-12-21,0.014867993802734736,0.023809484784618862,0.010876625805582796,0.006290847924733889,0.018546709195681466,0.022802902212586407,0.025862628657076225,-0.0016690545895901021,0.013138040585859212
2022-12-22,-0.01445169956861636,-0.023772647995568663,-0.025528652449836042,-0.02031712023399701,-0.034343619255829294,-0.022043961649398702,-0.0704198896114302,-0.08882756559936855,-0.03660724086843392
2022-12-23,0.005868102525282026,-0.0027982786527498416,0.002266982086153835,0.016750313044764598,0.01742450254827599,0.00785509748609492,-0.008670777252754447,-0.017550833466474902,0.0021043054501275194
2022-12-27,-0.004049622110409712,-0.013878184854128506,-0.007414226585354178,-0.020620997461827106,-0.025923742926365456,-0.009827179586062162,-0.07135332510503878,-0.1140885333144338,-0.030086226347868616
2022-12-28,-0.012020638322615351,-0.030685296172792365,-0.01025496580328955,-0.015676710103446623,-0.01469172937442731,-0.010780231203113777,-0.006019485758020804,0.03308891531476843,-0.00860187840710469
2022-12-29,0.01746133164481911,0.028324297886485716,0.02762985286131725,0.02824913197785639,0.02884381103830358,0.040131406192994934,0.04039612043380014,0.0808269069678893,0.03792419439587458
2022-12-30,-0.0025407424823445934,0.0024690241173361827,-0.004937533015453188,-0.0024871666042060037,-0.002138278742257471,0.0006651286577128435,0.0007532409855397493,0.011164017515666869,0.0002563304623826035
2023-01-03,-0.004000548879248611,-0.03740477411955345,-0.0010008079422183513,0.010087182989547916,0.021666663033621747,0.036563118877723344,-0.02045969617652299,-0.12242248574195735,-0.016830831793888668
2023-01-04,0.007538970575044379,0.010314101825810607,-0.04374314595203699,-0.011669560926951705,-0.007923564525679994,0.021083960327749063,0.030317700695976724,0.05124885285593783,-0.002709596657186175
2023-01-05,-0.011645528874622113,-0.010604612325439411,-0.029637911259499772,-0.021344192115957283,-0.023725589118479662,-0.0033760126275022007,-0.03281575629545064,-0.029039097760312105,-0.02069227645730065
2023-01-06,0.02284078102943865,0.03679415120359297,0.011785432318992983,0.013224917710207063,0.035611152390083056,0.024263351156504465,0.04164032075088753,0.024651090365942707,0.02310271768338268
2023-01-09,-0.0007676325452631305,0.004088951621292081,0.009736375677745324,0.007785714863706161,0.01486987397850048,-0.00423012373796805,0.051753319430448474,0.059349011404278285,0.014853423323069936
2023-01-10,0.006978233159061986,0.004456281845991894,0.007617112669576986,0.004544450477141027,0.028731709234134817,0.027187728530400745,0.017980511456680892,-0.007681374256751861,0.01017447874804267
2023-01-11,0.012849424614881588,0.021112320931163886,0.030238191627364852,0.035060031706339645,0.058083825879343465,-0.0007517692899474682,0.005782837087704218,0.036769060182475055,0.027782471402150177
2023-01-12,0.0034159058663651987,-0.0005993004255323564,0.011621374248571348,-0.004261536997141602,0.0018929468094222024,0.028745500085492592,0.03187296725329247,0.0027592625752506095,0.008592106526496668
2023-01-13,0.003996858363534361,0.010119099518797636,0.003018849568029669,0.010863734041250961,0.029915043601747016,0.0019748368611807177,0.023499414859008194,-0.009388119582672827,0.006489540374983616
2023-01-17,-0.0020304911890052235,0.008756289240406279,0.004681651602204351,-0.009010022477314639,-0.02109661268732821,-0.011826564051271249,0.047517876481629084,0.07426473736900463,0.009191571218686745
2023-01-18,-0.015562598500411085,-0.005369872790677133,-0.018889074884379964,-0.0018621459942992358,-0.006142675153973931,-0.017287049429485335,-0.01835943254780803,-0.020609982513142944,-0.01343698233560664
2023-01-19,-0.007638350296294338,0.00044367163075609284,-0.01645399830214478,0.021180760701538626,-0.01864654092151996,0.023530309306574182,-0.03521926620119864,-0.012501946153228194,-0.0032735119462649065
2023-01-20,0.018918401045981525,0.0192207941509408,0.03574359411920813,0.05341209029492755,0.03810845093076898,0.023650161061192776,0.06406221068063744,0.0491468120625187,0.03597965876641407
2023-01-23,0.01188134498366522,0.02350041224950039,0.009824383234105172,0.018057674209807306,0.002776315095798454,0.027983245700026638,0.07590116418757353,0.07742468874848996,0.026996097503579453
2023-01-24,-0.0007115031258156934,0.010063176538668506,-0.0022260206494642,-0.02094405562643864,-0.012305137300550828,-0.0009074333342441454,0.0037511599590058786,0.0009739087975544347,-0.0026441843413873567
2023-01-25,-0.0001817250594663422,-0.004700814157930222,-0.005908278457984584,-0.025383752828762485,0.008928577793566816,-0.011457258857790031,0.0030108410891906967,0.003752820129427681,-0.005358852377229217
2023-01-26,0.011007853469181317,0.014803413472950444,0.03071364796381304,0.024154538705591033,0.02099198301215366,0.04098951806900808,0.024788934173150645,0.10967259156647335,0.040981399383335004
2023-01-27,0.002494840970949097,0.013684124339235382,0.0006452821836218092,0.018970528066059034,0.03043737760442866,0.030142455297453408,0.02843153465363235,0.11000180416824756,0.03259058479921828
2023-01-30,-0.012968740984683369,-0.020078157140473563,-0.021961767775071306,-0.02445411660350283,-0.01652968356145279,-0.030842300463479355,-0.05907177070004699,-0.06318150994943417,-0.03140809158246716
2023-01-31,0.014642470285510134,0.009020982164374969,0.021012733572622233,0.019599677789633674,0.025658817736008643,0.012987914611145568,0.019569848120738254,0.03936155894904236,0.021563116277292016
2023-02-01,0.010452303944590291,0.007900897951297114,0.01993469736458575,0.016086609984210742,0.019586971068148662,0.02785805869290381,0.07196613500908455,0.047280928205116535,0.02511587389313652
2023-02-02,0.014699373244309921,0.03706248378465071,0.046884394637443316,0.07278707775304216,0.07379935352944922,0.23282374398273809,0.03657525049465371,0.03781489703913388,0.07892920749791021
2023-02-03,-0.010354610691310495,0.02439982742544844,-0.023620833722800993,-0.027473578189066594,-0.08431497620839845,-0.011866276841675849,-0.028052897286768852,0.009082654784473565,-0.0156831340479181
2023-02-06,-0.006140463017754394,-0.01792852969494807,-0.006115779512745223,-0.01794232256692807,-0.011703250716856073,-0.0025196034316057325,-0.0005210808369287001,0.025160537355481072,-0.0030231170784776884
2023-02-07,0.01287251059802652,0.019244601415639995,0.04202217266674846,0.04606416923785228,-0.0006850625818668465,0.02988278079917861,0.05140106582593629,0.010525791279409002,0.026575547145918366
2023-02-08,-0.011080724476164705,-0.017652837183662617,-0.0031018660504432694,-0.07683013976142794,-0.02017429777965274,-0.04274090049680046,0.001443164702366273,0.022763049555982517,-0.016853735589866026
2023-02-09,-0.00882979617773516,-0.006911420263269963,-0.011659947262057435,-0.04387654074177327,-0.01809100582487666,-0.030038633655221858,0.005944722728062235,0.029956849516678652,-0.009389538219325977
2023-02-10,0.0021952617756952897,0.002456041648914331,-0.0019724621940802045,-0.004630959242060584,-0.006412838631079665,-0.021189304361722616,-0.0479923780949032,-0.05030873801899527,-0.01636633885349914
2023-02-13,0.011448609342766147,0.018806801405883533,0.031243020739930794,0.00042296975128608416,0.019772567289289666,0.030318605024505008,0.024594528522048797,-0.011427700782035255,0.01651374315518983
2023-02-14,-0.0002804145319874607,-0.004224856579644443,0.003132678450420867,0.0007397826203456859,0.0016073541414833858,0.00027868390690710676,0.054295950772133894,0.0750616556523096,0.016172246026568082
2023-02-15,0.002773175690496066,0.013903188582355286,-0.007992879633420769,0.023869906841366806,0.014643999584324163,-0.012926235719718182,-0.009011269489101803,0.02384709913101113,0.006023684711189414
2023-02-16,-0.013788741489130674,-0.010429296856565018,-0.026622756509445122,-0.0147514657362241,-0.02975486385196624,-0.02664243972795044,-0.03347389186556671,-0.05694553722096751,-0.02987961108261672
2023-02-17,-0.002767405825327751,-0.007546651934097426,-0.015601628235405784,-0.01214532208203456,-0.009679109147912035,0.002551597305789688,-0.027906568715269087,0.031033480898909227,-0.0011678862680427615
2023-02-21,-0.020041234255327334,-0.026679924342843275,-0.020886669730420193,-0.02713294397551269,-0.02695468312187932,-0.004627524999673671,-0.03427171686714181,-0.05251789433835996,-0.027039471852702834
2023-02-22,-0.0015735561458868341,0.0028962166802539713,-0.004590852930237976,-0.001525272063342853,0.012793392483054111,-0.005578971157100043,0.004793168277114068,0.017682553475729224,0.0030875005690831347
2023-02-23,0.005329429416074394,0.003290507131509246,0.01296166724154646,-0.00829246945403539,0.000313172345862478,0.005376640257933829,0.14021373041921392,0.006024129792842503,0.008217288284525948
2023-02-24,-0.010537551485558128,-0.018005256570972517,-0.021784422692863514,-0.019364021390302022,-0.024212061179431754,-0.00959098176067874,-0.015973496478266402,-0.025684180003413215,-0.019767083031435595
2023-02-27,0.0030730045671669703,0.0082475311378849,0.003771709581607885,0.008302575392866274,0.0027807715104863906,-0.0049885292840022855,0.009232977837245748,0.0546017865369246,0.013771701260739233
2023-02-28,-0.0030360018281855305,-0.003448029623424609,-0.002958000374336023,0.0021141567725930788,0.005012811540044737,0.031850881159174005,-0.012127147348971246,-0.009247209573726933,0.0026611043812996282
2023-03-01,-0.004725264845680033,-0.014245960862452,-0.012629348194862944,0.0033310055276216666,-0.02186145722806776,-0.008688659554598743,-0.022312060467877037,-0.014291975817664837,-0.012177717181126146
2023-03-02,0.0075821940867943916,0.004129279945235265,0.019653243377322216,0.01814965443682315,-0.00043399062951077205,0.006400623108835379,0.027138835555504004,-0.05853928157947319,-0.00334100578134211
2023-03-03,0.0161477371607488,0.03509010691998893,0.016646035283784277,0.01793483379792815,0.030066258059702422,0.06142206514860504,0.024706294108292504,0.03609219282314147,0.03295113271900596
2023-03-06,0.0006871667698291617,0.01853940229704265,0.006189037776821005,0.015803377166344612,-0.012118034851298809,-0.0018892507549419513,-0.014064429429799019,-0.020122331071529054,-3.1416725863708805e-05
2023-03-07,-0.015326919115337678,-0.014496412240516676,-0.01058900259610962,-0.013350056704632296,-0.0021333007812499583,-0.0021093775883032073,-0.011125423488123731,-0.03147407730028162,-0.013170123558116975
2023-03-08,0.0014147940136839399,0.008377212244371268,-0.001770623550339856,0.004155130548426866,0.003955051898638651,0.002493268615744171,0.03834597565490738,-0.03041929843714275,-0.0028485171365568718
2023-03-09,-0.01845935787384867,-0.014914721928304453,-0.005439384187617691,-0.02047752221956689,-0.017781071140368643,-0.01773276605436469,-0.030809317282163073,-0.04989011995084991,-0.020747121780893107
2023-03-10,-0.01447813845705137,-0.013878681794299741,-0.014782989851837236,-0.018305864218872925,-0.0164769283801236,-0.011998364074536028,-0.020097340754705262,0.0030071956856769777,-0.011533295083185235
2023-03-13,-0.001509761003189447,0.013265957765887793,0.02144099699140467,0.0052962932982190125,0.01873687738723384,0.007743309093994233,4.35543508843228e-05,0.005996271168666301,0.012444455281209521
2023-03-14,0.016476655480623936,0.014089246523734111,0.027055674123348084,0.03139061509157237,0.0265065123894086,0.07252624052381318,0.04776615390855432,0.050320947926932424,0.038673748750481574
2023-03-15,-0.00698088356543769,0.002621380221957903,0.01783041865963786,0.02277324762045141,0.01391230747297123,0.01922469902604096,0.006857120555131546,-0.015333393227232373,0.009513635126069175
2023-03-16,0.017562006217166637,0.018694107469333643,0.040536682274482594,0.04380403227869145,0.03991688242309577,0.036308594051756016,0.054193432902048144,0.020393505108375454,0.03338651411237925
2023-03-17,-0.011019457310067593,-0.00545411135782492,0.011694192473882703,0.012958499201398244,-0.010895681300578386,-0.04547900263155413,0.007204085000340754,-0.02172378153438792,-0.010165084540530889
2023-03-20,0.008918403718310097,0.015484032798966485,-0.025766636742961868,-0.0039361822758782194,-0.012531560404374087,0.011247040252565066,0.0068027725750319235,0.017320796272765726,-0.0008280429690572522
2023-03-21,0.012982193897784988,0.011944101424543607,0.005693860623324776,0.036554003948473524,0.029679680207260972,0.02199064749597368,0.01154450096244708,0.07819919143822474,0.028161460160771368
2023-03-22,-0.01646322377571363,-0.009103577406186836,-0.005442422692859439,-0.01477316200360601,-0.018984232685839597,-0.011624380875366436,0.01026747918788673,-0.03254381959196684,-0.014062184941100009
2023-03-23,0.0029845287333754023,0.006969461888676642,0.019721485870288324,0.021572958891150185,0.00010133876939955044,0.02237132408591691,0.027315966136988834,0.0055977366381618765,0.014237943346721238
2023-03-24,0.005639807253104534,0.008305644769306397,0.010480638416069832,-0.0015150883580877794,-0.005875816395847999,0.00846864532188163,-0.015152122494071385,-0.009416281069083654,0.0027632660904852724
2023-03-27,0.0016469543057482383,-0.012293162095060595,-0.014933952631826397,-0.028262586766913622,-0.0009171134251457769,-0.015387583764949975,-0.00926079773589461,0.007352522816861606,-0.010492228987766694
2023-03-28,-0.0015738434957162095,-0.003980466810324823,-0.004160768220794586,-0.013956660718090763,-0.00815996577200262,-0.010648904867779918,-0.004560724000365779,-0.013659325116185062,-0.008459993595950288
2023-03-29,0.014237268879836451,0.019790871652602515,0.019184030986354017,0.0035631685122994305,0.0309543624265336,0.023271038283221968,0.021734034928000412,0.024789906342217005,0.02073931967643361
2023-03-30,0.005715269388667954,0.009889679969655951,0.012619713148712908,-0.004931295241423217,0.0174563591022443,0.012125577451617575,0.014786553177341455,0.007220929756684091,0.009973005297827742
2023-03-31,0.014436542471763847,0.015644355828962953,0.014961938543962772,0.02814941865595877,0.012647067799287592,0.019726764383532602,0.0143886000401241,0.06237201971890638,0.025633818992102597
2023-04-03,0.0036988464765423945,0.007701455470699781,-0.00371108166322065,0.006073479998877307,-0.008519675143944028,0.0053316289737934675,0.006768067185889848,-0.061168427796826186,-0.010412913922166811
2023-04-04,-0.005796972083329965,-0.003249432019497678,-0.00017438491408028334,0.0034496193847071144,0.015037527888523972,0.007743799628193937,-0.018308500825884533,-0.011244043709844997,0.00023375235324119004
2023-04-05,-0.002492370531228194,-0.011290197430692261,-0.00988913251665069,-0.002387351964224904,-0.027417013542964663,-0.015089230619627081,-0.020835582942634323,-0.036660076287605925,-0.017101655566744367
2023-04-06,0.0035791630944272956,0.005495703108694405,0.025532862376778764,0.03780989839474036,0.009495540049077267,0.021846092931523398,0.005803386579922298,-0.002479553165553039,0.0160875462608967
2023-04-10,0.0009963029974375814,-0.01597237008583907,-0.007578966370543894,-0.01826225190038122,0.0010778033801970288,-0.006247211922453699,0.02004653565508452,-0.0029720256079851515,-0.00734443525825812
2023-04-11,-4.1352477946232646e-05,-0.007591233825330668,-0.022668435628637074,-0.01024059342914918,-0.022022120390757682,-0.004190846967169426,-0.014866346773036998,0.012357047570192181,-0.009288831731030789
2023-04-12,-0.004134884052006904,-0.0043531953119139155,0.0023337320418901353,-0.006739464609826218,-0.020916697119598093,0.0007013422206867403,-0.024807731422234247,-0.03346003653646468,-0.009008160498025441
2023-04-13,0.01326268999363811,0.03410380714822936,0.022399227236701735,0.026662849151245283,0.046713683014299345,0.029672980588322906,-0.0012077594002642966,0.029688716127604264,0.028932318662795442
2023-04-14,-0.0020693734728036706,-0.0021142049952145303,-0.012765526723420684,0.013404234125639958,0.001074224694457282,0.0051735670320880445,0.011147630711010326,-0.004841279860318459,-0.0017524216168138818
2023-04-17,0.00330615690296554,0.00012122547629678238,0.009296309734052377,-0.02663733384212774,0.0022436418178335416,-0.011874080390067432,0.009118828331714735,0.011026990735853115,-0.0003232793144603008
2023-04-18,0.0008552202959737354,0.007504772616059974,-0.0014891873942614042,-0.013871919636714747,-0.004282604839014548,-0.004432166775514834,0.024627776175031313,-0.014595786064655836,-0.003801622289111961
2023-04-19,-8.42619976980652e-05,0.006968196351409883,0.0002774813625197048,-0.003062073404634713,0.019550341547772243,-0.010050909841131883,0.009541998689410303,-0.020183393575926356,-0.0025215460524141697
2023-04-20,-0.00595254815297297,-0.0058462666575883615,-0.008112460515443676,0.010654610421657607,-0.0046980391066805405,-0.012192885955262245,-0.02960852598270347,-0.09745828230593856,-0.02195601078532672
2023-04-21,0.0009031888869577287,-0.009781094215254638,-0.001223189781879852,0.0011397165045483604,0.03034391291745231,-0.0008447781412574962,0.000553196518080501,0.012822849668400638,0.0030737672880940536
2023-04-24,0.0008515791660903549,0.0018787684081253975,-0.013963008745157102,0.00531254926061786,-0.007011967150520215,-0.0004697660746680876,-0.0028391340162617906,-0.015325895028073244,-0.006148340398146046
2023-04-25,-0.015810858882773227,-0.009435719273530707,-0.022535855081376788,-0.020005787789648677,-0.03427172037496595,-0.0246251757400201,-0.0296207058002389,-0.011565701922588656,-0.020343312017940374
2023-04-26,-0.003841187197329843,-6.1004031932099245e-05,0.07243484265330036,-0.0013480698833391314,0.023496184744855597,0.008913458717573874,0.027247475155271816,-0.04306963495243776,0.01694475842976484
2023-04-27,0.01956614972249704,0.028395142876192603,0.03202759863422444,0.03741203106909041,0.046103983455159314,0.13925509760281352,0.010016316665389713,0.041886194740853755,0.055579157754695574
2023-04-28,0.008253202753460531,0.007540941544639912,0.00797159386766877,-0.0023235972824557916,-0.039792412663683385,0.007377556540608454,0.019209636318791246,0.025719427270091355,0.004890123903675381
2023-05-01,-0.0003861064902076494,-0.0005304601714644086,-0.005532653866493931,-0.0013043108601108466,-0.032242712137328766,0.011900763004728754,0.04183928992638686,-0.015093395194377579,-0.0033935731998450125
2023-05-02,-0.011586262936400304,-0.006191348253558826,-0.0004908553375707614,-0.017537281961000684,0.015482549283793778,-0.016201878379468737,-0.024213189687736003,-0.00939259874721976,-0.006864302879805773
2023-05-03,-0.006998305064656485,-0.006467305193765482,-0.003307184309363276,0.0008546351465767987,0.00019303553981586674,-0.009237574577562246,-0.014462837878071011,0.0018713932775662467,-0.003872280181516863
2023-05-04,-0.007218732334382416,-0.009913263676189277,0.0033181580696672874,-0.0068305870550219305,0.0033767339022539034,-0.014808253193912546,-0.008632428975784534,0.003673471985857102,-0.00378647852084113
2023-05-05,0.018474751389515376,0.04692689736026168,0.017157202798057547,0.008405822922241901,0.015961573674128537,-0.0031689259070277753,0.04056303275430673,0.05496278398315546,0.022520691517019742
2023-05-08,0.0004521286642489297,-0.00040345222521542823,-0.00643820343208612,0.020839094056330998,0.0016089169321718,0.0021049992016224373,0.01642257235141864,0.010172855182730478,0.0026971940963378405
2023-05-09,-0.004579421277258522,-0.009971021365391963,-0.005345757141048568,-0.00389703546308684,0.00746481056277859,0.0004285925742519847,-0.019896569322637614,-0.015367597024416146,-0.0054241145635406385
2023-05-10,0.004483965263404999,0.010420781094449882,0.017296254113203346,0.04098739691537223,0.03348339526223332,-0.001242530720679036,0.010990375087253756,-0.0036062703657255835,0.012869554556052876
2023-05-11,-0.0016966239932159066,0.0010946768497899217,-0.007044312475998904,0.04313195523134583,0.01805969525073481,0.011626816301005594,-0.010628438747618874,0.021003967520705658,0.009516553012638651
2023-05-12,-0.0015833068345566526,-0.0054175539786065485,-0.0036760073355618372,0.008063974576133282,-0.01711533396079623,-0.00839728728670397,-0.008327960344369112,-0.023826162598143963,-0.008202533202391171
2023-05-15,0.0029581644391338813,-0.002897284835836289,0.001585804307579819,-0.008510032412727186,0.008525256609829501,0.021598731217606026,0.021630099554712512,-0.009703474612936969,0.0034847601616863066
2023-05-16,-0.006377683373153031,0.0,0.007367658166236746,0.025748960231213536,0.01978421437062372,-0.00016737350477424862,0.008980119856679458,0.001021930644472091,0.006888778128763429
2023-05-17,0.011890829058788244,0.003603183618488437,0.009451738490558137,0.01112873291368821,0.018518504813616277,0.015367125555128203,0.03303324279367459,0.04407876621166107,0.01654351389382902
2023-05-18,0.009445048649426635,0.01366601318710492,0.014394884736324887,0.016468081113533595,0.022943736154795724,0.01798016975070249,0.049705038772070775,0.01742780840135616,0.017471167113206842
2023-05-19,-0.0014458676054706077,0.0006284358625752162,-0.0005650749382150044,-0.0005699438280424296,-0.01608126535201726,-0.004901842796594225,-0.013069003473044294,0.018373000232992265,-0.000342400306427848
2023-05-22,0.0001550346964389604,-0.005480701907215502,0.008921198565977173,0.018654293173882452,-0.010666648290490577,0.010910377984389541,-0.0028147636189573833,0.04846228354123516,0.012022943289317967
2023-05-23,-0.011222026747550129,-0.015155078885474293,-0.018431951292992133,-0.019912053367305838,-0.00017393506729301844,-0.006362853016883552,-0.01565304792188449,-0.01641335799687571,-0.013467895201996427
2023-05-24,-0.007318600335353365,0.0016322618186845883,-0.004472717486786348,-0.013544378148201863,0.015305697616548875,0.010010716634403005,-0.004887887478693065,-0.015449266889003499,-0.0013271681440779615
2023-05-25,0.008757581265902425,0.006692314412144462,0.038458091810327666,0.021339989978433227,-0.01498929336188437,0.013964005534198076,0.24369636227644653,0.008583965973816943,0.02234177280483718
2023-05-26,0.01304908677799732,0.014104677332338778,0.021385536574319408,0.00915122818918701,0.04443478791610045,0.03700190560348515,0.025434348744511226,0.047162123329924865,0.028650722084719416
2023-05-30,1.660326849850513e-05,0.010659652023334631,-0.005046770683166502,-0.0075434911427184614,0.01290486257498391,0.001831749496538304,0.029913300421337885,0.041362559242642094,0.008442919020585693
2023-05-31,-0.006108624209833935,-0.00028205135128989145,-0.008514090613768066,-0.006468744784109415,-0.00887721353399118,0.008380441075846123,-0.056767526964432546,0.013770078361723614,-0.001615210145896273
2023-06-01,0.009854453563032717,0.016022562109537786,0.012758953699813835,0.00691775168006159,0.01816217265513176,0.029804787013964162,0.051171052739122924,0.017604137329555458,0.018729121738086052
2023-06-02,0.014534424705965554,0.004775217135039478,0.008479392781240547,0.00767860017935873,0.01205508998453797,0.0,-0.01113916249655622,0.031081326211682914,0.009499972810186774
2023-06-05,-0.0020035816359177394,-0.007571023258283183,0.0016100001230985317,0.010748351666363343,0.008450728786783213,-0.0044750303892071575,-0.003966762023109749,0.017011727666879306,0.002990209582252934
2023-06-06,0.0023538963079141606,-0.0020602335367078117,-0.006727290301321132,0.010316676935974822,0.010454888481148839,-0.0009948608473322462,-0.013198302692484565,0.017002881015874438,0.002280011822611172
2023-06-07,-0.0038120096998572883,-0.007756303682604715,-0.03086815715148128,-0.03778174580331217,-0.04249267220189956,-0.027737065736284094,-0.03040128631272987,0.014730512862447087,-0.02100475664606849
2023-06-08,0.0061886426142414575,0.01546511509747961,0.005813687267936629,-0.002938731321180499,0.024911297199049942,0.0037178843668885797,0.027618630471873518,0.045820870777622646,0.015490842173728314
2023-06-09,0.001148059539441082,0.002159869147150717,0.0047038935919447855,0.0007368167816861337,-0.006599595129369917,0.0013986893728157312,0.006751424831060726,0.0406199151040636,0.008848655972862218
2023-06-12,0.009321148810237156,0.015638509827249125,0.015484009720158287,0.011535529397864064,0.025439515368102628,0.023023077663005598,0.01836469256141382,0.02221770896144215,0.01898399620807667
2023-06-13,0.006932489951473775,-0.0026116760405781037,0.007352767154390927,0.0015368380738693954,0.0007111003199982147,0.0009959955134888343,0.039005141727934234,0.035544128242966044,0.009796247656114643
2023-06-14,0.0008194255259321714,0.0034913530037599116,0.009123850011932833,-0.001292102115770688,-0.001894879884926648,0.007481999212099577,0.048144820262538746,-0.007421371317580694,0.0039910259606597
2023-06-15,0.01217813742034668,0.011198777844981134,0.03189657417459224,0.011482087214691017,0.005458016543269828,0.031022483858861305,-0.008000470177216723,-0.0034659239799892383,0.01642193979721651
2023-06-16,-0.0036716195284263176,-0.005859857275108626,-0.016575710467852223,-0.01247091608818185,-0.012744888197649074,-0.0029449503471348226,0.000914198509681885,0.01813214052015355,-0.0044724594682719054
2023-06-20,-0.0047351076976228645,0.0004866550694599958,-0.012502737453395252,-0.0034810042550513787,0.002310948445805039,0.01185043632155236,0.02614070519174061,0.05338912722001776,0.010429762919212049
2023-06-21,-0.005245281583003636,-0.0056753259762591934,-0.01328189639577182,-0.02071479435694512,-0.00755284590127181,-0.00946085359349047,-0.017416773865916446,-0.054618400747766804,-0.020058979170707536
2023-06-22,0.003710798414438443,0.01652524347867046,0.018437471905730973,0.021567758045914598,0.04261789623803569,0.011504066348060116,-0.0004645980951566431,0.019848894111198723,0.018929771132883744
2023-06-23,-0.007658808766684566,-0.001711147075564634,-0.013805851422063031,-0.006577401838319008,-0.006300361919969633,0.013514479206333752,-0.018965814918658896,-0.030270888067223778,-0.008480868702607336
2023-06-26,-0.004486838293256468,-0.007553071416640633,-0.01916298820637974,-0.032695723112882824,-0.01546431587167707,-0.03553494966626558,-0.03736165269126834,-0.060600166336257755,-0.030362256125873288
2023-06-27,0.011455854954693034,0.015058974753328958,0.01816784167699792,-8.451904508799402e-05,0.014529104045574393,0.03081123524464724,0.030616150414626286,0.03800042956291749,0.022450653796812547
2023-06-28,-0.00035407668843834283,0.006327972521053438,0.003825987749230819,0.015634228821872487,-0.001083754432466999,-0.006131407818044998,-0.01812487699599208,0.0240996896954786,0.005717040930624195
2023-06-29,0.004473544672805918,0.0017964832701578004,-0.002382047471985005,-0.008986449533287866,-0.008834406537251538,-0.013179487262279355,-0.007174688975501442,0.004917303362650394,-0.004036560619534724
2023-06-30,0.012269004495714109,0.023102398143362457,0.01638550948372175,0.00503775055639788,0.019233769000189582,0.019358568810489363,0.03625499658361653,0.016582481606492783,0.01785710582509248
2023-07-03,0.0011706778016009611,-0.0077845886149346954,-0.0074881109010519475,0.001670790161039326,-0.0010739443770555468,-0.003345336499701257,0.0026239490622887995,0.06895373445427366,0.009719732191094455
2023-07-05,-0.0019683184132291975,-0.005871308354788218,0.0004733747810274913,0.01542951084397548,0.0012287180203460757,0.029193830644498986,-0.0022632835945555208,0.009506123909958086,0.008635312334605683
2023-07-06,-0.007922511336500904,0.002508673079917534,0.009226716073623242,-0.01347018573441805,-0.015493205988729275,-0.008085166128149357,-0.00505714523601164,-0.021028045208104085,-0.00620580934153081
2023-07-07,-0.0028651005386203243,-0.005891124584329721,-0.011867532989449425,-0.005245145255391326,0.011062622017709689,-0.004999944790917921,0.009500492264524762,-0.007630056425625198,-0.005403576293392942
2023-07-10,0.002405026057131332,-0.010855921184034334,-0.015983652358921185,-0.02535997229125231,-0.020419182854096718,0.012287778625517776,-0.007599403866889953,-0.01756370459810941,-0.010624372504886903
2023-07-11,0.0067422110558885695,-0.002810071417803761,0.0019287432418677586,0.005925278165488601,0.012978852839820476,0.01424699021917153,0.005334299383039198,0.000667717084456676,0.005156708108106534
2023-07-12,0.007411233485312474,0.008985576912417859,0.01422694256309609,0.015280876240326924,0.01568569880112225,0.037044387651795185,0.035302249019106835,0.008154422401772665,0.01814655256623876
2023-07-13,0.008470153458069118,0.004057501494798332,0.016192196684118754,0.047170663213796704,0.026758409161619312,0.01315707974352276,0.0472644879304418,0.02172875427149612,0.019571910273065596
2023-07-14,-0.0010244071333035398,0.0007871955574676459,0.007529296400795138,0.007065985882461989,0.002829408900884234,-0.014485891255687222,-0.011049023774579947,0.012522529912772917,0.0016910250677735217
2023-07-17,0.0038553825145495324,0.017305732968985632,0.0014192552219043364,-0.00613936469329357,-0.008315972513331604,0.005665748852201613,0.021817040667601262,0.03198521516746822,0.009563393551575539
2023-07-18,0.007117275205842377,-0.0013405136289665887,0.03979991218547729,-0.007140052597615076,-0.005465676406731013,0.0046037809485199865,0.02223387075902772,0.010193509901870401,0.011900133389050493
2023-07-19,0.002357910335732072,0.0070718164569105735,-0.012267487918775632,-0.013978711207791483,0.019046892602732513,0.012690250186836893,-0.00878024354781537,-0.007090702250741598,-0.0005035763802091475
2023-07-20,-0.006756896218903741,-0.010097423137741868,-0.02312152221168451,-0.02319090033316018,-0.03989357175040831,-0.04268852636784026,-0.033073462536529985,-0.09737009860008494,-0.042426858528247346
2023-07-21,0.0003240945218980773,-0.0061615315905341195,-0.008937130168313767,0.006879076962062136,0.00030773533446226686,-0.02730384433426758,-0.026603754550502123,-0.010954754468143868,-0.011278652915545417
2023-07-24,0.004034153877153557,0.0042200271819090585,0.0038978790896238014,0.012581365395455846,-0.009230745755709147,-0.009005727189200674,0.006838486607712468,0.03476659075024635,0.006644325044690591
2023-07-25,0.002814673351556163,0.00451349722440475,0.017009326862601926,0.005595235115297914,0.002562125956798944,0.009807484123028898,0.023917257220189114,-0.014048906614123058,0.005615454449380941
2023-07-26,-0.00015543889679858758,0.004544984297151,-0.03763756463139667,0.05776949992724045,-0.007589335934878205,0.013923461679953952,-0.004969399410150177,-0.0035057022016762307,-0.0022778876418524385
2023-07-27,-0.006424666064487883,-0.006580896414980053,-0.020872109972417174,0.001005490023066935,0.0007803832093540297,0.04400983627564248,0.009856579801578391,-0.032683938680391544,-0.0022338614417890534
2023-07-28,0.009877842794752345,0.013507875231056676,0.023131265904851483,0.024575090700034607,0.030877245332297854,0.04417569247915565,0.018518367589983376,0.04196157931177735,0.0306917091388077
2023-07-31,0.0014687129405193122,0.0031660895765337482,-0.007240628916277192,0.0010560598226079243,0.011118568090654923,-0.021138050774416217,-0.0004491711155781841,0.00371562162326855,-0.00424475182014461
2023-08-01,-0.002665087639215691,-0.004275895998322676,0.0012503353403079398,-0.00881567899643898,-0.014886223394710907,0.01290005966699237,-0.004750724216685209,-0.023781870118334214,-0.0042700941247021396
2023-08-02,-0.013839541336347905,-0.01549004081952976,-0.02628295371866518,-0.02409723615619619,-0.026425663778747666,-0.02602949198417359,-0.04812175571472732,-0.02665954157355066,-0.025349319157320083
2023-08-03,-0.0025479738404268204,-0.007321590709149395,-0.002564678340311821,0.0005451849149828991,0.005459768439170398,-0.0035632339205332597,0.005556838447530854,0.020502958173047814,0.0020987257207221166
2023-08-04,-0.005300074155050516,-0.04802015404263971,0.0034284588024255935,-0.002646931332289326,0.08269337801006271,-0.007854715412648594,0.00370663992340603,-0.02105509239416581,-0.003898958628283933
2023-08-07,0.00902409277936278,-0.017253606735656568,0.007108328998120195,0.026695888427704206,0.01898684357254843,0.018762271338925274,0.016495211764816498,-0.009493435973824349,0.0067982276230973415
2023-08-08,-0.004218283044793103,0.005311582593593878,-0.012298925600179866,-0.000988446899013562,-0.016031491771390738,-0.012383063982639664,-0.016579701023768934,-0.006959634206558429,-0.008560075444348225
2023-08-09,-0.007038730380597102,-0.008954349284816754,-0.011715912681822815,-0.013241947359368567,-0.01493494570121734,-0.023765395207792417,-0.047241665769272134,-0.03007606967809695,-0.01904902915823814
2023-08-10,0.00025071394456976925,-0.001234636917507248,0.002172426712390152,0.00023142025919065112,0.005150463718840648,0.0017362442033810321,-0.003900953615278091,0.013006292021680244,0.0035037910584931886
2023-08-11,-0.0010696923700230787,0.0003376560715611099,-0.005945602114538762,-0.0010025891037294121,-0.0010825194798443905,-0.013410023637394963,-0.03616580964131011,-0.01096438608281991,-0.007694047020233241
2023-08-14,0.005750475751703066,0.009393143375755919,0.009439020996157232,0.013661845661913974,0.015605834874352187,0.015084217269490052,0.0709335696848199,-0.011910156448968756,0.009745708180775914
2023-08-15,-0.011550909428841738,-0.011200328642895663,-0.006727656833362627,-0.011802330587391885,-0.020630355012962953,-0.013847505355122913,0.0042740788273483155,-0.028361644764614224,-0.014317075262497925
2023-08-16,-0.007555395210577687,-0.004959060114871239,-0.0024285848487555217,-0.008321886472634099,-0.018885675014943426,-0.02536833631695823,-0.010332317076878761,-0.03159340830287438,-0.01552853093582851
2023-08-17,-0.007712913029036983,-0.014555197910615991,-0.010986079664716208,0.009479499583846085,-0.008069975106044458,-0.03126182935018551,-0.0032652910742155816,-0.028280162722535862,-0.016394004930091022
2023-08-18,-0.00014870682600087726,0.0028160607113261182,-0.0012623457028483331,-0.01893487730476706,-0.005672447612115605,-0.006454026197381668,-0.0010382446382313226,-0.017014851321818125,-0.006739928316174315
2023-08-21,0.006879188518795987,0.007736695149780148,0.017062668306896178,0.007139465232609998,0.01095925117625085,0.02347748195626309,0.08471321356969397,0.073274828918382,0.027313458320760597
2023-08-22,-0.002777466728829614,0.007904997238842526,0.0018017903571398985,0.005531087510054267,-0.0031926989840012077,-0.007933808701631517,-0.027657600860088394,0.008258403978685713,0.0004150420326070048
2023-08-23,0.011044879965972587,0.021948995317349285,0.014079449364416963,0.02548800551143482,0.009459994580714559,0.02308746984946941,0.031707127880707064,0.01573823118710882,0.018615646910188133
2023-08-24,-0.013457974663146133,-0.0261706189710611,-0.02149855561612113,-0.019566301877831038,-0.027154721211281152,-0.025455250521754014,0.0009974976678874814,-0.02879341090367582,-0.023859989432091222
2023-08-25,0.006717966037625089,0.012643199837985675,0.009407095552592226,0.0007704507740793343,0.010770617478674804,-0.004359300601564198,-0.024277474144890232,0.037167463490241914,0.009792851183732632
2023-08-28,0.006264619755036449,0.008846160787460589,0.0022293654930782836,0.008700172035027709,-0.0009004586682715976,0.01667271818371896,0.017753849050765824,0.0009640428763089126,0.00682936977789006
2023-08-29,0.01450830719454621,0.021810208814282417,0.01455041657858458,0.027173616034979364,0.013294308852149106,0.026631218180621863,0.04161412347855675,0.07687791972402569,0.03134011988081564
2023-08-30,0.003833182103508026,0.019172346559952036,0.0011569980080317066,0.00973481547464039,0.0011860029483812262,-0.009698383568391034,0.009839319672606317,-0.0010887269121663268,0.001929112009336098
2023-08-31,-0.0015969365120942491,0.0011723757243924382,-0.003132607991075842,0.0021342070824241777,0.021766395374215985,0.0026770468826575744,0.0018471837634415067,0.004593198535678855,0.003253846734508903
2023-09-01,0.0017991292600010311,0.008463418310399762,0.002745876860753782,-0.0037452714453009017,0.0007970481467276525,0.0016561304846933744,-0.017141125545277247,-0.05064318329763218,-0.008214885056827659
2023-09-05,-0.004194177587506065,0.001266596141924925,0.01487853880865364,0.0008106716921214563,-0.006154002858205887,0.012720210992701597,0.0008039940175352811,0.046855214011356505,0.014269800268551736
2023-09-06,-0.006971599351452862,-0.03579325418970791,-0.0020085442303227063,-0.009648435594808213,-0.013914209970579572,-0.003265045233500463,-0.030549638100198395,-0.017817428513501543,-0.012656963713093217
2023-09-07,-0.0032112659361860363,-0.029249493588176634,-0.008922309057626143,0.005949533177377342,0.018395430569861038,-0.0016713297766428603,-0.017424237754483318,-0.0017068620153485314,-0.004862079399694075
2023-09-08,0.0014266227216406246,0.003491845455089626,0.013215686955721617,0.008280401863811626,0.0027565441218631026,-0.002611635249869071,-0.014467595458725224,-0.01188916230408743,0.0014385918240569229
2023-09-11,0.006723453106275201,0.006622499932267045,0.01097922645171212,0.003959521784129283,0.035231212663680456,0.032461632293636855,-0.008645751583623573,0.10092549928477124,0.032486549119492114
2023-09-12,-0.005695885604828921,-0.01706069482584638,-0.018257773977525038,-0.011539630266826029,-0.013067856717097759,-0.019183081948384917,-0.006817495362729353,-0.022296863386701782,-0.01755237855292069
2023-09-13,0.0012416323054647016,-0.01185485723623858,0.012930859815810214,0.010122732885860852,0.025632022130484877,0.011270701743332001,0.01370638286578374,0.014281354305895722,0.010764955256513886
2023-09-14,0.00842991886716793,0.00878265541753498,0.00785572014931435,0.010167614139537928,-0.0008975138235036706,0.021831796185570518,0.002110669681957056,0.017471511114000693,0.01198021139914518
2023-09-15,-0.012159612938677844,-0.004153921520616777,-0.025036878926545936,-0.005069016862382814,-0.029919857618376344,-0.03660325396624475,-0.036879606161542955,-0.005977372284481253,-0.020250066844346715
2023-09-18,0.0007212876971294246,0.016913332467334286,-0.003512850464221229,0.005895360207716305,-0.0029204620264398073,0.00745889733469407,0.0015033897783407468,-0.033200974462619715,-0.003331550622975521
2023-09-19,-0.002151010615372817,0.006180973403433487,-0.0012459335355884393,-0.0012302562327924926,-0.016788047695762587,0.0083292602131122,-0.010144085674055225,0.004598918977371191,0.0010410708095622834
2023-09-20,-0.0093947947580596,-0.01999234482333323,-0.02397702699569304,-0.031150120984526852,-0.01700219075536713,-0.017700748624649543,-0.02943477193531152,-0.014671683535119606,-0.02050080795203324
2023-09-21,-0.01640093410321941,-0.008889446284004565,-0.003865690411399725,-0.024674694775770667,-0.04405345369833069,-0.013148009554662221,-0.028930403975067076,-0.026238620989897266,-0.017663857814985362
2023-09-22,-0.002295598477193961,0.0049444998513368255,-0.007886445576419265,-0.001456779365653138,-0.0016238050792075631,0.011327877470367564,0.014457154359066138,-0.042315182614647506,-0.006681129892294857
2023-09-25,0.0040230650909416354,0.007380434568726502,0.0016719491203700532,0.006602817568618802,0.01665124873434287,0.005851313016242976,0.014708129773590262,0.008616467528091087,0.0069785681314185055
2023-09-26,-0.014734533990868215,-0.023398427847781678,-0.017005904489216572,-0.019373078251315512,-0.040298626825268746,-0.006216265871881732,-0.007365849358938137,-0.011619945391094011,-0.01664414936649583
2023-09-27,0.00022931406074522265,-0.008897659426936655,0.0020824994916315287,0.015322383808557216,0.0,-0.004080503698633664,0.013289957255966822,-0.014828753029631048,-0.0024288788586470655
2023-09-28,0.005893173970516585,0.0015257580261796022,0.0027174491650621135,0.013558926655296455,0.0,0.020890481983885323,0.014622817746946737,0.02444908475181906,0.011847493677327847
2023-09-29,-0.002709582086142026,0.003046505838699476,0.006727259941355701,-0.010959079723426579,0.009049050319664742,-0.012337037529036587,0.009515213614401885,0.015585665483353939,0.0021222676964252063
2023-10-02,7.936755559079245e-05,0.014835389202294103,0.019160810949752305,0.025294295278689427,0.01840783446134786,0.022017878882999886,0.029494962612816478,0.005515166158101437,0.017548336400543096
2023-10-03,-0.013744071674259506,-0.007769735331906058,-0.026133999063552182,-0.012968674762259491,-0.03661366636292884,-0.019164198594154414,-0.028248055942091344,-0.020151062008054166,-0.020893186961148946
2023-10-04,0.008109754957160709,0.007308747129176174,0.017773174611066533,0.021218674020240025,0.018280939360016735,0.015418358368065155,0.012041487588807964,0.05934371052307452,0.0238324201955582
2023-10-05,-0.001304030159777203,0.007197899974537458,0.0012540167724743867,-0.0012568196067948012,-0.008188983586829512,-0.002585336502712643,0.014690658100402265,-0.00425032873937603,-0.0006095532849149654
2023-10-06,0.011814893014644445,0.014750475697352217,0.024737073115134844,0.01858288760929261,0.015878056641289273,0.03490924543179652,0.024033399984113135,0.001845841218459432,0.019887976404661556
2023-10-09,0.00630385429964031,0.008451251303441154,0.00782255583584579,0.006105297764900985,0.0023444468936362206,0.009288810848033568,-0.010685812393320337,-0.003300907210654902,0.004849354874279399
2023-10-10,0.005207990781392224,-0.0033521877197549843,-0.004335644355815127,-0.0026005197043561523,0.009511938819224852,0.010931122115588554,0.011596355602124353,0.015211543440507347,0.004890722130557412
2023-10-11,0.00429300817103373,0.007903873597505218,0.012271849004931612,0.0180357634896533,0.01814956889912689,0.018580656585480027,0.022009652960316428,-0.002389822071472425,0.011826997160609087
2023-10-12,-0.00624643434611849,0.005061344049159366,-0.0037903193190732543,-0.011241702004111898,0.0037927633547389927,-0.011164563388249893,0.0029697413714648846,-0.015665976919941982,-0.006392650654219234
2023-10-13,-0.005018858888767519,-0.010292762250233123,-0.010357567405663515,-0.011585320889541562,-0.019194502454286222,-0.02921408980491136,-0.03161157876498455,-0.02993780718577166,-0.019954876299083768
2023-10-16,0.01059436938392988,-0.0007268773619309998,0.014981915232888277,0.01266749601414352,0.021265196921155027,0.02052801060673559,0.013946240008758881,0.01115006015531006,0.013851645085885433
2023-10-17,-9.824505308242415e-05,-0.008784707989040186,-0.0017436936150398985,0.004457225589692637,-0.008147882355257097,0.008874491883279045,-0.04679469753058252,0.0036626021631882555,-0.0007043045369001799
2023-10-18,-0.013399820506516447,-0.007395031584226164,-0.005872436342291842,-0.012596591498892473,-0.025405007278304192,-0.0216975652361312,-0.03964687217315788,-0.04775363208267347,-0.020958048693229148
2023-10-19,-0.008482848196321058,-0.002160860049665758,0.0036654789042356306,-0.0015223708894176458,0.002107149015711185,-0.01312410786377971,-0.0022513069303491395,-0.09300310180733784,-0.019001525622913795
2023-10-20,-0.012585283719027562,-0.014704062276400753,-0.014034763923899685,-0.015607849654434736,-0.02515573116103942,-0.0132988369799939,-0.01695925593634251,-0.036890623300491754,-0.019029532210143363
2023-10-23,-0.0016855698941634634,0.000693989642880366,0.008112254400115981,0.006637238580621929,0.011104892625885654,0.017365910864209688,0.038369585877956025,0.0004245310418349302,0.009153981732304306
2023-10-24,0.007265792222727274,0.0025432205747053516,0.003674083344001877,0.016923056489653643,0.015802781594350668,-0.004649713287237733,0.016009232789084393,0.02093550737020089,0.007244663719818911
2023-10-25,-0.014339628627712542,-0.013491552595650824,0.030678040601648915,-0.0950940586108796,-0.055771610960691276,-0.041657108483471705,-0.04314871664237463,-0.018935922882932887,-0.02362679657138822
2023-10-26,-0.011832519778109618,-0.024605611352544687,-0.03751423639069251,-0.026510628163915806,-0.01499299533713827,-0.03732507188208878,-0.034778161430528365,-0.031352997455599385,-0.03154983762778418
2023-10-27,-0.004800280229768528,0.007969338829701078,0.005855573111147816,-0.0008996275717757518,0.06832816082460003,0.029061749295557826,0.004314816329250348,0.00748448962886572,0.016889141336124958
2023-10-30,0.012010022325859904,0.012305266473982224,0.022740328332504278,0.018744508242211078,0.03890722509168976,0.019984633175267108,0.01632107129319449,-0.04794984223383958,0.010361786926257555
2023-10-31,0.006474957307233353,0.0028186327009396273,0.0023715939905293304,-0.0030532397690359314,0.002863308000901066,-0.004592971349728137,-0.00925642406160232,0.017632730628176496,0.0023011205431482384
2023-11-01,0.010505999486313922,0.018738761358309874,0.023542830253832747,0.01910059254537444,0.02937864429857373,0.03511828127076644,0.03788632184677265,0.023999240251476817,0.026282476611040773
2023-11-02,0.01885855702012762,0.020693416559609323,0.006501537013369418,0.008224585789335492,0.007810272439553012,-0.003142645812976075,0.027903155551908254,0.06248172039245192,0.01570071629276737
2023-11-03,0.009393730253031363,-0.0051811887376459476,0.01286171774692213,0.012628536218510789,0.0038386235328597973,0.01199870606740805,0.03445498029499605,0.006635907937775798,0.009071868214708179
2023-11-06,0.0017529924220356374,0.014605096626928216,0.010572468680085656,0.008907685394199838,0.008225103459209127,0.003814300934679382,0.01657583063194301,-0.0031369449915676917,0.00713906939615816
2023-11-07,0.0028401189192852616,0.014450792440048987,0.01121933346418369,0.005527866223349109,0.02125376487729147,0.009563010489723967,0.004459096375565963,0.013271256198382764,0.01184405273659972
2023-11-08,0.0010049156221052513,0.0058848498389905135,0.007405793345784062,0.006642652622055989,-0.004414580990635519,0.003011147457619767,0.0134695678051997,-0.00031502415940676265,0.003895517859864084
2023-11-09,-0.008083839306732843,-0.0026244461496049976,-0.006910911099420658,-0.012135767043802481,-0.010416636461610618,0.002407735480370876,0.008073248902240815,-0.054612601186257326,-0.012162164628609973
2023-11-10,0.015616441094852496,0.023219835968546487,0.02489681044211345,0.018043414943335057,0.021052569890351647,0.025643462163864372,0.029499337095375333,0.022240205086035525,0.023569298428348207
2023-11-13,-0.0008358389332403515,-0.008583395563288576,-0.008088232891096836,-0.0037708449788965703,-0.006756765374750118,0.00127756014498015,0.005896267203105321,0.04220830689495392,0.0026631749760663848
2023-11-14,0.019075017703661823,0.01428559759714898,0.009790497379907892,0.011582982392024377,0.02251214528584833,0.021628875512822887,0.02130816839028493,0.06123998273248876,0.02306310183144178
2023-11-15,0.0015970120755575135,0.003040970099537743,0.00040592734235223027,0.007483784233460522,-0.017832688951265996,-0.010704497508647659,-0.015466486652603972,0.022871793909364557,0.00013124240167794454
2023-11-16,0.0011904273935798848,0.00904216391263124,0.017583270403328966,0.017159507570340793,-0.0025837648398919777,0.004448364501571378,0.012109638046727378,-0.038090924639652135,0.0019562506376993305
2023-11-17,0.0012820490603360213,-0.00010554930333805945,-0.016800890467822738,-0.011830853167646094,0.016453061783939793,0.002543541716684361,-0.0036783994010142207,0.0030395424675642158,-0.002851913330412348
2023-11-20,0.007390278097329839,0.009278275928345181,0.0205218299279486,0.006947026059239247,0.0065436854591447435,0.014714618553235415,0.022536377237291072,0.005548455120893081,0.012717756954021109
2023-11-21,-0.0020209310950652926,-0.004230827621712008,-0.011577952680577486,0.005284436964965167,-0.015260459261028925,-0.008794891419543704,-0.009224531339668496,0.023769060694616817,-0.00304423673622356
2023-11-22,0.00406112922094648,0.003514451442429456,0.012812537522650214,0.011097277963302066,0.019527539517508297,0.013383563688424749,-0.02458759807556976,-0.028980059381488954,0.00407832581519374
2023-11-24,0.0005968736678840791,-0.0070042866595053654,-0.0011115721070836804,-0.012997354866272848,0.0002044767086364363,-0.009546293878531675,-0.019295414807267597,0.00529435207219775,-0.004383191694718902
2023-11-27,-0.001954157460090089,-0.0009475085454957455,0.003126366080439258,-0.0020483875354988523,0.006746559883569869,-0.01043674495352609,0.009753759243066318,0.0026757481035388775,-0.0004883287781513035
2023-11-28,0.0009801185306033133,0.0032140825885234037,0.010802723168093387,0.005791274005944702,-0.00473835354015173,0.012817408917022322,-0.008726787242023692,0.04506946504203557,0.01313987449913867
2023-11-29,-0.0009462486392383118,-0.005409780431936295,-0.010060010281752962,-0.01610770857792232,-0.0048288883967405605,-0.02002995299079724,0.0066707352231740735,-0.010457205813430348,-0.011299072893994233
2023-11-30,0.0037840728581564065,0.003062847174125638,0.00015830690600826536,-0.01822377077811599,-0.001571972217158657,-0.0152018202327866,-0.028458603386456893,-0.016629792613843564,-0.008527611643569188
2023-12-01,0.005873742123607695,0.0067913823915943805,-0.011612258096993622,-0.005055419139667561,0.006434406632690459,-0.0071222418594435455,-0.00010699198759778206,-0.005206597761023168,-0.004381645319628924
2023-12-04,-0.005408509126972105,-0.009464594895670086,-0.014338685965087472,-0.019641980554817917,-0.014894936132684111,-0.014777349539683682,-0.02683647809984102,-0.01360800559009756,-0.014618241788849629
2023-12-05,-0.0005688697261614362,0.02106316787468887,0.009156333771530578,0.013305509229590173,0.014084566393959497,-0.005405786609596008,0.023293856050048634,0.013328802806870987,0.009489988087046042
2023-12-06,-0.003906202808869552,-0.0056870134236578496,-0.009985959241717746,-0.0074050893773902615,-0.016067541747663228,-0.0026392496496902007,-0.022827943558169528,0.002722829646282676,-0.006490346581591866
2023-12-07,0.007968189065892917,0.01013938206473064,0.0058296224622658155,0.05314557281524035,0.016329923474831087,0.028792083004182345,0.02402049795682215,0.01366087788429815,0.018706079177665202
2023-12-08,0.00409549786994079,0.007412289075468204,0.008842221446980991,-0.014167716237254324,0.0036764247561378305,0.01886155428857461,0.01952953376024058,0.0049455858525417895,0.00790861140120791
2023-12-11,0.003924494286698943,-0.012927378881377516,-0.007829423853303763,-0.012593746012881435,-0.010378502226973785,-0.02244935680421445,-0.0185029192577173,-0.01681426716823431,-0.014330250436596415
2023-12-12,0.00459935752021523,0.00792007526830285,0.008295188792165842,-0.00577675619854956,0.010898597193382598,0.02748400925136041,0.022090369851112346,-0.011387381846063915,0.008691457767624922
2023-12-13,0.013650676351045998,0.016691543130789244,-2.675456035194923e-05,0.0003773763843075706,0.009221593773735215,0.0015558650646507743,0.009043755786639851,0.009619842336358264,0.005380664841019289
2023-12-14,0.0026470624846992585,0.0007577731072168081,-0.02254454072214973,-0.004752221566521331,-0.00954043404920335,-0.004690064857719833,0.005448240524509318,0.04914543063053567,0.00015883585850851034
2023-12-15,-7.62494933082003e-05,-0.0027258087101013073,0.013117280821630883,0.005002217734868752,0.01729753821347546,0.005252512666322984,0.011168498402707172,0.009758999874367902,0.008277043743149637
2023-12-18,0.004528344366900416,-0.008503282031419812,0.005178944861490287,0.02413276654043295,0.027338841569267247,0.028962124675152356,0.024279075170283715,-0.005601570686174839,0.011440752142318766
2023-12-19,0.005866407818910568,0.005360149624044963,0.0016369501425403943,0.006259088451442629,-0.0018174467759756174,0.016655944943207546,-0.009445532538168822,0.0203903496997484,0.008410920044566561
2023-12-20,-0.014684266911006771,-0.01071405862280761,-0.007072885414568519,0.012367342579111096,-0.01085895208954335,-0.0030825779090826178,-0.030098393667461365,-0.03918825045959673,-0.011493843674776572
2023-12-21,0.010301467821202559,-0.000769788919561698,0.007878827462311833,0.015035627472541169,0.011306871390431628,0.013771241385336808,0.018270403011719782,0.029780693649462897,0.0131067741197326
2023-12-22,0.0016600585268868873,-0.005547588709240325,0.002784179379245799,0.0076197572522875845,-0.0027300973670256745,-0.001976806430881939,-0.0032660488677196398,-0.007701401626197146,-0.0014674249535501227
2023-12-26,0.0042316894655107795,-0.002840942542438274,0.00021342700132165326,0.00021217979338206128,-6.514474615582078e-05,0.0040747471421118675,0.009195114989155817,0.01611622781987765,0.0036495677363244106
2023-12-27,0.0014304577464787638,0.0005180574083885059,-0.001574699064892493,-0.008126151800132986,-0.0004563413242133496,0.00845477923656035,0.002800479161604974,0.018822405072142834,0.004132025227528091
2023-12-28,0.0003701746080437829,0.0022262621419884,0.0032346955059798788,-0.0009973431182120907,0.0002609139551152939,0.0013692843191845938,0.002124749708021678,-0.03159428430420175,-0.004044336443335905
2023-12-29,-0.0028264750133749628,-0.005424112630959987,0.002025092763549452,-0.003850813648316964,-0.009388462612883952,-0.012167798249966388,0.0,-0.018563856087399966,-0.007464934446365978
2024-01-02,-0.005660579005492328,-0.03578658230770726,-0.013748522252128859,-0.010881196302469753,-0.013228970207501023,-0.021669229524047595,-0.027341453886276512,-0.0002414583049958896,-0.01629752598605605
2024-01-03,-0.008016314922730805,-0.0074876270329862216,-0.0007280428883447154,0.0054281718516331345,-0.00973782115920796,-0.005255678770132888,-0.012435519229122005,-0.04013364984377277,-0.009971071198296877
2024-01-04,-0.0034283812973570083,-0.012700258484338756,-0.0071774565700563064,-0.018212103453046802,-0.026267891590348702,0.0076930523458087485,0.009018444714437912,-0.0021807686270334248,-0.00602398605213883
2024-01-05,0.0018256861788026324,-0.00401299936097177,-0.0005164778012010096,-0.0048388984533120905,0.00463442024626004,0.013914342818029057,0.0228967177535897,-0.001849229589212631,0.003137213109349002
2024-01-08,0.014114629309846638,0.02417501046738746,0.018871647159631744,0.022913152652890068,0.026576703830634596,0.019065460970459247,0.06428108509982833,0.012463646412957496,0.02119534650940036
2024-01-09,-0.0014779006799081618,-0.002263534369174147,0.0029356987018189784,0.015197375322739681,0.015224607114340927,-0.0034296286181362268,0.016975085799397327,-0.02283214932024613,-0.0005307160773044828
2024-01-10,0.00566597189372442,0.005671382766131217,0.018574176019896527,0.009435770075210126,0.015590940651907248,0.03648278146008277,0.02277001974811821,-0.004341182513256769,0.016628781980702945
2024-01-11,-0.0006710555783868699,-0.003222537677689763,0.004859356025081363,-0.0014056339822841046,0.009432101662268044,-0.0021593539028790243,0.008684384771284748,-0.028725319101363445,-0.003005823560605636
2024-01-12,0.0007509755941104146,0.001778233692573794,0.009983650068053684,0.004011863437033636,-0.0036086969005325598,0.013038483677807244,-0.0020430858804783014,-0.036660513098772496,0.00031285217575094393
2024-01-16,-0.0037313402367431525,-0.012317176618192094,0.004633508822121435,-0.0011215257661739697,-0.009442449238027617,-0.018772227388718088,0.03056127613054449,0.004659894354722027,-0.004243417050964204
2024-01-17,-0.005616897183990499,-0.005173553260094277,-0.00204989211490203,-0.007158414795358281,-0.009467203666572499,0.0024765286717292057,-0.005835185160615541,-0.019826295019533036,-0.005307115132588636
2024-01-18,0.008805260963896,0.03257077991441726,0.011297327292999926,0.014207735968499113,0.011798781932089941,0.021065716657062694,0.01880361096657257,-0.017026203279914,0.012786358796834874
2024-01-19,0.012313502764936146,0.01553313373185028,0.012186937008178633,0.02021203393108295,0.011986946826648914,0.019461428340981968,0.04174618912092054,0.0014630807600990448,0.014743997570593637
2024-01-22,0.0021943252026270788,0.012163185403887944,-0.0054180451844961786,-0.002664302130014229,-0.003604979862209201,-0.004355093988943737,0.0027399065385724786,-0.015976244642273096,-0.00368185324517345
2024-01-23,0.002921374261968035,0.006653137267737197,0.006027557466615541,0.007192332108055588,0.008011406531487353,0.008958043173457275,0.0036711854901001484,0.0016283349277841364,0.0064514226865126645
2024-01-24,0.0008119284117831249,-0.003483920201363011,0.009175296673686661,0.011289489703989464,0.005447960655367012,0.014278313440387214,0.02486925562687503,-0.006263735117226887,0.007191776944261763
2024-01-25,0.005260365527706368,-0.0016965356082416783,0.005738223915985996,0.021317874110226898,0.005609771850602074,0.006347522744189593,0.004155715106553659,-0.12125293136804816,-0.010629982245799807
2024-01-26,-0.0006517852510764532,-0.009012797401252937,-0.0023217926588072757,0.002107179981335028,0.008684596622424712,0.0024416653618160034,-0.009510399622606691,0.0033948152034783963,9.539295358518274e-06
2024-01-29,0.007556774896180896,-0.0035860033641095246,0.014334140087444158,0.008673373173407661,0.01344896590822775,0.01745568145963916,0.02349631277604769,0.04190991910385411,0.015911728237130163
2024-01-30,-0.0006006499345398986,-0.01924578440881386,-0.0027578941522774514,-0.013354225718832158,-0.014014601164705653,-0.0023938538965055933,0.00494671501792765,0.0034567835721344142,-0.005802510313670517
2024-01-31,-0.016105744611597972,-0.019357645942495894,-0.026946334543849426,-0.07500327142478913,-0.023899390262627773,-0.024796359586050865,-0.01986486765834239,-0.02244377647032403,-0.028989519810720066
2024-02-01,0.012493688211609788,0.013340627155068674,0.01559437336048819,0.0075660996012481,0.026288672108771616,0.011893169880164756,0.024379482199792024,0.008382761388752824,0.014190306972568623
2024-02-02,0.01068444607751462,-0.0054050257812583435,0.018425953488713898,0.00864275627812594,0.07866649218561839,0.20317639753060068,0.04970894464525544,-0.0050301649114266045,0.06677093644837662
2024-02-05,-0.0031863375266721894,0.009846579405989653,-0.013545134020325644,0.00913036342217488,-0.008730574595861018,-0.03280066098183154,0.04794448794087436,-0.03645365318513305,-0.014151793736226104
2024-02-06,0.0023104108269635937,0.008631791741856354,-0.00039454099152869126,0.0029232077588352556,-0.00681113075414308,-0.010208791614221724,-0.01599560758526075,0.0223130928940527,-0.000638560932869181
2024-02-07,0.008241457963390042,0.0005809648573218418,0.021110289408679206,0.009993016350269945,0.008158468416245013,0.032701461836882606,0.027497850664000456,0.01339813963135228,0.01900152846867731
2024-02-08,0.0005705832608251526,-0.00575463688822675,0.00014499796950584454,0.0025423384383140846,-0.004046223223746481,0.0008731305309546133,-0.006533629664797758,0.010555473441792307,0.00035864903196292097
2024-02-09,0.0057423415255595245,0.0040939697495763205,0.015551353231407106,0.021177319909384762,0.02714319777292107,-0.0040213374636651755,0.035783882976198944,0.021154303741671487,0.011868939820992574
2024-02-12,-0.0009489536011326738,-0.009001795243512967,-0.012578704656954542,-0.009865769929725543,-0.012095159915523457,0.0016876301980328634,0.001594094316541561,-0.028103539988478476,-0.009069954298479899
2024-02-13,-0.013674255653625456,-0.011274373613944677,-0.021528714978791608,-0.01620008043907828,-0.021469171561243172,-0.018724656654600436,-0.0016607599580092947,-0.021846598116614713,-0.01825209295453345
2024-02-14,0.009579763275017639,-0.0048099297527620655,0.009665494429877963,0.005511742675250897,0.013875689909627953,0.028601317839089813,0.024567305784336746,0.025486372853585015,0.015935154276359054
2024-02-15,0.005821250684729495,-0.0015746648866687973,-0.007155234420361034,-0.021721146484906306,-0.006901349311422389,0.022713777993462747,-0.01680661418991758,0.06221180550417671,0.008352602385298669
2024-02-16,-0.0048034698371121065,-0.008430339113672747,-0.006149218391671818,-0.0157595122853601,-0.0017079419299743659,-0.022126597763684308,-0.0006194151779410628,-0.0024943876658132247,-0.010740537949352813
2024-02-20,-0.006005322001165325,-0.004113763408777782,-0.0031431197431862623,0.004269827000500159,-0.01433539469369316,-0.003317088259251366,-0.04353195076928251,-0.030957752117438453,-0.009031704912943583
2024-02-21,0.001264199922982101,0.00418591445378369,-0.001514499403132974,0.01013327033268041,0.00903755380828164,-0.006832972393435055,-0.02850895149182009,0.00521268473502845,-0.0006750009806084645
2024-02-22,0.02112288421741404,0.011243905272791732,0.02354667692340029,0.010803213782035526,0.035530017339574504,0.03867291214476709,0.1640089021046789,0.013554445406056326,0.031316712136341796
2024-02-23,0.0003479475462115911,-0.010034038920313071,-0.0031822415748032906,-0.0009020729444332298,0.0023485144793740087,-0.004319910493650325,0.00355224888776573,-0.027556873210526134,-0.006057989950689291
2024-02-26,-0.003786751350190576,-0.007451340493702219,-0.006823669726564452,-0.044387268689796144,-0.0014858549486425066,-0.004731105851792039,0.0034892175932184077,0.03870392576202142,-0.003197017520260026
2024-02-27,0.0017063496993998672,0.008114339516641644,-0.00014726938333875506,0.009522189609977971,-0.006810521779339163,0.01102257572704235,-0.004943660949633832,0.0016549741281637331,0.004075438957981348
2024-02-28,-0.001658155060430544,-0.0066254245074585105,0.0005891642992181811,-0.01800118261435213,-0.0021896371944472026,-0.006221226786750411,-0.013189105138071255,0.01156560160219966,-0.0033569719695526468
2024-02-29,0.005229094697149161,-0.0036931023000530416,0.014519722165985183,0.015251487144199771,0.02078996747858297,0.012623577970884092,0.018657419092572347,-0.0007918650199801869,0.0110242576342372
2024-03-01,0.00800782894888763,-0.006030409242451573,0.004496532690258848,-0.009533444341396136,0.00825982552183624,0.02483003595630917,0.04003175941423587,0.003764585340074067,0.010136766101258354
2024-03-04,-0.0011932620709189656,-0.025381270043044246,-0.0013957618272136818,-0.02763598606907902,-0.003591063770984282,-0.008182340402288046,0.03595097794642155,-0.07155546804023882,-0.014887831508283655
2024-03-05,-0.010193100883444606,-0.02844093754087962,-0.029572028016130014,-0.00509933735920487,-0.01948421375262155,-0.015997897780823944,0.008576480633962769,-0.03933237971984138,-0.021532048499990464
2024-03-06,0.005141103203274655,-0.005878139091754497,-0.0013907983073460084,-0.009572669883304297,-0.0035033346396604603,0.01197412246540619,0.03182718001696805,-0.02323786698783792,0.000588653698668784
2024-03-07,0.010304127925951478,-0.0007095838942193788,0.017533438732423523,0.022678900052300888,0.019076784751165476,0.0324538676701569,0.04474630154677772,0.011951969472048907,0.02163039329490668
2024-03-08,-0.0065285190034379825,0.010236605501964924,-0.0071369193710930645,0.007664750869585957,-0.008313545751684748,-0.012182910257559576,-0.05547694087832156,-0.018527834714126334,-0.009784627385403977
2024-03-11,-0.001122238087346461,0.011831678819292035,-0.004184950313400271,0.016690074093640206,-0.019332758891648982,-0.04419415121363457,-0.020039228209568494,0.013858834181150304,-0.013595038862422193
2024-03-12,0.011201787981366396,0.002778604451858069,0.02659944274343662,0.006028766796283058,0.019946455814511488,0.033416745433720196,0.07157184855692078,-0.0012938683737420131,0.022991983844124153
2024-03-13,-0.0019245297153407392,-0.012122521554814969,-0.0004334993817767252,0.009314153990876983,0.0066708374081581034,-0.00836421466907078,-0.01115195143164005,-0.04539820808488959,-0.00785345208364463
2024-03-14,-0.0028710915621273925,0.010927211551513105,0.02437978764037041,0.02367856848853389,0.012403729449981915,-0.007546946990328984,-0.03239154278074419,-0.04118477639544138,0.0022418924459026712
2024-03-15,-0.006482917484461503,-0.002196605385262229,-0.020695215436524306,-0.013417382053160454,-0.024223786467438835,-0.01571663911675647,-0.0012167412979215975,0.006584660456730784,-0.013338132460004593
2024-03-18,0.006318059504952345,0.006372353400492692,0.0021612666863481955,0.04604051324878444,0.00034398325434925603,0.02660600717527717,0.007035873247049462,0.06254200201423088,0.01972100200802962
2024-03-19,0.0056491496501236416,0.013585125804141285,0.009800702896991531,-0.004401345809327051,0.00813845829732096,-0.0014890353524618094,0.010660809700340224,-0.014269250195585559,0.0029386976559291345
2024-03-20,0.008904173912846591,0.014709153408561715,0.00906479113540537,0.011630393006967665,0.012791359170393646,0.01870059357250531,0.010895086615281269,0.025332688257929448,0.014895386312773873
2024-03-21,0.0032365354015160275,-0.04085730250883157,0.009735806058604135,-0.007664351422892568,0.0,0.004431141735737665,0.011762472151270797,-0.016167575308454918,-0.002261377885409477
2024-03-22,-0.0014021878490156903,0.00531012932640218,-0.0014673148906481082,0.021476955777931517,0.0040415450203241665,0.003584294995923276,0.031213467695968333,-0.01151490226146512,0.004039225061589935
2024-03-25,-0.0030549644525015296,-0.008300425432743563,-0.01371458347652943,-0.004642837016865409,0.004696213001679439,-0.01287330442984036,0.007561705083949377,0.010536808713131895,-0.0065481125765363135
2024-03-26,-0.002799795225030266,-0.00667256305854369,-0.0028614455963021923,0.003998005655420744,-0.007845994154095037,-0.014174342275760976,-0.025694005452481017,0.029195349264770964,-0.004532720799211187
2024-03-27,0.008630626525532925,0.02121278593778886,-0.0005217957296325126,0.0013273617520155323,0.008581036192426339,-0.004093672874824539,-0.02496749925474029,0.012157391142962881,0.001736745666647499
2024-03-28,0.0011164855071790214,-0.010559337881592468,-0.0016846033318198561,0.0003977723121142418,0.0030584610251771505,-0.016765898266151824,0.0011745728324381588,-0.022465709302040393,-0.008382065484392576
2024-04-01,-0.0020135845401164643,-0.008455681926342051,0.009150949222302085,0.030212669619693155,0.003270852211551434,0.01188267788532138,7.746397312802245e-05,-0.003242460249155976,0.0076040071549525745
2024-04-02,-0.0072390590731691296,-0.006998782765317624,-0.0073721307829505145,-0.0059809942125753635,-0.0015472110151306673,0.01225197480948581,-0.010081531062843374,-0.049024062767074494,-0.005356833710310482
2024-04-03,0.001091122364688113,0.0047973840071102725,-0.002349250564541383,0.0023290580257520066,0.009519072430478781,0.018839172008892957,-0.005455433187881331,0.01050231020055925,0.0074798783979668215
2024-04-04,-0.012334336350379616,-0.004892358412541542,-0.006112453287822506,-0.02833717682054404,-0.013212014767422509,0.008248837968043654,-0.0343847723010946,0.016213301154368365,-0.0037480868849720794
2024-04-05,0.011099194174331695,0.004501804904474271,0.01828280637596147,0.013087035250310741,0.028166707356770848,0.03213802131080046,0.024480693446533586,-0.036292482565110196,0.01645142710325076
2024-04-08,-0.00037463099831791524,-0.006663480189762594,-0.0021855338226913767,0.015409972818257067,0.0006483768975988902,-0.015341119875925346,-0.009942372797566712,0.04899940648952894,-0.00025261584353286626
2024-04-09,0.0014454931932483817,0.0072425075201734135,0.003980267489789746,0.011301218724252715,0.002591909504893186,-0.0045256283524129914,-0.020417225409504303,0.02254601255405486,0.0028680180363935825
2024-04-10,-0.009456980649108493,-0.01113928801978692,-0.007084566497483236,-0.0029373161295437322,0.0015080453603608657,0.005668215021410683,0.019741496373553602,-0.028946236061948905,-0.0032555366380371265
2024-04-11,0.007444797710585593,0.04327081281261291,0.01103340598049396,0.02094266493576158,0.016671181255133227,0.0064060616781844715,0.041096471839071835,0.01653476762638495,0.01639016751055089
2024-04-12,-0.01455068829580164,0.008626896861379851,-0.014090992803074354,-0.010538832077349625,-0.015445639364236818,-0.02152310231642307,-0.026816435284081064,-0.020332204625772565,-0.015166290204131738
2024-04-15,-0.01202135494776202,-0.021863659964688642,-0.01957812401489889,-0.01819565530999967,-0.013485250630092094,-0.022797429781731604,-0.024777157742474465,-0.05594859487563397,-0.02390334362029012
2024-04-16,-0.0020565070133361507,-0.01916730128898181,0.002272399540074188,-0.0029705179491570366,-0.001633742516860992,-0.0009395162932065437,0.01644170398294098,-0.027062145360474688,-0.003929634818815586
2024-04-17,-0.005780602724641426,-0.008147371258492186,-0.006609040080731043,0.006930133263067351,-0.011128128209780819,-0.0111854303700899,-0.03866621075273469,-0.010565868854054306,-0.009451917522228959
2024-04-18,-0.002208160119998248,-0.005714332805907163,-0.01838093154429199,0.0034732372179711035,-0.011363622972558218,0.015439991434330613,0.007568373544944329,-0.03550983840996058,-0.004422117511377777
2024-04-19,-0.00875854812743615,-0.012212491644835954,-0.012738987201094232,-0.012306883550864844,-0.02561096030926935,-0.04131121735673349,-0.10004601118042833,-0.0192088959161848,-0.027906957670617794
2024-04-22,0.008731248071466746,0.005090927194846495,0.004610094536008136,0.01421240172140159,0.014888568814227066,0.0013718664844142303,0.04354317024185761,-0.03400203941675628,0.004031111790135489
2024-04-23,0.011964576270872662,0.006391603989741146,0.01648564132594088,0.012669624449298977,0.01303389727631088,0.029830009796719015,0.03653268890081707,0.018514534090260826,0.01988078768699153
2024-04-24,0.0002130100613548791,0.012702206028063712,0.0036557209553405023,0.005497402987491462,-0.016430862529557833,-0.005240839073397119,-0.03331592341115941,0.12061109407252757,0.008369605260773572
2024-04-25,-0.004576430353515626,0.005147322363907358,-0.024495204185164043,-0.01966958792095519,-0.016535467634067658,-0.10561302138320494,0.037087160445573586,0.04965143743002587,-0.03411024155106124
2024-04-26,0.01020914263474304,-0.003472892217286083,0.01824379024675382,0.10224369028279168,0.034260361668536854,0.004327447487716185,0.061755962896486105,-0.011105884774887609,0.021163661633756048
2024-04-29,0.0031784486665891176,0.024808124907375495,-0.010016817852668947,-0.033730725156309704,0.007460258507441919,-0.02407015421414005,0.0002504702297991823,0.1530691710339953,0.006731818507123899
2024-04-30,-0.01573051358686217,-0.018270970977325662,-0.03211936060304743,-0.020282923779985973,-0.03293549122868411,-0.0056630713269196775,-0.015440201877682358,-0.05550118063944742,-0.02444037174322289
2024-05-01,-0.0034354388154940185,-0.006047095563455285,0.014409492111452149,0.006634716630945059,0.02285714285714291,0.0209684454373551,-0.03889974848360023,-0.017950640048260635,0.007507405818201418
2024-05-02,0.009128437077573048,0.02203205007111464,0.007342817842190152,0.01684351960634478,0.031955314082140474,0.005669426685800172,0.03342940477254075,0.0001110562423569661,0.012686452652923563
2024-05-03,0.012556739721478527,0.05981610854965447,0.022169756880304092,0.003721227363248092,0.008066292135759712,0.023274745415761355,0.034631830947632114,0.006555235656792835,0.021890208834607572
2024-05-06,0.01032612390701182,-0.009106727195306918,0.01691829608562334,0.005142319845404364,0.013371946429286963,0.030356772739618343,0.03774109786704716,0.019703030064167848,0.01754950035416436
2024-05-07,0.0013434298232750663,0.0037971793373776652,-0.01015622691495266,0.018738723752734998,0.0003179520909595279,0.005497365301014412,-0.017212875265491312,-0.03761635178001177,-0.0037204654204167076
2024-05-08,-5.835618166138978e-06,0.0018641242900210298,0.002931531094032991,-0.01091954244702864,-0.004026247769404412,0.009311477720849615,-0.001568060290118578,-0.017378079862311324,7.648584664288194e-06
2024-05-09,0.005090947698625836,0.010014188731596319,0.004335812655010818,0.0034242064820999563,0.007978723404255428,0.005966988380089022,-0.018415802181138363,-0.01573946875450305,0.0024083132017203024
2024-05-10,0.001649398844549843,-0.006890254752729752,0.005869183017267687,-0.007707868650382643,-0.01065965315282813,0.0016406291231056969,0.012744171693345185,-0.02035238689978358,-0.0022477978696910927
2024-05-13,-0.00024130405535727206,0.017645516089005664,-0.0024595213542434324,0.0029055466844298827,-0.004853789332504466,-0.01719861505699427,0.0057967898125694806,0.020300339194899042,-0.0014481962778383206
2024-05-14,0.004837813139759728,0.00617342239273988,0.006864735444248149,0.007094668552425576,0.002679959159411549,0.008204830487529735,0.010586406128782588,0.03292805679333921,0.009590617139755953
2024-05-15,0.011715927882596233,0.012217977785584422,0.01748388687764746,0.012739229799690444,-0.005773249525686364,0.020536233406521553,0.03583775281931523,-0.02005067585133169,0.01175985869379792
2024-05-16,-0.0020816677921287052,0.0006324085323490269,-0.004940000755710217,0.009680470723064216,-0.012688857146349708,-0.017257079785138796,-0.002863835568329587,0.004885285464054867,-0.006038587175639765
2024-05-17,0.0011647735102702228,0.00015804267265462357,-0.0018527799747870555,0.010793634608221137,0.005826891232250109,-0.0027893828317910874,-0.01992395530764579,0.014985188920464187,0.0009526664374257532
2024-05-20,0.0009163899374069473,0.006162204804045501,0.012208326091735389,0.004884707379630093,-0.006280474722663021,-0.006505446272756288,0.024881436789673028,-0.014144086952910362,0.0015696168283878542
2024-05-21,0.002501874243978186,0.006857283835614236,0.008698948119734595,0.005256700530289926,-0.0021248741632045043,-0.00897964033025267,0.006393709581286933,0.06659050790792542,0.00795034038505027
2024-05-22,-0.002706123039226127,-0.007538330187903175,0.003449514169011625,-0.008265475900460784,-0.00010914012742568868,0.006779546663244318,-0.0045708669627329,-0.03478030697150003,-0.003049567846638457
2024-05-23,-0.0073807894850155265,-0.02105819019212607,-0.008176166415515329,-0.0160448624793893,-0.011358061353112014,-0.004275476751099294,0.09319647934951125,-0.03536724832380789,-0.006930995284115893
2024-05-24,0.0070010425881694704,0.016588180303970246,0.007400368528816426,0.008297195478168318,-0.0016570176564539851,0.026707873292916906,0.025722770184755994,0.03165649721483632,0.01637446760805461
2024-05-28,0.0002488018529340774,5.264206139510286e-05,0.0003720656597072658,0.00805762174561342,0.007745471073219212,0.003554975214270284,0.06980423931407276,-0.01389201861667555,0.005545663940465628
2024-05-29,-0.007367046509680453,0.0015790169923834974,-0.0026724220432622348,-0.002834419818833367,-0.0007136405620595809,-0.011585395121169961,0.008112274332450431,-0.0031683030189180172,-0.003812878272800857
2024-05-30,-0.005975035585443322,0.005255065184347485,-0.03378614350909326,-0.021546239834868586,-0.014833517662161122,-0.015410233557967667,-0.03766609162333456,0.014756744473008343,-0.01662941684521524
2024-05-31,0.00802787620486467,0.0050186282169923935,0.0011093126027910127,0.0022658170670961653,-0.016060700229647673,-0.00047101584431097354,-0.007845961773239152,-0.003971091681523098,-0.001688474916854199
2024-06-03,0.0011160825806737495,0.009258767969442916,-0.0038782918717178427,0.0038841161923353074,0.01076849847083472,0.022834796325659212,0.04895417755640796,-0.0100517100545634,0.009939724972335195
2024-06-04,0.0015028090913065117,0.0016493051912931378,0.006166454724658044,0.003580297310003866,0.00560726713319748,-0.0010470850373089924,0.01249565922442697,-0.008622094682395387,0.002256436682256835
2024-06-05,0.011847649793331305,0.007820805915865314,0.01908343457699857,0.00932167615481072,0.010817455564965828,0.03788337599157754,0.05155585850049982,0.0013159908560766986,0.02155279466277671
2024-06-06,-0.00019981663563317653,-0.0070964261083915625,0.001202779359617434,0.007525054684154542,0.020520748266509736,-0.0026258624620814075,-0.011777198739792327,0.01680001395089281,0.0024776950358424976
2024-06-07,-0.0011152197300303701,0.012391918770626953,-0.0015781980404543372,-0.012844393210720173,-0.003783767287795614,-0.001620317840225538,-0.0009090825363169408,-0.0025851787543875737,-0.0014681537523892896
2024-06-10,0.0025808546645145203,-0.01914782970326545,0.009484374135882323,0.004303883728649316,0.014975553234585881,0.019555388412292762,0.0074614364905303265,-0.020791089307163446,0.005986178799315178
2024-06-11,0.0027103813151374556,0.07264919938302095,0.011241722297683054,0.009199608136258641,0.0009087895389929823,0.00968969326712421,-0.007144017476050424,-0.018010183238054034,0.0120275673977428
2024-06-12,0.008503672791998707,0.02857841452639609,0.0193677124585947,0.006624191623925801,-0.0018159287809064173,0.0026995792541659736,0.03548095955957131,0.03884911216309472,0.015212918641604567
2024-06-13,0.0023446558536817097,0.005491091819456395,0.0011789805959152577,-0.014792604957759137,-0.016373254687715777,-0.009315277212563755,0.03522361593815404,0.029217711832219218,0.0004803749632937837
2024-06-14,-0.000393860697500914,-0.008168244379599399,0.002241973232202543,0.00930571480563902,-0.0009247574783878276,0.0011119858936299298,0.01751415623203978,-0.024442410719736185,-0.000515815096732819
2024-06-17,0.007664386564552705,0.019671334219503622,0.013105215255968972,0.002545496717347495,0.002177904217078641,0.004899216159451214,-0.006824448891115331,0.052974598199923895,0.011936731601917883
2024-06-18,0.0025213273947457537,-0.010984414798411724,-0.004527539676340564,-0.012130457355075785,-0.006791263808433312,-0.01409313317819727,0.035119816994186204,-0.013764414198944475,-0.006976604046847079
2024-06-20,-0.0025259318472709014,-0.021512916115879244,-0.0014337604204004428,0.006910664379151665,0.017996874289478493,0.00442460611784945,-0.03540337020764539,-0.017797215597047833,-0.0036107890943192222
2024-06-21,-0.001562130321101196,-0.010444442132493403,0.009154037480848087,0.018888367476283863,0.01601287280926522,-0.013793141779869789,-0.03219153675196895,0.00793075466503601,-0.0008239162804544176
2024-06-24,-0.003065171894990004,0.003132753077057071,-0.004691058848682705,-0.0022825262987746786,-0.0185635417434159,0.008347140052151758,-0.06684045674255823,-0.0023495584322592578,-0.005564168648924284
2024-06-25,0.003933590015736899,0.004468122748529035,0.007326740998037096,0.026838590150480846,0.004149318226444709,0.023431123421191913,0.06756404928597481,0.026125557150967316,0.01883200308047117
2024-06-26,0.0015724312002203256,0.019993269249139134,0.0026832908112384146,-0.0008151454440458172,0.03901472799901873,0.004935245457885928,0.002458670528646012,0.04814512260377568,0.013171920117397873
2024-06-27,0.0009073212238914774,0.003985945956537673,0.0015260039908673306,0.008320598900846798,0.0218997235669518,0.012550613646137077,-0.01906645695733722,0.0053470646120412635,0.006600983875097111
2024-06-28,-0.004083652583445674,-0.016254105556002818,-0.013028641094899429,-0.017582702093514202,-0.023249966952787915,-0.029524930110761183,-0.0036293586497734287,0.002330091774560339,-0.01721837768218748
2024-07-01,0.0026755639309195,0.029104435971356812,0.021881590760153502,0.004611592388682029,0.02043982896891161,0.0009123177666228166,0.006151875293954445,0.060541719385108106,0.018250194573976586
2024-07-02,0.006195317856513505,0.016240016460299822,0.0055831308600331475,0.012295836406628569,0.014198798656638534,0.009550689883699226,-0.013113505328165465,0.10197271435359379,0.018915576473086393
2024-07-03,0.005084444409779065,0.005810967894156471,0.0032442545997439787,0.003131086601544153,-0.012050018310546862,0.000902803092035942,0.04573243761532808,0.06542422054051067,0.011519942110148618
2024-07-05,0.005448765178485582,0.02162042221536531,0.01473617192439014,0.025723871532107978,0.012196992290986808,0.05872991856683596,-0.019098794133007746,0.02082067005771515,0.026349910949797772
2024-07-08,0.0010166989647510949,0.006538906630196184,-0.0028230874838927056,-0.008237305510748194,-0.0035500335693359197,-0.01961428653156183,0.01883475189504824,0.005645666924397386,-0.004449727598352826
2024-07-09,0.0007410719362856977,0.0037748597576887644,-0.014370374588737689,-0.0002645010380326607,0.0002509059834530092,0.0012848278125798807,0.02480524402497708,0.03712336538398886,0.0037618776521639585
2024-07-10,0.010208065293514812,0.018803587611440964,0.014601610230316808,0.0116415307958877,0.002257434315787954,0.008848929215504286,0.02686850899904214,0.003545241645880992,0.011393283308180457
2024-07-11,-0.008763028841120457,-0.023220881715390385,-0.02477202971721315,-0.02934410242204155,-0.023724863074531144,-0.04112657368642936,-0.05566666451690061,-0.08444127539962887,-0.03911506388068453
2024-07-12,0.0055170270744306915,0.013050872263359103,-0.0025292680967279324,-0.0026943271017302317,-0.0028710461411536325,-0.02697487594082837,0.014442715975614862,0.029871787680814776,-0.002057186411250189
2024-07-15,0.0028262026252154904,0.01674333886151458,0.0009039269616148982,0.007888805939022525,-0.009100746683474936,-0.005432303937770833,-0.006190117756330937,0.01776579679334911,0.0025027904479839602
2024-07-16,0.006389375498743188,0.0017918460779313694,-0.009780531907047307,-0.013992447979485623,0.0015566783408964557,-0.012838503925638234,-0.0161943146622463,0.015516142251486675,-0.00556838964421924
2024-07-17,-0.013927543241993745,-0.025296056412719925,-0.013347580473524134,-0.015767627584002963,-0.02637038381521739,-0.05675910811164542,-0.06623935573209483,-0.031415644041518975,-0.033208401302768475
2024-07-18,-0.007816403936922511,-0.02053476118165576,-0.007102291865262456,-0.01839577801426928,-0.022242286163404512,0.030000756799271056,0.026273480087783296,0.002937608561525362,0.0012637402779527296
2024-07-19,-0.007140265531926926,0.0005798771129246205,-0.0074028723175367794,-0.00016884600363531455,-0.0033741230867346816,0.001975341046575929,-0.026096330917667054,-0.040243947162209914,-0.00858741040496347
2024-07-22,0.01079203564940956,-0.0015602132672711821,0.013337691991726297,0.022571223799507267,-0.003167158934036185,0.022253022708303094,0.04757064137438993,0.05146320115237035,0.020199619177180272
2024-07-23,-0.001558102589770738,0.0046882969823631715,0.004311975124102974,0.0006605033205939748,0.021144894800451786,0.0026466928473278806,-0.007689875007174107,-0.020396762498772203,0.0011245229957346226
2024-07-24,-0.02314909375473495,-0.02875431426001185,-0.03585459880328412,-0.05038772941645542,-0.029934025650088625,-0.0561092792531922,-0.06803167399404408,-0.12334604589403697,-0.05455795274299191
2024-07-25,-0.005142620237842288,-0.004804641879178839,-0.024481317758436982,-0.030991174232456897,-0.005419431054668911,-0.017039881869290396,-0.017242906563669003,0.01972310939623889,-0.013050322427885841
2024-07-26,0.011090468702846357,0.002161080643448887,0.016419643676152118,-0.0016739044118564417,0.014734466536293178,0.027105861515158924,0.006946911371310538,-0.0020431189477511102,0.012616304814637047
2024-07-29,0.0008133101292933098,0.0012846895064684283,0.0034332324969315042,0.015149855477173402,0.003835599716395466,2.1318976099582443e-05,-0.013001937964087329,0.055959976710561854,0.008850678009206359
2024-07-30,-0.004960171878030217,0.002565871216789972,-0.008928301391598614,0.004482895123591124,-0.008133134602594794,-0.005411022412609157,-0.07043638960172027,-0.04084450985365373,-0.013231056805697361
2024-07-31,0.0157933986591674,0.01499086328830912,-0.01080593618563297,0.007340307907041321,0.029002194810164417,0.025130037646001968,0.12812104564787474,0.04244907202543402,0.02229348919586971
2024-08-01,-0.013693502993456064,-0.01675070299286463,-0.0029640999912898813,-0.004546937998463396,-0.015563100170141508,0.04824887923573007,-0.06674064539154367,-0.06554059651757449,-0.004855017375879567
2024-08-02,-0.018381860868696753,0.006869472356674011,-0.020665866416868628,-0.024010276958975618,-0.0878470841762542,-0.019287184120246326,-0.017763937581862566,-0.042377581921705376,-0.02657481798732575
2024-08-05,-0.02996879838863975,-0.04816706346757993,-0.032656987506028634,-0.04446188276390939,-0.04097671157906757,-0.02542297924355108,-0.06357793221861108,-0.04232673647438423,-0.03751950424120798
2024-08-06,0.010354085880061037,-0.009748206566957851,0.011286909232268716,-0.00602822738795572,0.005651399696776416,0.03859324621733862,0.03782982539238966,0.008849529684359148,0.015481522261954206
2024-08-07,-0.007734647858502863,0.01249825233223767,-0.002952796797585977,0.004106371453897806,0.0051874985158653075,-0.010463582401866511,-0.05122302078215435,-0.044258397676563366,-0.009590907185971553
2024-08-08,0.023042611519136447,0.01663325523502701,0.010691947641910726,0.01944130695018753,0.018615215947435537,0.04235857832785239,0.06126776273202372,0.036921162045623124,0.02794721958590718
2024-08-09,0.004671676849538509,0.013735943013186036,0.008269274148375638,0.01012155143640503,0.00687575011257735,0.015972430371686608,-0.002095756376900848,0.005833854775063374,0.010306617315589683
2024-08-12,4.303397765514916e-05,0.007129844529335072,0.0019456718530765915,-0.008431481995970214,-0.000838620987187122,-0.0035150643416448357,0.04076363730951016,-0.012549972534179665,0.0004231739819680058
2024-08-13,0.016847579753558328,0.017193107745892444,0.017698814859638867,0.011522625728515035,0.020563504874259175,0.024401586117351437,0.06530909677446006,0.05235706137163754,0.026098441653154003
2024-08-14,0.0038237284285767004,0.0020337731022948002,0.006883881245422607,-0.023087307047983674,-0.0007636117446156998,-0.0033678372872519846,0.016703975728256104,-0.0310349655555765,-0.003809683977886391
2024-08-15,0.016133247764330783,0.013530460908099284,0.011823705489123704,0.005799045281931203,0.04403286281963403,0.020066237092772,0.04048109712866221,0.06336276788880446,0.024540480240225593
2024-08-16,0.001989779357261412,0.005918539574617077,-0.006080254392118456,0.01029142400678329,-0.002984395462729106,-0.018443239738963335,0.013999678086919376,0.009246267550119258,-0.003385557160767938
2024-08-19,0.009722284736913167,-0.000707802766927057,0.0073122116969817075,0.022766300977561826,0.006551472258579993,0.00352662860231745,0.043506127873444767,0.030538618603692225,0.011704904609717515
2024-08-20,-0.0019845553982971165,0.0027446359566873912,0.007757608134405292,0.0030599838037146387,0.003703308593809629,-0.004817918037382407,-0.021153796702381267,-0.007273684933137958,-0.0010067079916690203
2024-08-21,0.004239676828782013,-0.00048558810016496867,-0.0015536921286595229,-0.007955572315423542,0.006876093995775934,0.01600440923202151,0.009823181061501485,0.009814554993405888,0.0058761480241174
2024-08-22,-0.008932805548120926,-0.00825975372355503,-0.020252842840009944,-0.01236041329195059,-0.022097583221652117,-0.006035559919457145,-0.037042829132258204,-0.056478704568676985,-0.01971875524926625
2024-08-23,0.01148337085011919,0.01028823135323842,0.002984031031554979,0.01111097369916636,0.005166572293719973,-0.0073880617908108626,0.04549852021361134,0.04585589810206048,0.009582955104938895
2024-08-26,-0.0031537266931381813,0.0014987496777545406,-0.007917610464453606,0.0032605346783918243,-0.00869856159361615,-0.013030360221639836,-0.02249359191885625,-0.0322712435275504,-0.011210201206699688
2024-08-27,0.0015951960865450143,0.003741537148065799,0.0008465024924755316,-0.00890712840885377,-0.013561281383547064,-0.003876325449045037,0.01455019389897938,-0.018760845523390857,-0.003721503621310962
2024-08-28,-0.00597597320797616,-0.0067533889585027485,-0.007829171923423583,-0.011112360883483219,-0.013401063602498708,-0.004469200531983075,-0.020966515727281143,-0.01653843794670573,-0.009484989708601566
2024-08-29,-3.937906806072977e-05,0.014570147518526255,0.00613743171385539,-0.006570546679208866,0.007728290643119529,0.0027862965677381,-0.06384846553557766,0.002575935743848623,-7.804326719651478e-06
2024-08-30,0.010093051774424433,-0.0034379420213555,0.009730844423486262,0.009889987302067915,0.037067191865004956,0.00596274643485839,0.015137385425604721,0.03795812428442069,0.013172904999114055
2024-09-03,-0.02115107439771169,-0.02720521927659758,-0.018459068665931055,-0.03684652446104142,-0.012605042016806678,-0.018319107527343115,-0.09525012464640892,-0.016393416920415627,-0.025314519113823986
2024-09-04,-0.0016025435809103872,-0.00861882867524233,-0.0013188845524323423,-0.0057830904654442294,-0.016567365497562103,0.001914871908362148,-0.016574105789990412,0.04183284569452206,0.0009651613063257347
2024-09-05,-0.003018017615584734,0.006927923636440347,-0.001247237290823433,0.005049653437749768,0.026308183871355473,0.008035218895350527,0.009415366152928595,0.04904058305110959,0.012411374344473813
2024-09-06,-0.01726024985928465,-0.007015018628813041,-0.016381444747284535,-0.04019347962725106,-0.03653943460735232,-0.032097631818464256,-0.040854349032131365,-0.0844593239607937,-0.03382383147284762
2024-09-09,0.0115800702824842,0.00040748621103214866,0.010007484985825599,-0.01333578599453178,0.023396899008788496,0.009035220626283813,0.03539826490052267,0.026289605928169646,0.011286762925066807
2024-09-10,0.004472672652839682,-0.0036213575002596032,0.020901110198599193,-0.0003362853546645672,0.023660258265018275,0.0,0.01530934349091262,0.04577608406578748,0.013126778033206055
2024-09-11,0.010665025888896507,0.011585078497532209,0.021342374334783587,0.016816934276829842,0.02768031821904482,0.01394630469637237,0.08149864910842997,0.008666077418469476,0.0203659405706349
2024-09-12,0.007495302358939249,0.0004940532705064449,0.009360790994615842,0.02335270249896415,0.013440254011034547,0.02690338624374733,0.01916166968839894,0.007364189890953776,0.015110111847640217
2024-09-13,0.005407711405364557,-0.0012120335451429876,0.008407383410641733,0.01790671451513215,-0.0027272433520638684,-0.0018643335581789433,-0.0003357153257024237,0.0020886633855721204,0.0026936048855117356
2024-09-16,0.0012566297656613212,-0.027775291214148456,0.0017419484244738381,0.0038104962142264664,-0.008579580976924128,0.017476910180127536,-0.019479437659391752,-0.015241628421408637,-0.0016642041083115844
2024-09-17,0.00026455008109871336,0.0021726689048084946,0.008832883260098345,0.007971675742952655,0.010763186217390919,0.0057006571737612255,-0.010190103383827198,0.004806404196833203,0.005602564417982903
2024-09-18,-0.002896455862498093,0.017989831142146695,-0.009973614302188683,0.003075509131388765,-0.0024080275860086653,0.00303909173157213,-0.019205785926553975,-0.0029402649901351108,-0.0008851734491139851
2024-09-19,0.01697685316676334,0.03706554450161237,0.018291215935608784,0.014579868677703667,0.01845197970580159,0.03931587296637229,0.03969304574176635,0.07359155565707187,0.03424516058751159
2024-09-20,-0.0019410273951238066,-0.002927467278191598,-0.007796113759873768,0.00894289177635832,0.009111555436973395,0.0040242757524682204,-0.01586491134881729,-0.02324531900421767,-0.003198359340736312
2024-09-23,0.0028092730585327352,-0.0075810177480352126,-0.004043331173687825,-0.01063635040109756,0.011899784481557152,0.005451156912017474,0.002241382463703534,0.04931794333683115,0.006299641058718608
2024-09-24,0.0025111788443470395,0.003974083121234928,-0.010011274235421586,0.0027184499116039706,0.0004126358007008335,-0.001913366521640092,0.039652520801574775,0.017080017089843746,0.002530474525254789
2024-09-25,-0.0018612489301417234,-0.004398236710047909,0.006850285182577576,-0.004929296416762208,-0.007372694808574054,0.008840118039242562,0.02184159091488813,0.010815214909361437,0.0051693487353916545
2024-09-26,0.00403867571712313,0.0050803403767722966,-0.0018513763007182993,0.007678319542645307,-0.007115748848874004,-0.0008268688528899615,0.004291135315719785,-0.01089404681602335,-0.0012917439133872666
2024-09-27,-0.0012532169669905446,0.0011865945969278258,-0.007627897361320524,0.0074971884601464645,-0.016687603998192135,-0.0008453441753036861,-0.021283402784998406,0.024545630573566513,-0.0009478995182575778
2024-09-30,0.004236552581176722,0.0228719643023505,0.005326902881699569,0.011588928988784275,-0.008724793206352333,0.008953768789883743,0.00032940271241765906,0.004492104223754234,0.007164081459872351
2024-10-01,-0.009324107094664358,-0.029141559535553196,-0.022333187233556706,0.006873772515869625,-0.006440170323887107,0.007039979532505569,-0.03656121290883707,-0.013798172234708361,-0.010380621546926316
2024-10-02,0.00013839090212397487,0.0025197509715992883,-0.008462300864414019,-0.006766915016024,-0.0019986515757441925,-0.006348829386787158,0.015811920766174214,-0.03488095932262847,-0.007852024501610488
2024-10-03,-0.001681413492255035,-0.004894621647262287,-0.001414422882441868,0.0,-0.015154729791167831,0.017387841145473315,0.033655888894432495,-0.03357160254966751,0.000559145407729833
2024-10-04,0.008970249395274354,0.005007295634022579,-0.0011523180518878684,0.00723493348226345,0.02500542770436165,0.022599080180812026,0.016849800830298856,0.03914235030998814,0.01607282540662691
2024-10-07,-0.009586022165882668,-0.022530811449934074,-0.01567086396966444,-0.024422283531031486,-0.03061493551686767,-0.018726786466675138,0.022414444046669146,-0.03698816351676526,-0.019843639933050383
2024-10-08,0.009689347495581924,0.018404113468972305,0.0126238306137747,0.0085899583427409,0.010619458719785868,0.013868384936285283,0.04047905204903657,0.015238957526229946,0.015314111981798995
2024-10-09,0.007113411987488272,0.01669827194641238,0.006631175741615314,-0.015330369433317337,0.013408477078997505,-0.0040142672129314105,-0.001805989996993107,-0.014110416966225725,0.00018297519878873736
2024-10-10,-0.002070122839989974,-0.00217829532764513,-0.0038806410301356342,0.0013592357298239932,0.007992632403596822,-0.011312249801417096,0.016283547608302973,-0.009458613360014412,-0.0036826621238146284
2024-10-11,0.006051847587953629,-0.006505269871556085,0.0011544057849091072,0.0071569619298001985,0.011626110360002828,0.010482631878162119,-7.415898055063153e-05,-0.08782510719719305,-0.00646037003321509
2024-10-14,0.0077076668832223305,0.016479851320969408,0.00677362130289394,0.010536633454212518,-0.006779016992029097,0.0007964344974658033,0.024258239135950932,0.00624426350457119,0.0062427532100717276
2024-10-15,-0.007609466332438197,0.011024606923183189,-0.0009544428319846476,0.0030311189302365538,0.0007998782160802964,-0.007028743192813769,-0.04686035085485096,0.0018707960177875016,-0.003811859775992188
2024-10-16,0.004679145956573816,-0.008851873299070001,-0.006256835107004033,-0.0018132680349356445,-0.004262363692000948,-0.016169975809733783,0.0313067656870174,0.008015641700267029,-0.004818363938036807
2024-10-17,-0.00017116047891174713,0.0015964330571938135,0.001441943860023498,-0.013502003127017992,0.0034244710350397334,0.00024276827592917272,0.008915547073519603,-0.001987992760882462,0.00015183398394746916
2024-10-18,0.00397155273894878,0.012276524125327759,0.003455608581478309,0.003007459953053848,0.007785456851548744,-0.0007974281086298163,0.007814165037020482,-0.0008601676940163117,0.0034415545838697437
2024-10-21,-0.0018227694906369774,0.006297776590833637,0.0014826291800598135,0.003977540755912834,0.0004233124965837831,-0.002272476471488538,0.04137689234214936,-0.008382378207102636,0.0027752802746168204
2024-10-22,-0.0004748538883844189,-0.0026217913067096976,0.02084634085170345,0.006521547026972385,0.003332044214411578,0.011909877949299652,-0.0008350079693236756,-0.004021041161846095,0.008030673894336982
2024-10-23,-0.009191323428069387,-0.021622862653858155,-0.006806905681150166,-0.014290822625541044,-0.026304640562205495,-0.03147732591271213,-0.028066087299259745,-0.019819274670942355,-0.021441284774539326
2024-10-24,0.002145772011323821,-0.0008234224624035225,0.00030616345116585286,-0.0003687937760189497,0.009041189476714617,0.007255923420583121,0.006090610878756175,0.21919035070290427,0.02786915036589166
2024-10-25,-0.00029944716993013376,0.0036431348982135514,0.00805213899533408,0.0156711824544995,0.007779788122410869,0.009633952092172882,0.008047810739806316,0.03343823359841336,0.011958358308619355
2024-10-28,0.0026514435020339455,0.008599404329156846,-0.003643570778356975,0.00877352500500983,0.002981406341556969,0.008565168464440998,-0.007206275733810608,-0.024815158866218545,-0.00018645621104407262
2024-10-29,0.001614127248163344,0.0011568983474439243,0.01256477876171247,0.017754333924516308,0.012951868195294036,0.026152082187628878,0.005194819301187925,-0.01139012091242797,0.011958465837662358
2024-10-30,-0.003300233889343751,-0.015278010808311926,0.0013426896658594867,0.02817061446309399,0.009956473710913016,-0.0024947800952586086,-0.013522137694603975,-0.007590942139718337,-0.0008297547467368549
2024-10-31,-0.018614700871699585,-0.018209402324973478,-0.06052754108219427,-0.019202052848010354,-0.03284388507953562,-0.04092592558106234,-0.04722259465484702,-0.029897037679701755,-0.038898901528390484
2024-11-01,0.004092509543626166,-0.013279644557517956,0.009892965806669762,0.0010518934395402635,0.06185621865256041,-0.00073990715508232,0.019885572250839756,-0.003482130697311625,0.007276726487465579
2024-11-04,-0.002812083478299976,-0.004037620206522097,-0.004654373035999693,-0.011967836077052874,-0.01086239567545566,-0.011425504924150065,0.004800569403939692,-0.024660613282231236,-0.009722695421606975
2024-11-05,0.012265644545291332,0.006486285113165291,0.007344624432861879,0.002954191289455288,0.0190009257528736,0.020956744643067404,0.02837187193481605,0.03541429020427711,0.017010097930769463
2024-11-06,0.025295927786425976,-0.0032669817089815423,0.02119284398523935,0.039884560494320764,0.038045094425516846,-0.000663793366237786,0.0407404647765186,0.14751032444224466,0.03297697528008192
2024-11-07,0.007431229727488331,0.021372158348508474,0.012494639013231668,0.024021337558518985,0.01429333510169939,0.034350202593596224,0.02245742933330641,0.02904379065700735,0.023874764473780452
2024-11-08,0.0037568333092317108,-0.0011882199008856897,-0.006793137423607543,-0.013277939550716433,-0.008902691496347037,-0.003988503342188809,-0.008396174613530705,0.08187665372925301,0.006417838591268543
2024-11-11,0.0009690634297987444,-0.01202863602700388,-0.010720811036209477,0.011213774789729403,-0.006436720074140534,-0.010469502770822592,-0.016053669104348023,0.08959591143118995,0.006561907542570911
2024-11-12,-0.00289265965137242,0.0,0.012009237025924824,0.007041924374562525,0.010007771034946433,0.00282948336363531,0.020859133574234745,-0.06145717075892854,-0.004054577072684418
2024-11-13,0.00023222772482434095,0.003969178150783348,0.005129754187831015,-0.015086425862174346,0.024843245179395845,-0.008241920747363518,-0.013621981345980805,0.005327407385385952,0.00020432019818916736
2024-11-14,-0.006049734794859041,0.013770441664275657,0.003974580617207124,-0.018448015046427235,-0.012237320417028852,-0.004896477152324441,0.0033500285186516265,-0.05771559508909463,-0.010770869774960556
2024-11-15,-0.013203489851361216,-0.01410913955908566,-0.027852657612518872,-0.017598891089523727,-0.041942478231440816,-0.03998897157379655,-0.03257025829443183,0.030657525449785616,-0.021830958532936484
2024-11-18,0.003917814394541086,0.01342224820000526,0.001831391377353997,0.016290834597400883,-0.004491405455644082,0.0005777056664770797,-0.01288919433854574,0.056186046847983784,0.010940944475807957
2024-11-19,0.003963584828470035,0.001140140403776746,0.004882597068637251,0.01608652546507172,0.014427385751800914,0.012067055122802595,0.048947663728094115,0.021432396454288627,0.014056047634363855
2024-11-20,2.195086225209586e-05,0.0031540570967996118,-0.005505246122902818,-0.01201426464835964,-0.00845508881471324,0.007895279004426436,-0.007618500812682338,-0.011473991967350106,-0.0029382437087178692
2024-11-21,0.0053404615405816536,-0.002096026598888745,-0.004316776538474176,-0.04744857951150927,-0.022180598835253806,-0.0042968950039934395,0.0053465540860482275,-0.006987644766217049,-0.009228620150660616
2024-11-22,0.003467959094991535,0.005907561799837424,0.010003203272540562,-0.017121086823255416,-0.006351495788949668,-0.007014761411885839,-0.032181164088117775,0.038040225983177356,0.002729299953667219
2024-11-25,0.003020480305938378,0.013050801787272137,0.004292552611805611,0.0175407165305681,0.021966324768223133,0.010677012727222657,-0.041775266855394455,-0.039624464821427674,-0.0009593903564195649
2024-11-26,0.005722005647630368,0.009404478677360828,0.021968040983836534,0.008768273139730054,0.03181932866326265,0.014917428343872219,0.006616731288063171,-0.001063189566898104,0.0136994097327936
2024-11-27,-0.003801238017440034,-0.0005531597399869304,-0.01168254200413188,0.0006503978101974894,-0.010199148999145757,-0.007567074195950374,-0.01153967447278148,-0.015788061864523528,-0.008814615833215744
2024-11-29,0.005607785488815242,0.010215859528359461,0.001111152219221312,-0.0016545972536402553,0.010450052683389277,0.0089951735812277,0.021501507990381086,0.03685898787510977,0.012115490200778511
2024-12-02,0.0024484564662998753,0.00952263777938378,0.017758485495800835,0.015034073883776866,0.01356490130596999,0.03222939042117057,0.0027486943508627792,0.034563659025395044,0.021939100611494844
2024-12-03,0.0004514491145146682,0.01277173834813028,0.0005104243620728255,-0.0008746652977548175,0.012956175029913197,0.03511961086010795,0.011757909474017003,-0.01587830229999254,0.010565529849618338
2024-12-04,0.006051417924264779,0.0014836351949070181,0.014424923384673605,0.01768402835298044,0.02211394849472459,0.0002119226019545728,0.034792525555134235,0.018524782309774723,0.0119563331460244
2024-12-05,-0.0018697756269248078,0.00012350041295050573,0.0118878581196038,-0.009921302322327241,0.010955259211262725,-0.00790202072870172,-0.0004823765357414578,0.03229681165351517,0.005735575319885999
2024-12-06,0.0024954538421815275,-0.0008229611262654535,0.0021463465901894185,0.01199027845012357,0.029381072944344444,0.024370776706018615,-0.018061393967667372,0.053397958017247005,0.01875618065720208
2024-12-09,-0.006144213927296471,0.016101197826916103,0.005523306712039933,0.004928013215991678,-0.004140432746599476,-0.016352281264656043,-0.025484639527453168,0.0014644862094215227,-0.003120328537075334
2024-12-10,-0.002963883313944371,0.004133691965561459,-0.006031105074930321,0.05588196269106205,-0.004644181824783544,0.009371513648038787,-0.026943168111955185,0.02873337295448497,0.009079894401182287
2024-12-11,0.008165786048233592,-0.0051659955044141,0.012767059886352516,0.05524647385755821,0.02319588240507109,0.021571933698555146,0.031391002506208965,0.05930322291934931,0.027152446174290024
2024-12-12,-0.005414022527810203,0.005963657773114139,0.0012695372633722002,-0.017604894218724465,-0.0056023335225716675,-0.0029873215206278614,-0.014141147004145926,-0.015702575706076027,-0.005715392220065896
2024-12-13,-2.6466639124200775e-05,0.0006856588565309352,-0.005093961856648455,-0.011148132168897873,-0.006594726378065796,-0.01655059739083875,-0.022498783998182836,0.04336284290396253,-0.0004863412520851318
2024-12-16,0.0037993543260221863,0.011727716051529447,0.00965865304102631,0.036034091047475014,0.024048121869595374,0.007082344218628744,-0.01675990292273155,0.06141250567967771,0.021068233717724594
2024-12-17,-0.003863994965801476,0.009719512978441092,0.006355239177121996,-0.0063053325017662365,-0.00764177579215608,-0.00768935703215512,-0.012196857692458485,0.036369912179738284,0.005417796738981906
2024-12-18,-0.02949284635160343,-0.021421732763525547,-0.03756099698569171,-0.035922652646088515,-0.045987410359975445,-0.035919493970225314,-0.011350545416578761,-0.0827949436951747,-0.04384929927795611
2024-12-19,-0.0008651123249070469,0.007014638929435435,-0.0008230631094794383,0.0005838207783155358,0.012561168873593154,-0.002712886055097785,0.013730336903056806,-0.008997322180141931,0.00019822444488015734
2024-12-20,0.010869123768910471,0.018815782400819936,-0.0009838271649059704,0.015383898254708095,0.00729994595290151,-0.017327852945810962,0.030762248524884184,-0.034642491239586515,-0.0055929820737312674
2024-12-23,0.007287273468533639,0.0030649579802981552,-0.00309214147243031,0.01682259389824381,0.0006224408269079884,0.024946609954225263,0.03689681224631136,0.022657123925894362,0.014204170022091622
2024-12-24,0.01104275925539211,0.011478167595489586,0.009373864724391945,0.007604085726220955,0.017728630305015702,0.013169962913966993,0.0039379685270666265,0.07357174228224572,0.023102045899015433
2024-12-26,-0.00040565878647391695,0.0031756208441449107,-0.002776921587062553,-0.0026005230084695796,-0.00873171784917226,-0.0072397586069335995,-0.0020682545779533434,-0.017629994630971146,-0.006761095358134517
2024-12-27,-0.011055736101235558,-0.013242139752255522,-0.017301656063179016,-0.014519472440958414,-0.014534256804240364,-0.005867220968845843,-0.020867528934809587,-0.04947922616674816,-0.019902174812226114
2024-12-30,-0.010701995701766776,-0.013263444779884836,-0.013239433206633233,-0.00788545250716588,-0.010949707031249978,-0.014287993149188494,0.0035033460575160102,-0.03301209257078741,-0.015593919586984528
2024-12-31,-0.004284800394927402,-0.007057838809142902,-0.00783842024206427,-0.010144266379408795,-0.008630834323407832,-0.00969144069498662,-0.023274362158217543,-0.03251001941775111,-0.014085303487962775
2025-01-02,-0.0022238866412221947,-0.026235867445677852,-0.006927663501339887,0.0006866601685588947,0.003783225458606987,0.02344963346233908,0.029935174947178123,-0.06081615932376483,-0.006970940045790686
2025-01-03,0.01259602672149196,-0.002009491230185234,0.011395731112941121,0.012458479949559287,0.018027432561515733,0.008994628725395248,0.04453765099626916,0.08215567328200035,0.02439888482686481
2025-01-06,0.005538045085450305,0.006738979505805709,0.010629489763471556,0.026487302153004766,0.015254909370185477,0.0422904753949922,0.03433230606964521,0.0014861742226248698,0.020418355366681018
2025-01-07,-0.01110391288210788,-0.011387742814264357,-0.012808275419088577,-0.0070096404815310764,-0.02416414035082548,-0.019533478592407505,-0.062169597905649465,-0.040603340073111505,-0.023379623823294504
2025-01-08,0.001560360190925314,0.0020229710076049567,0.005184972885125205,-0.007877681450455642,9.006470850470016e-05,-0.011604054607176062,-0.0002140006756540247,0.0014707807875757872,-0.0024460919892412836
2025-01-10,-0.01541164380306681,-0.0241037419982969,-0.013213544942401567,-0.009847977840786948,-0.014360970473526025,0.00841634512764955,-0.029976311100058384,-0.0005064369418008585,-0.0070910544501777695
2025-01-13,0.0015754440882007614,-0.01034414584481358,-0.004201014096985256,-0.00536348805684661,-0.0021923619356289947,-0.012226703869059441,-0.019719015898715497,0.021710512074366584,-0.0033144716278563635
2025-01-14,0.0011462798112440442,-0.004778101960480674,-0.0036434112803426233,-0.007067685515324107,-0.003204303696411115,-0.023145417483896535,-0.01103367218590845,-0.017232432245921525,-0.012333045845754786
2025-01-15,0.018312792279639112,0.019675867749100462,0.025597139870547014,0.031055601321348103,0.025670516796895804,0.038485497971226135,0.03400140991541667,0.08038151439752794,0.03946271079730246
2025-01-16,-0.0021126894641922966,-0.04040013248395824,-0.004058091187746915,-0.013500398742155806,-0.012043887924316987,-0.0094310368688173,-0.01959787741939023,-0.03362756026209679,-0.01747760392094755
2025-01-17,0.009991058969353706,0.007535104999390363,0.010480966213824328,0.01601781887916842,0.023928209424767255,0.0024048762844770533,0.030994989908860404,0.030641323404759335,0.014769587219930935
2025-01-21,0.008768227105582893,-0.031915726013169166,-0.00123526396463014,0.010459245161057451,0.021111818274402117,0.006021827777882072,0.02265633026365843,-0.00569752092797482,0.0014873026761239583
2025-01-22,0.006137941522227575,0.0053449715567541745,0.04130688160628382,0.0016157249153934128,0.018638063663626525,0.011419986852635233,0.044308894409870625,-0.021128638710367298,0.012283446157565825
2025-01-23,0.00531348622041139,-0.0007595078175686165,0.0011428921174210238,-0.0019660244186467946,0.0017446222360446573,0.02076981299730818,0.0010197916582350697,-0.006576523247056931,0.004685311229754241
2025-01-24,-0.002855132319398823,-0.003934610613490985,-0.005932215439985122,0.011263813289986713,-0.002421170970448472,0.017346233347585116,-0.031245862969203397,-0.014064741844588391,-0.0005420290932534044
2025-01-27,-0.014580715690809543,0.03178024729513629,-0.021393449538777753,-0.041955984424610904,0.0024270472668348475,0.019135459875579075,-0.16968159946784855,-0.023193450212053546,-0.013722910574119451
2025-01-28,0.009217869449967608,0.036543996244401855,0.029086888043189374,0.018195137901727332,0.011596277923593856,0.0218978203697493,0.0892586147100114,0.0023668700890153715,0.02346480434196674
2025-01-29,-0.004678895760321544,0.004616803685774551,-0.010890044984245284,0.0005631941897485948,-0.004534900692607424,0.0032032733120284096,-0.041010995725330734,-0.02258280870425211,-0.00727674825212965
2025-01-30,0.005275414405311762,-0.007394754723483832,-0.06180903860268361,0.027941191908293916,-0.010250170242948609,0.015536116055089977,0.007679976804549016,0.028732954254456988,-0.001447104434908697
2025-01-31,-0.005046825754019935,-0.00669219601419091,0.0001686621321865811,0.015681895207056984,0.012955989149507907,0.0031731379398227677,-0.03674293681963303,0.010792463618949588,0.0028689017922280957
2025-02-03,-0.007608597684666707,-0.033855931264941796,-0.009974375959238113,-0.01367525946548731,-0.0010938846972727845,0.0120143333311733,-0.02840008775682923,-0.05170542044525339,-0.013551092779952922
2025-02-04,0.007224881828679752,0.021007847490222886,0.003528596582160759,0.025592712275197993,0.019543422733693472,0.009649267075155565,0.017058085904001485,0.022232065633156273,0.014634582452428546
2025-02-05,0.003908672930614365,-0.001417492445395352,0.002231094445473092,-0.07292368252242654,-0.024332807771026643,0.0009657217432128551,0.05208593141915263,-0.035797094243459227,-0.011935386242355683
2025-02-06,0.003644298722618622,0.0032262426829974267,0.006121461503388659,0.0014111567717003393,0.011263088803542765,0.010101046045549955,0.030841744123450532,-0.010180622383618276,0.005842290602084521
2025-02-07,-0.009464770111542897,-0.02396873186469839,-0.01459760505528429,-0.03267229652152692,-0.04053095448794508,0.0035534275947561866,0.009014824937548349,-0.0339282217314959,-0.015963382068180487
2025-02-10,0.006712541085862833,0.001187343922486539,0.006028092054758183,0.006096983299951786,0.017412199866636335,0.004030681676323811,0.028727660029144175,-0.030114441341470455,0.0015781327179655857
2025-02-11,0.00033958278885926063,0.021831831975231752,-0.001892166390944361,-0.006167171300179519,-0.0016299428832775575,0.0033454170855899967,-0.005764684199262349,-0.06338211812502892,-0.00795902803259696
2025-02-12,-0.0027238667143857365,0.018270085918334233,-0.005833213818602689,-0.00922733206087134,-0.01645472556041927,0.007752181761932153,-0.012500106306125303,0.0243835913717656,0.0036782507622934446
2025-02-13,0.010426292122230674,0.019673173843823832,0.003667093642806707,0.013779182076849805,0.006290143220533118,0.004383934121227062,0.031645551205647715,0.05773971683431944,0.01640577341160654
2025-02-14,-7.194380749464546e-05,0.012710835636666307,-0.005139599514405235,-0.004888878654322637,-0.007336035409240549,0.011131581311807803,0.02631391919664594,-0.0002809633725618932,0.004342761031418174
2025-02-18,0.0024449877750611915,-0.0005315646560581921,0.002962669121909123,-0.00788212352533535,-0.008877028355405714,-0.027556507819847642,0.003961114533224563,-0.004861766535893763,-0.010399247342795181
2025-02-19,0.0023769693899173827,0.0016360632096712457,0.012523100656200548,0.008162498241271798,-8.819331220011328e-05,-0.017588564102748006,-0.0012195457080016459,0.018214714280444966,0.00030196923767067396
2025-02-20,-0.0043341850761716705,0.00392050076564221,0.005290706625309172,-0.0038322980427268893,-0.016546793977871843,-0.012688876220498857,0.00632046381564888,-0.01708454543992588,-0.0068325260293036205
2025-02-21,-0.01706412670256352,-0.0011389645779961155,-0.01903259855834627,-0.02654964296257334,-0.028266344731418536,-0.016248406701727114,-0.04053964113609554,-0.046839747148427646,-0.023466304762007617
2025-02-24,-0.00496910650440241,0.006312383382871323,-0.010313283020000341,-0.0022821358262349323,-0.017868663239768212,-0.022558654721876903,-0.03087095549146035,-0.021521578674915554,-0.015323722623851399
2025-02-25,-0.004679730915472358,-0.0002428315584860341,-0.015099005285345468,-0.02136678887021115,0.000423094048469963,-0.015910072325835856,-0.028016601354401205,-0.0838955952220366,-0.023920886580300005
2025-02-26,0.00013602428004699796,-0.02704011939380868,0.004599197961077106,-0.015334629669029431,0.007283848822975836,0.024638758335057798,0.03672121177534127,-0.039630120487999076,0.0013453526123994308
2025-02-27,-0.015864553655509872,-0.01273091938670523,-0.018012252149772423,-0.02448905000484347,-0.02617215045770671,-0.022947867351944318,-0.08478063562603311,-0.030433204805490277,-0.02617426815083168
2025-02-28,0.01585414463498891,0.019131868844441513,0.011362185077120612,0.010563707540276246,0.016958863624485065,0.015131225770186552,0.039700290989980846,0.03912040539724382,0.019397190755407134
2025-03-03,-0.0175967394669998,-0.015754202507164528,-0.02141109532909491,-0.019203547898290152,-0.034200087377916355,-0.019679781027324372,-0.08693564573326684,-0.02843203214376444,-0.02619588745158008
2025-03-04,-0.012234826602200433,-0.008822443665799096,0.00030884785246687585,0.023411765784263405,-0.005950644792114046,-0.022975386576370882,0.01692092817627522,-0.04429996705409467,-0.012202470928969977
2025-03-05,0.011159277893187936,-0.000805297297409524,0.031934369842304466,0.012286416504844189,0.022374865016246748,0.025734507958505848,0.011294082197512711,0.025952056083059283,0.021567363816045182
2025-03-06,-0.017819007085749905,-0.0017391268202556764,-0.010298651028757821,-0.003872346521130332,-0.03676331176651382,-0.04347507208397716,-0.05737422564780548,-0.056073068986891905,-0.030824124682497955
2025-03-07,0.00552061780274804,0.015892551933860855,-0.009020185329573605,0.00876126101119823,-0.007224698407026442,-0.0036150521398565783,0.019173365494608907,-0.0029607088371812473,-0.00035467856261128805
2025-03-10,-0.0269730913054258,-0.04847960193409895,-0.03343421121068091,-0.044857812270654884,-0.02363867861413893,-0.04422522353739988,-0.050669970726511915,-0.1542620682219512,-0.055423133458242235
2025-03-11,-0.007567865323653167,-0.029189307576519163,0.0007629382927840656,-0.011032752836799942,0.010537694677220655,0.012910045959767746,0.01663859886444352,0.037947369642955975,0.006242883986929959
2025-03-12,0.004886869929446425,-0.01747872539050277,0.007412189930887214,0.018714978685079098,0.011699491808345508,0.02286566566611059,0.06427593440097956,0.0759389121683911,0.02240729156225174
2025-03-13,-0.013890984206835322,-0.03364376297230043,-0.011741132107372043,-0.02603071690842762,-0.025139524437347016,-0.04667827762338628,-0.0013824166282918604,-0.02986820819658198,-0.0295632369076404
2025-03-14,0.021265869083087807,0.018170675232085154,0.02584687598082147,0.01677313757642418,0.02093969555611075,0.029629721699581335,0.052690772724235835,0.038640532386444715,0.028167158990206387
2025-03-17,0.006416130719105961,0.0023888377184630993,0.000360336389624738,-0.007251293316242191,-0.01116439246854839,-0.004443615069782303,-0.01758857219116783,-0.04788383640805238,-0.010077902641268732
2025-03-18,-0.010653512117636543,-0.006121453168117963,-0.013326462200840217,-0.02203414281831817,-0.014917738259935254,-0.03726250287605082,-0.03430103864873846,-0.05335909096824687,-0.027216870056132603
2025-03-19,0.010798495567894584,0.011989258640142442,0.011211901529332602,0.020041134275114336,0.014106347155876442,0.0029193022936790936,0.018106145023541798,0.046824389357219776,0.014493829079912812
2025-03-20,-0.0021848931523151816,-0.0052964532819913535,-0.002526930712145825,-0.006650791995090222,-0.003017266841301769,0.003321461204322196,0.008594343382348546,0.0016958954271570903,-0.00023378752369385136
2025-03-21,0.0008246534476661349,0.01947696564815482,0.011425921464878863,0.0073095880673679225,0.006463245885351521,0.017491499838690583,-0.00700244218990731,0.05269623506518384,0.01733110274943228
2025-03-24,0.017646000146633645,0.011270363296444375,0.004651577438902432,0.02250131519296361,0.03593082692897376,0.037903548639576234,0.031520885292299905,0.11933580126800525,0.03678169730470349
2025-03-25,0.0015743334544251475,0.013681857076742299,0.005291630611742537,0.017175572345055068,0.012053587883713357,0.012054687741521741,-0.005930320618171225,0.03502280788451673,0.013442770351533184
2025-03-26,-0.011156934922627149,-0.00992178029012214,-0.013133944989108914,-0.03224676556041739,-0.022264360904062586,-0.02447676110591379,-0.05741985409452688,-0.05580626179068926,-0.027514780800980687
2025-03-27,-0.003306980860763864,0.010472734480756252,0.0015641359750724337,-0.01708459487799363,0.0011435177345771042,-0.013748401462086335,-0.020481760025488183,0.0039329829222258805,-0.00472400820976504
2025-03-28,-0.01973722070834405,-0.02658047839293487,-0.030160250366450647,-0.04875490270461058,-0.04290822091507418,-0.04288230190093223,-0.01579469052484972,-0.03507493471452938,-0.03636649238860612
2025-03-31,0.005538521570653376,0.019412677172281345,-0.009002025799393687,0.002008636751622328,-0.012764667384211892,-0.0006587764689623965,-0.011762518753230533,-0.016657121359109794,-0.003910326122345431
2025-04-01,0.0037812354559083605,0.004771951175297495,0.0181144074018722,0.01571393708887836,0.010038913682617334,0.01672556365381772,0.016331479274976912,0.035885119854736525,0.017451878060145587
2025-04-02,0.006728194715792668,0.00313635061160511,-0.00013076780573539892,-0.00019110005290057241,0.01998228846583383,-0.003532428909424845,0.002451134387405185,0.05326685079977622,0.008852415249254175
2025-04-03,-0.04839563335990149,-0.09245610910922164,-0.023630156307198336,-0.040244425028940656,-0.08979129298487254,-0.08958261041597648,-0.07806546667441538,-0.05474611137253549,-0.06718779571752675
2025-04-04,-0.05974960534553109,-0.07288740460316123,-0.035565904592512854,-0.03397026243840939,-0.041533565999713695,-0.05058123057271091,-0.0735757247412051,-0.10419786826814681,-0.056955269015277143
2025-04-07,-0.0023314724921273955,-0.03673428915114274,-0.005502406616742839,0.00789824561845709,0.024912248577988017,0.022824040743245844,0.03530901884287374,-0.025644236634809525,0.003076394680198158
2025-04-08,-0.015700524562941354,-0.049818101062165554,-0.009221474734242618,-0.013969289985250932,-0.026246667744515673,-0.011234797010100328,-0.013723776613149163,-0.048994783337158565,-0.021989426685386504
2025-04-09,0.09515387644904849,0.15328841216885225,0.10133686604106673,0.09682104090518062,0.11977031526306248,0.14755608705942347,0.18722734161151489,0.22689989839624536,0.14396489979160765
2025-04-10,-0.03460757958472693,-0.042393783585858436,-0.023406485069170535,-0.037111733007789804,-0.05170070417193329,-0.06739845914955733,-0.05912707353705149,-0.07274069589492627,-0.05201138885297196
2025-04-11,0.018092095201708958,0.040594485559310556,0.018618040238158606,0.02826860038204293,0.020141230945248445,-0.004979019864834733,0.03123543860990652,-0.00035656236159631316,0.01287659935111285
2025-04-14,0.007944712390868913,0.022054050996684893,-0.0016475946489872273,0.01228207464586828,-0.014875318183769082,-0.0222419830783801,-0.0019832181718143493,0.00015856900364230597,-0.005108048336118665
2025-04-15,-0.0017277808903947145,-0.0018764476411760045,-0.0053633813244883255,-0.01735092598671739,-0.013891933050343641,-0.018739985858871155,0.013458605962924697,0.0069744183248166,-0.007916706983177813
2025-04-16,-0.0224083715440897,-0.0389333647218012,-0.036605968068710304,-0.01906469545370104,-0.029288905919567454,-0.036834689442042046,-0.06871657979487544,-0.049427403598542585,-0.03848500440485447
2025-04-17,0.0013268380955802073,0.013949632775603904,-0.0103065155380615,-0.014152458096302167,-0.009866352335440198,-0.0016523539320462133,-0.028710916248660956,-0.0007452201709629014,-0.005181397777451968
2025-04-21,-0.023567493023827546,-0.019392881061038092,-0.02354668619772804,-0.023088123515391357,-0.030647084568839134,-0.033540746580429937,-0.045127508275239814,-0.05746362595919796,-0.03263528862894205
2025-04-22,0.025117204723895226,0.03406515943944233,0.021441395531364815,0.025733010733158812,0.03502262189247651,0.032228799518237095,0.020431255555844352,0.04602198338770602,0.03103245071607752
2025-04-23,0.01666113847096007,0.02433151161407343,0.020636836410287573,0.025615707850139335,0.042845673527805994,0.03995760902745915,0.03862877687705457,0.0536622440095611,0.03490880848918021
2025-04-24,0.020259113708281262,0.018426292957329116,0.03448262041249417,0.02529759722336089,0.03289029336584037,0.024756441201366775,0.036218443438834624,0.0349764859229853,0.029029895303582576
2025-04-25,0.007373133469998461,0.004367192781353779,0.0117480834781436,0.016825875150660474,0.013133978209558528,0.02648406820638094,0.04303310877209787,0.09803091011549903,0.029761803402306608
2025-04-28,0.0006407067039131409,0.004109335285442661,-0.001760842828736786,-0.008335422979664497,-0.006825802991833552,0.004513301170989914,-0.02053878781642582,0.0032637046356942534,-0.0007140230332609576
2025-04-29,0.005802410694099036,0.005091876364272663,0.007362691718169723,-0.0028017970192359964,-0.0016515586767922308,0.008549529711378012,0.0026671504207291807,0.021512501019458785,0.00756872259703556
2025-04-30,0.00147999135976562,0.0061076408542186655,0.0030961157495594804,-0.008491542112051276,-0.015849304820837684,-0.009811771546160197,-0.0009172243677783021,-0.03379788089732105,-0.009043299010639716
2025-05-01,0.006299102138585644,0.0038588679064202047,0.07625354383320349,0.015743008470190167,0.031341496782804956,0.04227687027978022,0.024697003047237986,-0.005812356915055328,0.03355898746063546
2025-05-02,0.01472657412963474,-0.03736171359938467,0.023225257389123177,0.016925054556278685,-0.0011566836184702112,0.04335836263221893,0.025893777340082025,0.023848576584252656,0.019865487389489234
2025-05-05,-0.006381597588933863,-0.03145849867088735,0.002044639585663255,0.0010973892911136929,-0.01910722026349243,0.0037686343149050394,-0.005938881460677781,-0.024198258752220814,-0.0072286855312230225
2025-05-06,-0.007693239651855532,-0.0019106952436467317,-0.006557060985279972,-0.005968125672196289,-0.007190832051464091,-0.01995762256338407,-0.002459988236033883,-0.017519458684867262,-0.011480059235065676
2025-05-07,0.00434635623313584,-0.011384769833375663,9.230058356446413e-05,-0.07259681958467656,0.019998985551532122,0.016175398632309212,0.031002262560666072,0.003159597232260225,0.0018118530887982764
2025-05-08,0.005799775094835535,0.0063184946335548275,0.011122677849317864,0.019157090057666748,0.01785806262143419,0.0020107482291886747,0.002648266209549277,0.031134624811778533,0.011455268847452516
2025-05-09,-0.0007114809122162891,0.005266076204561099,0.0012780152924320998,-0.009917098173424344,0.0051020185245573835,-0.00923059468542442,-0.006134513449693735,0.04718770485146129,0.004172052793986136
2025-05-12,0.032558782749008364,0.06314614951132236,0.024001129662010845,0.037381332657963284,0.08070031092964336,0.07922482122023644,0.054436382368091785,0.06745790403815088,0.059185604197212305
2025-05-13,0.0072482009835321826,0.010152329556051276,-0.0002670709494630996,0.006752478937343431,0.01308471882441209,0.025960719049870074,0.05634142002011444,0.049280740626853614,0.021385094807757632
2025-05-14,0.001024415597859818,-0.0028177566784739483,0.008460528771286668,0.03660754807948052,-0.005298742220089303,0.005075893832116707,0.041637787832564666,0.04073991993646375,0.01406720913401438
2025-05-15,0.004132332074135769,-0.004144526899852674,0.0022561216289509467,-0.008526283757674946,-0.024161720956264898,-0.023477276707096317,-0.0037682699470013015,-0.013978329078298546,-0.012465691126811396
2025-05-16,0.007005272294898557,-0.0008985807760553133,0.0025158200042567636,0.01360086545366368,0.002047074000553817,-0.005497854635831079,0.004227566230946556,0.0208856061756566,0.003618101605008972
2025-05-19,0.0008761131291423752,-0.011739103087880398,0.010126108524079136,0.0021059870241977308,0.0027725440652370814,0.0001405090436470413,0.0012555708914034902,-0.022544186527114873,-0.002125975359392962
2025-05-20,-0.0038802294486252054,-0.009196227967492532,-0.0015254229836257904,-0.015371631283944698,-0.010137739138364021,-0.005199631291930906,-0.008777749736086693,0.005057180873010214,-0.004658913707766499
2025-05-21,-0.01613513066101424,-0.023059077289488417,-0.012222561367165596,0.027930229071071233,-0.014455883280997672,-0.0025113242726360063,-0.019199329519102526,-0.026758222357769146,-0.010302277313289032
2025-05-22,-0.00044487103794299543,-0.003612269504163268,0.0050599524837939835,0.01370431908756653,0.00984492359983613,0.0016836571283473933,0.007814918860036713,0.019185982671137136,0.006762024607976702
2025-05-23,-0.006708297825321674,-0.030244359994423098,-0.010288843235963574,-0.014045779885493936,-0.010388973643241206,-0.014939437890290619,-0.011593795625301828,-0.004984788190348977,-0.013090923654336062
2025-05-27,0.0204590558452733,0.025298332196322493,0.023346185665684027,0.02629545367495023,0.025026113945093353,0.02433577855308089,0.03206631904936086,0.06939947711644767,0.03216343640638475
2025-05-28,-0.005571225417268844,0.0010489257332475521,-0.007228264612688884,-0.0031231870215505664,-0.006310081665849121,0.0019616338523913424,-0.0050921217568175026,-0.016506435862546853,-0.004763702931003477
2025-05-29,0.004011194261904327,-0.0023451358153920854,0.0028861443683056986,-0.002900893316164055,0.004787005283780621,0.0022841239330506635,0.032490219098310735,0.004286911755287504,0.00401685321916756
2025-05-30,-8.118516130162234e-05,0.004501165153201203,0.0036626247995799055,-0.000698172295790167,-0.0033544115296213484,0.003782625846765031,-0.0291687941278016,-0.03339564619395741,-0.005434460250784645
2025-06-02,0.0041020419271569075,0.0042319709002895944,0.003497336510424276,-0.01577972806657424,0.007999607012299847,0.03615508860898098,0.016650581167249268,-0.01088145559849063,0.010740006294694515
2025-06-03,0.005800290454605506,0.007783886983989463,0.0021646280560383424,-0.016860906858698677,-0.004548692041520419,-0.00603680683794261,0.02795160251329598,0.004610541775392996,7.144675344572526e-05
2025-06-04,7.36874595066439e-05,-0.0022138614203993656,0.0019439176907138922,0.011252788491301624,0.007388989179248462,0.03164133586485529,0.004956867043901525,-0.03549540073392177,0.006117578267294199
2025-06-05,-0.005277383403094138,-0.010797729357132413,0.008213496477298854,0.0009522138767907862,0.0032814165352026414,-0.004840468018526667,-0.013599149821945877,-0.14259893789082123,-0.022780173240654733
2025-06-06,0.010280683010067904,0.016398311604960636,0.005773218004487157,0.03251873549573414,0.027223334916139486,0.019120174490184993,0.012357914021787986,0.036670186138995975,0.019681222765253192
2025-06-09,0.0009199480792858594,-0.012112606584436802,0.005038498867470098,0.015103575601076669,0.015966607137600786,-0.005231459401611294,0.006421192357627836,0.04553761352840424,0.007583239361072636
2025-06-10,0.00548298940767844,0.006056174171157558,-0.003870966156736544,0.014254129386131131,0.0029035159702168745,0.012016304255930699,0.009324835355968286,0.05674382827003055,0.013436140200265179
2025-06-11,-0.002743888954607865,-0.01919380583292518,0.0036099435659899815,-0.006998897152289407,-0.020265629565462184,-0.01175971703651335,-0.007780565515463356,0.0010426457165473302,-0.007532426268881509
2025-06-12,0.0038224199557175265,0.0021128663073402,0.01322416250280134,-0.009303656153099471,0.00018765734284498237,-0.00112368544169128,0.015192875966922648,-0.022424432461661592,-0.00039526162689973443
2025-06-13,-0.011296379879250695,-0.013805194198080128,-0.008165080510427192,-0.005862285914259191,-0.0053460859139069505,-0.015129209194243098,-0.020896564410876506,0.019429076154419578,-0.00725507147654092
2025-06-16,0.009392659896159117,0.010028022576847206,0.008800777142615956,0.012022704666561301,0.018859028217320217,0.02898093447905481,0.019158991966676142,0.011742668079331553,0.01747002180378976
2025-06-17,-0.008352184790166306,-0.014010737856372857,-0.0022958026862665015,-0.004638839332885669,-0.005923177895162723,-0.006964645706792227,-0.003939518675062925,-0.03882963749794621,-0.010785498501954427
2025-06-18,-0.0003092402101070313,0.004804789548654709,0.0046021071052808615,-0.01494737107073274,-0.010706651956707725,-0.0020939563028531394,0.009436588326663609,0.0180179597897272,0.0017149310193167455
2025-06-20,-0.002178658486505891,0.022484520846297373,-0.005913685323681417,-0.03854148767904275,-0.013316402099383007,-0.019288072559515812,-0.011204221179341944,0.0003416111576173275,-0.010277987120640097
2025-06-23,0.009606504133156335,0.002487474192778505,0.01801422469496128,-0.008701366307523717,-0.005818118205440093,0.023712323603812147,0.002224503655632759,0.0823193093872907,0.02245309855087707
2025-06-24,0.01112172017970181,-0.005955261437092574,0.008456762142235563,0.009564803520047294,0.02062648355436747,0.01956964752198509,0.025872182622140638,-0.023545920693855638,0.007981960247810838
2025-06-25,-3.2861029504172024e-06,0.006290497448638854,0.004407191762580975,0.023445390718201953,-0.0036659245365152637,-0.004942450420489464,0.043340194157648115,-0.037947582404945,-0.0015373418188970867
2025-06-26,0.008020121275230219,-0.002778249181079495,0.010522701831922499,0.01675646127947905,0.024199205109171285,0.024566795556598242,0.004601133867798479,-0.0054037218123500486,0.012775360044959383
2025-06-27,0.005218970885222163,0.00039802021458856807,-0.003035451888013796,0.028754230634041145,0.028463559660798277,0.010384384225244458,0.017610611785741304,-0.006599526995335614,0.007781956158715797
2025-06-30,0.005164427424532603,0.02034007911458713,0.002964074054145005,-0.012882979672595218,-0.017510092291414314,0.006079412492183689,0.0015214185022018878,-0.018446995428822777,-0.0008356310128214695
2025-07-01,-0.001118531087121899,0.01291615425542747,-0.010775866174716486,-0.002213086319032609,0.00487719279454657,-0.025566105800957972,-0.029685373444153784,-0.05335897504131726,-0.018408234085490527
2025-07-02,0.004745096791088033,0.022230762139012317,-0.001950980777077449,0.015923582922107826,-0.002449462616694653,-0.00785571910821492,0.02576640912401551,0.04968242780731846,0.008446715760853873
2025-07-03,0.008338955206607324,0.0052249957659193935,0.01578120791675297,0.004982093956777733,0.015869432167251007,0.007623652504077372,0.013290887733134138,-0.0009503811144286889,0.0089433485915138
2025-07-07,-0.007862297279128794,-0.01685788485292905,-0.0022452133265176144,-0.015262058445122517,0.0002685535903059755,-0.0009179163926480438,-0.006903425874769886,-0.06789282780315342,-0.013244992947886502
2025-07-08,-0.0007158868810946961,0.00028578971805215403,-0.0022100998850178577,-0.013745106583103461,-0.018391733064396676,0.003229602870652215,0.01112235955220875,0.013165935514200422,0.0001634762095967801
2025-07-09,0.0060621034026635545,0.00538068961510163,0.013873849785578818,0.012961687697069735,0.014496684294917905,0.016803857589474447,0.01799999599434221,-0.0064806174796113725,0.011636772666441697
2025-07-10,0.0027462050044453346,0.0060150494644521935,-0.004031705316035028,0.005661835122193759,-0.0012581953255335065,-0.007560321626435607,0.007490231782154355,0.0472826483827995,0.004182214845427135
2025-07-11,-0.0032975229626984737,-0.005884925020458898,0.0036691290886827765,0.01446917662459013,0.012417933203629827,-0.013379285891071513,0.004996907154757091,0.01174690904506881,0.00028269352831977734
2025-07-14,0.001407413809457303,-0.01202881464197092,-0.000596086828139053,0.007602992953269938,0.0029775049161142597,0.004752482495591792,-0.005153971450429062,0.010813001260769006,0.0022268395412068376
2025-07-15,-0.003956298214731202,0.0023488288655426626,0.00556639023300276,0.002423519418564002,0.0029243814744550622,-0.014606239154778877,0.040409468627178535,-0.01931207079538977,-0.0024275722566555746
2025-07-16,0.003193657417327689,0.005021264030900419,-0.00039540699393569856,0.00532966056423767,-0.013960696164789232,-0.01052954214447721,0.0039250466013800445,0.03504091219258654,0.0011854370373942658
2025-07-17,0.00537376740890938,-0.0006661763232523876,0.012024873520068091,0.0033338600266250573,0.0030915472640284936,-0.0021339491684080336,0.009511613744672687,-0.007025863995037018,0.0022024120952250925
2025-07-18,-9.048620868445933e-05,0.005523280640275852,-0.0032245775907299157,0.00806182982389525,0.010050026580880944,0.004091813499475405,-0.0034103992656315807,0.03205907804067243,0.00678869470982435
2025-07-21,0.001399134882868358,0.006155900285392368,1.9597398712045688e-05,0.027234470780260978,0.014018476542235536,0.012338761619513638,-0.005974107010490393,-0.0035188948387289143,0.006849836370983908
2025-07-22,0.0006375316336257875,0.009036090171780309,-0.009391045243034468,0.006522880816912213,-0.007980819043607368,-0.011445059678735103,-0.025382232472884958,0.0110201078413521,-0.005245387899228682
2025-07-23,0.007811886951519131,-0.0011660036442873167,0.0011875122281272965,-0.005801195087693611,0.003604836070819184,0.012443090523611477,0.022451043366986,0.0013550095657464123,0.005564826064224704
2025-07-24,0.0006982236416543941,-0.0018211290671763525,0.009903715255829226,0.0101981627314498,0.01725876103762447,0.001709689355221533,0.017332274087179744,-0.08197020076301287,-0.005349493321180843
2025-07-25,0.00397432777929585,0.0005613917422049308,0.005539566378135463,0.005255746356593649,-0.00340177109187767,-0.00296589430885974,-0.0013813961041784228,0.03524405566934252,0.004940641178572847
2025-07-28,0.00017685810881817865,0.0007948587409902785,-0.0023555209851178205,-0.00310587511308269,0.005833005662313484,0.006945691253838371,0.018731989106281377,0.030152499060024596,0.0074128312299299726
2025-07-29,-0.002959442388724254,-0.012987668901023652,0.00013658563818119696,0.016460653729744257,-0.007646371539299812,-0.02456705351276456,-0.00701563995343113,-0.013483166498468035,-0.010365362637353548
2025-07-30,-0.0012494327466496813,-0.010507862911703691,0.0013071070651766714,0.003984721165483096,-0.003549595623255297,-0.006842820177952014,0.021423415612506602,-0.006724793213012448,-0.00203552846950783
2025-07-31,-0.0036948193411530106,-0.007079609380583052,0.03947470453976676,-0.02355877991784605,0.017029402351838252,0.11252716637391091,-0.0078095147785869345,-0.03375758288237862,0.035910239463941895
2025-08-01,-0.015992133140148468,-0.025003668581794036,-0.01760072001226609,-0.014434561707329485,-0.08269617085933034,-0.030293219233175295,-0.02333164124835896,-0.01829559909125389,-0.02882282917053136
2025-08-04,0.01473710033091602,0.004793012026163446,0.021999259295981233,0.031248294135184373,-0.01443541840985152,0.03514620180203765,0.03615013766361175,0.021907956170373222,0.023159753125859606
2025-08-05,-0.004857865996303334,-0.0021146353111312077,-0.014730087451690799,-0.001896995776040522,0.009922070229506863,-0.016628686523750602,-0.009666733498278846,-0.0017461311772288823,-0.009030467023973143
2025-08-06,0.007281907295092482,0.05090672067065416,-0.0053244351410633994,0.007294320092593232,0.04004677220394748,0.011172797768208342,0.006507394244785081,0.03624644466558724,0.016065005238585117
2025-08-07,-0.0007974800154801898,0.03179370364190537,-0.007810398227357296,0.002192925408914803,0.0036885760119835798,-0.013160779328520111,0.007524277913753652,0.007377028928595486,-0.0010392404767503027
2025-08-08,0.007799715348974834,0.04235784341318971,0.002303907839930286,0.024933814520254227,-0.001971955504762035,0.009805342631409975,0.01067652067844116,0.02290006868278205,0.01309285769294699
2025-08-11,-0.0025041278217863283,-0.008337365796965757,-0.0005171525785138131,-0.0020851554748789747,-0.006241858073597895,-0.004458581532918782,-0.003503037563961864,0.02845443669493286,0.0005397160207079033
2025-08-12,0.01134543584661274,0.010872426196794072,0.014316580058936212,0.011641775508102858,0.0007681796954406295,0.03150663050056579,0.006042003347467295,0.005338753399730889,0.01606270385824171
2025-08-13,0.0032300788824048965,0.016024457949132653,-0.016363020350273483,-0.006786597929936633,0.01395221168040428,-0.012556911175657937,-0.008571763966649049,-0.004283509772223915,-0.006491179958439952
2025-08-14,0.00030309080129242716,-0.0023571835446725142,0.003649715185283675,0.004852378555552539,0.02858923333961183,0.002627892696104084,0.0023679810043872873,-0.011196942235471519,0.002994348043228845
2025-08-15,-0.0028971350972291088,-0.005112168105708581,-0.004421230659529152,0.004730436677749195,0.00021648217457226338,0.003963524269323893,-0.008625449460479717,-0.014959143019665277,-0.0024035691280642757
2025-08-18,-0.00010076318078544588,-0.0030225322092916063,-0.005901995633061485,-0.0019616729992227855,0.0019911124801876845,-0.02274493796188104,0.008645020880647225,0.013915797850586165,-0.006203618186574111
2025-08-19,-0.005858103118756786,-0.001429256279357305,-0.014175136000177835,-0.009483995050079685,-0.01503309388634011,-0.020707077540709218,-0.034998013839239506,-0.017454368181154756,-0.016690662414131974
2025-08-20,-0.0024316693228262354,-0.019734624185850147,-0.00794472392905854,-0.011162432582165205,-0.01842023178556884,-0.005003517571276372,-0.001366452784833938,-0.016428300696053943,-0.010081915456886748
2025-08-21,-0.004004181529308926,-0.004911252928377019,-0.0012874574564821772,0.0021573120696150028,-0.008310623433453235,-0.011528394680740628,-0.0023945644326968107,-0.011701168929731831,-0.0066719139880250244
2025-08-22,0.015186444876893468,0.012716733406805902,0.005929757278004377,0.031739678470673605,0.031043025385826706,0.021228557786528768,0.017202033480534507,0.062166209505171155,0.02418534394643279
2025-08-25,-0.004266385548063467,-0.002634317288807808,-0.0058553341804989945,0.011645408839101368,-0.003932852258726194,-0.001974083798060855,0.010225311093573941,0.019381771561470362,0.0019859784941584913
2025-08-26,0.004133995191134998,0.00946469850209164,-0.004402493114088024,-0.006475164325745242,0.0033781006590050122,0.001062045890046992,0.010900367670896083,0.01462783391499567,0.0029340343967387827
2025-08-27,0.0023909843081744153,0.005145899965004919,0.00936176720870363,0.0016413777604888935,0.0017926124405795996,-0.008911267262613931,-0.0009352065559826706,-0.0058862207330171445,-0.0009482868664871802
2025-08-28,0.0031567194195349924,0.008980857430412437,0.005722904191400424,0.020050189698274323,0.0108240705271474,0.004990759441897197,-0.007874516613228466,-0.010354676927882056,0.004194138259924429
2025-08-29,-0.00639818429357164,-0.0018060207961334562,-0.005788423440546087,0.00600073100443832,-0.011226278216735164,-0.01652218926082094,-0.03324642128304889,-0.03500206799409333,-0.014299496831700287
2025-09-02,-0.006922279936861564,-0.010424709383172748,-0.0030985559546348185,-0.007326982143995853,-0.015982548742835667,-0.004859980794890473,-0.019519964928560563,-0.01350828116207925,-0.008532097401074412
2025-09-03,0.0051000736279842585,0.038089871578786294,0.0004553590999198942,0.09136500745700982,0.0028845707190781056,0.00263910073165996,-0.0009368627758283843,0.014361219324440011,0.014723628205041583
2025-09-04,0.008346486409699372,0.005493288226302795,0.005184515851476723,0.0071100321220396445,0.042877945692648245,0.015738482336541626,0.0060954526746064275,0.01328983953448204,0.013242776213520324
2025-09-05,-0.003165152978388819,-0.00037531045761318715,-0.025533006259296664,0.011622895873477201,-0.014214150326010255,0.005075785987299852,-0.027030183986951672,0.036363092201525005,-0.0009074283432390917
2025-09-08,0.0021059789159529885,-0.007551402650500583,0.006464671125315569,-0.003194408754602418,0.015107797009308976,-0.0001994346348722642,0.007723564088240931,-0.01265534855703887,0.0003446264599129556
2025-09-09,0.0026881536531127015,-0.014839412310012845,0.00042150030094911806,0.02388485625123682,0.010176429751274751,0.01781208308365212,0.0145564601601742,0.001645517708609212,0.00852847512231314
2025-09-10,0.002983469943562689,-0.03225948363240483,0.003932488193810091,-0.0019196540687471675,-0.03320182790348514,-0.017918255958653484,0.03847512165898026,0.0023633378140295314,-0.008135305356843148
2025-09-11,0.008485890387959882,0.014286344459361722,0.0012790827881028477,0.005017338953168027,-0.0016498279850283293,-0.0014361446800837951,-0.0008459798617036496,0.06043873744853956,0.009901898874663972
2025-09-12,-0.00048276131466740146,0.017562991653877313,0.017744124783092063,0.001788941811812439,-0.007827802024989672,0.006245827384848912,0.003668844397986648,0.07356092584909457,0.017626724353336343
2025-09-15,0.004706619226962694,0.011235905200573493,0.010707965327386493,0.04489201587040781,0.014376501718361023,0.01205675713754406,-0.00039369767931174415,0.03561147147692467,0.017828309205764503
2025-09-16,-0.0012879303382402618,0.006125886829152938,-0.012263227620067041,-0.0017884700415349286,0.011320962964584513,0.01870013036330964,-0.016146245385021074,0.028241113869250656,0.00784699732830152
2025-09-17,-0.0009701681605103207,0.003527257682534257,0.001925154118143313,-0.006489906271085144,-0.010382430689534927,-0.004210505023040101,-0.026246634655319623,0.01005642588937583,-0.002250977316261782
2025-09-18,0.004789119185128365,-0.004644576907642972,-0.003078265245401113,0.010018835459584041,-0.0016837898189709932,0.0058397785844446215,0.03494046885675561,-0.021157139806429193,0.0003452544246127509
2025-09-19,0.004885418870829605,0.03203291306373979,0.01864486230927631,0.010673342278439968,0.0010811746080494622,-0.002396713454425159,0.0024398131092768782,0.022118270566640064,0.010688685176193369
2025-09-22,0.004410046474333074,0.043095700465100695,-0.0067190170833154594,-0.008597685422860546,-0.016632067201427403,-0.01632053228812458,0.03928229191902566,0.019104804353584193,0.0013059962424208926
2025-09-23,-0.005502159197012135,-0.00644325892472386,-0.010146760806378219,-0.0034451159125369335,-0.030400202172415014,-0.012755435559911543,-0.028212014146021813,-0.019253323313789705,-0.014414069879108538
2025-09-24,-0.002846617843333288,-0.00833236483994404,0.0018066156556137969,-0.01796075739762648,-0.0022654160880354324,0.006963130209783452,-0.008182432970958109,0.03977927016229388,0.005595142116696872
2025-09-25,-0.0050090613431266195,0.018072960876120314,-0.0061158387817614734,-0.005462515605930585,-0.00935476479077324,-0.015447112264138307,0.004068493053832389,-0.04381307961359793,-0.01241556040713665
2025-09-26,0.005901836747171263,-0.0054890828406448655,0.00873714116807034,0.0030513854122893314,0.007471945580644679,-0.0068899778739298645,0.0028138893192084513,0.0401756741055197,0.006886839725858129
2025-09-29,0.00263554421636214,-0.004031959845059219,0.006139256605245391,-0.010099741632933035,0.01087450815780766,-0.00047055540966389753,0.02053989343938012,0.00638055766924972,0.0031329364197001386
2025-09-30,0.0040908483833717035,0.0007861004710238984,0.006509982083227506,-0.0038926323964876275,-0.011702709034319914,-0.012133466821391936,0.026010423804146532,0.0034069849388267404,-0.0010678664280787675
2025-10-01,0.003399920834961989,0.003220330351537015,0.0033980301653540046,0.007404309945604481,0.004827606336181178,-0.023203216201485355,0.003537376222704669,0.033144428390707636,0.0014608504574584735
2025-10-02,0.0006183547238911569,0.006576638338942287,-0.007638936272985952,0.0032258414234824784,0.008067800117406154,0.013536064591382901,0.008812186755381202,-0.051059922281332826,-0.0045389765939044535
2025-10-03,6.551280273581206e-05,0.0034612513299712155,0.003121699658835464,-0.0013838427877085335,-0.013039023009411066,-0.02268068291209524,-0.0067235125023275,-0.014151406944344913,-0.009515667019665774
2025-10-06,0.0036465919796933033,-0.0051546117135026215,0.021687508007657064,0.020705059897664357,0.00633228292302257,0.0071774031798306215,-0.011086248188821868,0.054486690457546505,0.01666723738799014
2025-10-07,-0.0038114057910215715,-0.0008180341665524615,-0.008683857940984696,-0.01864791880176797,0.003983725247293846,-0.003605002587124484,-0.002694836790410604,-0.044478772558432134,-0.012191612894813408
2025-10-08,0.0058276636405680815,0.00616028826380699,0.0016603594595525628,-0.004638669495155456,0.015510877718191152,0.006675281387145127,0.02199528465138445,0.012930352007360923,0.007436513203445072
2025-10-09,-0.002755570407195318,-0.01557785637436715,-0.004667907565661822,-0.012631822416684813,0.01118907849570383,0.02182935239596384,0.018296265150970603,-0.007180455170972544,0.0034424332934839263
2025-10-10,-0.02711167321141361,-0.03452205816262133,-0.021898990092536486,-0.02053571597791637,-0.049925397829666096,-0.038458946158989815,-0.04886536482426518,-0.05062684914805626,-0.03690006461394357
2025-10-13,0.015598671787557583,0.009744341420789837,0.0060474330467461535,0.03204119853569298,0.017100394188331425,0.014745533239843622,0.028172109406748413,0.054197209585187034,0.02179620435439511
2025-10-14,-0.0015643266604626893,0.00044415864468594357,-0.00093372333459385,0.005324608168161493,-0.016721987604375044,-0.00985047879380141,-0.04402085929536681,-0.015278742269702716,-0.00964686373800061
2025-10-15,0.004026001159503689,0.006336529564029414,-0.0002726301116511287,0.02273376207143052,-0.003789417568938358,0.012559039119860449,-0.0011109090129327592,0.013768529951932784,0.008185593126212476
2025-10-16,-0.006294387099829435,-0.007580006053321764,-0.0035448013364658415,0.001712974292560121,-0.00510277898660183,-0.007637071370602655,0.011010374839450998,-0.01470755828163206,-0.005573792298838365
2025-10-17,0.0052707155502571545,0.019559441912186948,0.003850651462417254,0.007317252401032315,-0.006667636156250767,0.006811093763326115,0.007755369237354204,0.02462973191508744,0.009435298315010998
2025-10-20,0.010672270853256949,0.03943876231500254,0.006250167122328731,0.012830575215377449,0.016147214372026486,0.02127155102874445,-0.0031656032485013474,0.018483519979771268,0.016578537222602607
2025-10-21,3.2696450934288634e-05,0.0020210237725979407,0.0016834597306014665,-0.023737990133977593,0.025637486886977978,0.001502433378546053,-0.008103349389427028,-0.010794954856246153,-0.0016642586533849313
2025-10-22,-0.005337539220865439,-0.016440156296572916,0.0055635069973014595,0.004910946636459412,-0.018375903497213075,0.00019086231477283278,-0.00485761131057294,-0.008201547294971134,-0.0033168058248365107
2025-10-23,0.0058273934429324825,0.004372103072468825,3.8459161822324006e-05,0.005522664294033808,0.014406971477930908,0.0008044979984918044,0.010428249919804289,0.022803402824313368,0.006981414333251834
2025-10-24,0.00790242258787388,0.012481878875396424,0.00585905142014953,0.027027072653673212,0.01411194729592502,0.005940034538913563,0.02250763483915863,-0.03398817183887881,0.0036067842201874534
2025-10-27,0.012290050865671143,0.02279111912415832,0.015106729055933688,0.03597251116846789,0.012309863182682124,0.016875267105277203,0.028079089125798262,0.043115401997602554,0.023736259360329637
2025-10-28,0.0022879438603986557,0.0007068314349076843,0.019848712005754443,-0.006684695162509802,0.010045375014470892,0.0008257573201826407,0.049819797443545255,0.017969970655449252,0.010965940418556475
2025-10-29,-4.3578255173426506e-05,0.0026023003490212027,-0.0009593217190099201,0.026545055786114213,0.0045801659836763875,0.0003060530022394037,0.029896008274039154,0.0020845119924046696,0.005708158432538912
2025-10-30,-0.00990481243951924,0.006303226049785504,-0.029157009294181968,0.025166636842274936,-0.03230569840563213,-0.1133476314661016,-0.020044407027916655,-0.04639120107705208,-0.045825307735146814
2025-10-31,0.0026179217059763005,-0.0037950967413132863,-0.015120990678951118,-0.0010302988972668015,0.09584492754129248,-0.027188014334795785,-0.0019714815796129104,0.03740057084027071,0.003842265130350464
2025-11-03,0.0017207127269924793,-0.004882213161503057,-0.0015062827396076228,0.008997470597568835,0.04004585509136338,-0.016410818252388326,0.02168007936469052,0.02586735066967427,0.006017925644539179
2025-11-04,-0.011736830084583816,0.0036796245826942187,-0.005222157426142293,-0.021782012720963917,-0.018425168014886806,-0.016292694626779736,-0.03958817792007252,-0.05147636612701911,-0.02095997219213197
2025-11-05,0.0036535556982648654,0.0003703577594871277,-0.0139404918816588,0.024392839969867186,0.0035295587926045258,0.013756941883016127,-0.017514699706973502,0.040089130615176494,0.00911960915004828
2025-11-06,-0.011178189042419073,-0.0013697259247742455,-0.019835944250241266,0.0015476150862951954,-0.028617121300727022,-0.02674740064331893,-0.03652479195527836,-0.03497306340156037,-0.02205549472153867
2025-11-07,0.0012618418007710464,-0.004818903572332056,-0.0005632644857351821,-0.02079021396921643,0.005636975040415049,0.004475424952860907,0.000372139859359244,-0.03675632866235745,-0.007725246130182772
2025-11-10,0.01540101862170995,0.004548679242277531,0.018477501993575007,0.040418965226070025,0.01632498741700883,0.0161650728438969,0.0579325512031128,0.03657576451501576,0.0246553212404772
2025-11-11,0.002075350517340535,0.021601185771556786,0.0052964282130063545,0.00417094598283585,0.0028180846386129943,-0.00740786470089716,-0.02959055161690649,-0.01260026442672324,-0.0022278266681651226
2025-11-12,0.0006295171887717999,-0.006466843884820661,0.004836089502392227,-0.015790759472957605,-0.01967085120518708,-0.02881611091368874,0.003313312163567561,-0.02051769508633805,-0.013648320117276791
