Date,SP500,Tech_Giants,AAPL,MSFT,GOOGL,AMZN,META,NVDA,TSLA
2012-05-18,100.0,100.0,100.0,100.0,100.0,100.0,100.0,100.0,100.0
2012-05-21,101.60359012376676,97.87729642445558,105.82604372154299,101.63991253581226,102.28347841581005,101.9920532641259,89.01385421394782,101.7384074509173,104.39044095291496
2012-05-22,101.65300371087274,94.56877075052013,105.01340911256082,101.67406081574224,100.0666199611145,100.69207722973601,81.08814909657409,100.49664171654807,111.75617508353196
2012-05-23,101.82517372980315,95.73080736355334,107.57568245101467,99.45335702346347,101.50899580378608,101.60392989626467,83.70389211718489,102.9801408966867,112.5544535903133
2012-05-24,101.96569567978413,96.23765435432833,106.5877530205202,99.31667373785793,100.5429808035579,100.64998801719494,86.39809613364493,100.24832085827404,109.86941519397098
2012-05-25,101.74487547267117,94.65937781309202,106.01643507361717,99.28252545792795,98.52265251235352,99.55108407594467,83.46847399035558,102.64893520269976,108.16401263739837
2012-05-29,102.87210466821269,92.69667706073996,107.8981054933325,100.99075914429622,98.99067307762363,100.42085644902794,75.43812911236267,105.29797803406555,114.98553202930628
2012-05-30,101.39744414040433,91.61889515133961,109.19906909924255,100.23914451919286,97.97301866010795,97.8396077239012,73.73789991388868,104.05628763976256,110.34107921368049
2012-05-31,101.16659607582794,92.73985094163825,108.9275713669297,99.72669900397845,96.74550241765782,99.56044020731902,77.42610384782161,102.89732063817341,107.03922994243824
2012-06-01,98.67358965818767,89.36598803359786,105.77131729939495,97.198496754356,95.09993697179043,97.3673148500535,72.50849692927858,99.17217411519819,102.14082365763329
2012-06-04,98.68439976393066,89.21955615259115,106.3935125927428,97.54013529473097,96.36740985246848,100.3366869430415,70.36358012253167,97.10263631036017,101.16114240067229
2012-06-05,99.24955058422637,87.92235437021245,106.11829768451717,97.40348479672019,95.00499841438868,99.70071974426456,67.66936606627691,99.91723355581973,101.26999443185234
2012-06-06,101.53719326678379,90.2383744659993,107.74537752687775,100.27329279912287,96.69721189327359,101.77226890823758,70.12816199570237,102.56621180998589,106.02324088512655
2012-06-07,101.52638316104078,89.6516425024712,107.79440827625619,99.86334130509053,96.30745572207563,102.31470155055801,68.82028797544828,98.42712543744327,104.971008909166
2012-06-08,102.35018484621092,91.07976052311086,109.4159363365277,101.2982576016399,96.67721440110866,102.16506588223815,70.88673876644857,100.33111959105412,109.14368740618916
2012-06-11,101.05851386775404,89.72904579514184,107.69073504095998,98.73589067829009,94.68687276162619,101.2391834781958,70.65131561972188,101.49004354117683,105.66038347940582
2012-06-12,102.235920049325,90.49218276214555,108.63154027359255,100.06832115055605,94.120583919102,101.20177679088975,71.67145414278576,103.55957058314826,107.61973950515764
2012-06-13,101.51789152610232,89.9576257984045,107.8773852353413,99.5216781740195,93.4527034704884,100.4115003176536,71.33141633492674,100.8277720704688,108.01890471122906
2012-06-14,102.61577227414278,90.97605060335468,107.75861546948322,100.23914451919286,93.11292505216029,100.28056799298675,73.99947672589843,99.58604938756598,106.64005824819665
2012-06-15,103.67659518802328,93.54931159022098,108.24885101792765,102.5623751202485,94.02230925083093,102.10427332604407,78.49855472134901,101.7384074509173,108.52687004311908
2012-06-18,103.82638159654422,95.55308447181342,110.44535424656472,101.9473618117638,95.07827781520784,104.11971245905801,82.16059997010149,102.64893520269976,115.52979867337683
2012-06-19,104.84550973465574,97.07774062041673,110.75268075832068,104.88554834301334,96.85709596533819,104.7603443448786,83.46847399035558,109.60260805783535,116.43687081780661
2012-06-20,104.66870277411628,96.87919303152619,110.4378119767288,105.671303051148,96.18754107027294,104.28805147103091,82.65759490894057,111.34102627161924,122.56897022228341
2012-06-21,102.33860191686641,95.75458353039451,108.9162519667308,102.97229382668608,94.1389005737983,103.14238471110025,83.28537323388716,106.2913475700945,116.79972822352734
2012-06-22,103.07284088636459,97.78157011543549,109.7515133852207,104.88554834301334,95.18321192318355,103.88589836565598,86.4504335835953,107.615825934311,122.60526504629374
2012-06-25,101.42832881043033,95.48345983933262,107.61534831527095,102.04983124224982,93.38774517379156,102.90857953679391,83.86084422826758,104.2218312909897,120.13789178329044
2012-06-26,101.9124179746706,96.88460135086154,107.85288784698712,102.5623751202485,94.05062784711818,105.49918439329502,86.58122198960018,105.38078752971222,114.69521236624476
2012-06-27,102.82809142163917,96.38573436273846,108.31855406173713,103.07481243856425,94.82011907487217,105.50385799943436,84.30549167736156,108.77480369876673,115.9652067980971
2012-06-28,102.6111447572118,94.85217974098016,107.29099473965648,102.18652272475404,93.98899927027368,103.48842778551608,82.0298115640966,109.60260805783535,113.96954946016477
2012-06-29,105.16823898570861,96.26260576226268,110.10976520698166,104.50972053821492,96.6139241598465,106.78044816493619,81.34972088868648,114.40392284961962,113.53412835910413
2012-07-02,105.42688042590498,96.1618674833764,111.7161487731311,104.40725110772888,96.68054412096099,107.23403769513087,80.48651941701321,111.34102627161924,110.30483629503163
2012-07-03,106.08391243267717,97.12637608960992,113.0152058275246,105.09051999158015,97.90639230797646,107.33223693863101,81.61129770069626,114.23842224985887,111.24820326347174
2012-07-05,105.58669469188938,97.74488106982737,115.00058545520626,104.88554834301334,99.25382959324628,106.17722296642165,82.31754706128682,113.07948753686954,113.316424296744
2012-07-06,104.59073241246688,97.13639508598285,114.23509902586608,103.14314998291766,97.59826220578793,105.23731082486563,82.99763773669694,110.92716176211806,112.44559507096305
2012-07-09,104.41932579245992,97.66683119142317,115.74532764477516,102.49399659140165,97.60326637209191,105.23731082486563,84.14855964586833,109.43706440660819,114.25980424152446
2012-07-10,103.57082202607582,96.25481974385389,114.67439727341548,101.60571507449015,96.88540817060846,102.64204128132086,82.31754706128682,106.12579315600075,113.46157764010458
2012-07-11,103.56927637887281,95.04736155552035,113.96167076025661,100.10246123358735,95.13490222574836,102.1136294574184,81.00967304103274,104.38736417935026,114.3324068658855
2012-07-12,103.05276632208158,94.1406746292469,112.91906287117426,97.81346907834727,95.01665562938032,100.70609804815402,80.59115415773502,102.64893520269976,118.65024519443944
2012-07-13,104.7528651492558,95.19442371485646,114.0635333711566,100.40992690333627,96.02265283190437,102.12298558879276,80.35573101100833,103.97348890698245,124.27432087349457
2012-07-16,104.51043415533489,92.90579673405918,114.42926750830324,100.58079945336522,95.7561538143954,101.0100519100288,73.89484198517664,104.30456544657017,130.47895802063056
2012-07-17,105.28482225339906,92.83762579017693,114.43493919929273,101.33240588156988,96.05763086789626,101.4402644904311,73.47631808198155,102.40062510729233,121.00870803273101
2012-07-18,105.98817655287122,94.44331504937993,114.30675658475229,104.0314151060318,96.7288474273792,101.69277300839046,76.14438349285061,108.1125968052583,116.65457488016675
2012-07-19,106.27615701589058,95.45282240322047,115.82643402501385,104.78302153423648,98.77748792385384,105.76104904262873,75.85665301555777,109.18868973400113,117.08999598122737
2012-07-20,105.2068424670716,95.0051690735227,113.9371973536825,102.90398906992742,101.73551901001613,106.7523976090045,75.2288696707138,106.04301594895387,115.34833752966553
2012-07-23,104.26954880861703,94.28000432323489,113.84857268538799,100.0341400830313,102.51665467072777,105.68622674892094,75.20271098553336,107.45026075735062,111.24820326347174
2012-07-24,103.32685480962998,93.4292007686366,113.29989353888277,99.58999932457556,101.1941998708759,104.29740760240527,74.41799560919617,106.2913475700945,108.27286466857842
2012-07-25,103.29442449240098,92.96134918475254,108.40721470270176,98.49671337150247,101.2641623338767,101.49637452139018,76.74600313261676,108.36091766353233,105.04355962816557
2012-07-26,105.00301495451367,91.067249817886,108.39027157507356,99.62416399830292,102.15856598872037,102.88052006176652,70.23279673642416,108.8575809058136,102.06821454510207
2012-07-27,107.0065318673812,90.2726201567657,110.32845505955306,101.67406081574224,105.75615253619202,110.97498291770198,62.01934608206548,111.58937941849307,107.07547286108712
2012-07-30,106.95480923414877,89.6710901615048,112.18939323038714,101.2640601403178,105.31312084735683,110.39980827511914,60.55452999052344,110.34765673559026,99.23802929356933
2012-07-31,106.49310368031794,88.51958523372134,115.15514802783733,100.68328527764862,105.4247143950372,109.09515863458992,56.78785502094652,112.08606418650757,99.49203466810998
2012-08-01,106.18427582941408,87.43263040948639,114.41041782915849,100.47828084148706,105.37642387065299,108.52934012338142,54.61679458871127,110.84429845213835,95.2467535467258
2012-08-02,105.38750412094049,86.3355111291063,114.59518545380331,99.72669900397845,104.7218495194147,107.93078853100621,52.41956041160347,111.25824906457235,94.70248690265525
2012-08-03,107.39411232821404,88.55768165944583,116.08660036623775,101.63991253581226,106.81711248483892,109.87607897645171,55.16609685811652,113.57609696481781,98.94776802403945
2012-08-06,107.64426213347191,89.7499526827458,117.37816311435549,102.3231814196635,107.06529484765157,109.41781584011771,57.337162310249134,115.97681893790957,102.57623827052373
2012-08-07,108.19397533109365,88.99842462719947,117.06890606930291,103.38227810831316,106.68554061804458,110.61959263100746,54.19826566561882,117.13575365089888,109.76055667462073
2012-08-08,108.26114501167811,88.88561898288233,116.87096045650279,103.6214390213034,106.96702017938051,109.60018458960432,54.19826566561882,117.79797130727391,105.55152496005557
2012-08-09,108.30593108185313,89.4086909600735,117.53742611588271,104.20223027776994,106.98701128052845,109.45054892128442,54.956842436365015,121.77149250285619,106.71266736072786
2012-08-10,108.5429523105635,90.09485303048179,117.72115053309398,103.92890469105234,106.9287060325193,108.83796759139553,57.04942681305892,121.02645458796786,108.63572856246932
2012-08-13,108.40706730219156,90.60573226841889,119.292772509014,103.82645985126236,109.92838098539512,108.69300552921499,56.50012956355105,122.59928609905819,113.09872023438385
2012-08-14,108.3931753267206,89.57725352265832,119.61276140065347,103.62007013922268,111.36908238161504,109.04372220977017,53.30891554855983,120.77813372969383,106.7489167675469
2012-08-15,108.51670458214653,90.55428513569512,119.44993710478403,103.8608294474569,111.18255415971483,111.0217457363824,55.453827335409365,119.86747682351213,106.67636604854734
2012-08-16,109.28722856220317,90.28173929125875,120.49330041993895,105.85549556154331,112.07027920180288,112.95300644431421,51.97488284312529,122.35097600365077,109.94196591297055
2012-08-17,109.49182889836257,89.9961075504748,122.72196321566653,106.26818481973707,112.78147157256468,112.77531130096693,49.82997105627576,121.27481849770831,108.88974042518018
2012-08-20,109.48951042755806,91.16410099687113,125.94855584418295,105.71795160157565,112.51499172810671,112.39186153924506,52.34109439585686,121.27481849770831,107.07547286108712
2012-08-21,109.10656690833427,89.93147968845041,124.22729955143879,105.9242839353245,111.51065619000033,111.97100509021709,50.117711573363344,120.943677380921,105.6241340725868
2012-08-22,109.13126898954822,90.77596662403026,126.65296067965323,105.03012524205442,112.78811823023536,113.67780783612125,50.85010957933963,121.19199823919502,108.67202987464985
2012-08-23,108.25033490593512,90.32597971616264,125.47133041143321,104.06715358430706,112.72484716202418,112.78934103848064,50.85010957933963,118.46023201511538,111.50221512618259
2012-08-24,108.9490616884763,90.73128626854577,125.58312147928731,105.09888082824088,113.0296347623264,114.91231770817771,50.77163854369565,120.8608894110075,107.03922994243824
2012-08-27,108.89578398336282,90.5517422602319,127.94247298557393,105.54597247022394,111.46236566561612,114.06125759784315,50.09155288818289,118.79134084330289,102.75764102070337
2012-08-28,108.8077763395719,90.97754864013768,127.77577563222118,105.33964833337377,112.79978822726098,115.08533924538564,50.588542807124604,118.29467760102162,104.10018617155528
2012-08-29,108.89964810137033,91.01316477787516,127.5240029140261,105.40838752576285,114.59193164781765,115.55763211923333,49.96075946228064,118.54303074789544,103.08420360241375
2012-08-30,108.04959868778323,90.27752590122402,125.70617199289012,104.27349411495462,113.53763113887538,115.13677567020537,49.934600777100194,116.30790624036386,103.08420360241375
2012-08-31,108.59776623820194,89.90750118479328,125.96560688982153,105.99309689980177,114.10560081886823,116.09539115541443,47.24038170094805,116.1423518262701,103.48331041495351
2012-09-04,108.47114568837,89.3910978563154,127.808031126432,104.51424522629014,113.43104175749899,115.91302240592785,46.37718524917214,109.93372764888947,102.10452234545275
2012-09-05,108.35533524428105,89.96177904423264,126.9104290706179,104.51424522629014,113.3777406757938,115.13677567020537,48.60057811146039,110.26487952854337,101.37884646303242
2012-09-06,110.56963508212006,91.96383172196809,128.05416812630773,107.81575109494173,116.48900278533303,117.54968538335923,49.594552929446444,113.65886340899809,103.59216244613359
2012-09-07,111.01743923580187,92.37079929994542,128.84374425374065,106.44013936039272,117.6132465842251,121.17839270582084,49.64687029980735,110.92716176211806,106.49495681019754
2012-09-10,110.33492289953612,91.17243129620103,125.492218541885,105.64913863709837,116.71720043801474,120.21977722061179,49.20219273132917,109.93372764888947,99.31063191793037
2012-09-11,110.68081800927803,91.5113755208267,125.08510384320617,105.8898897484339,115.28814347475247,119.55575946590315,50.82396093395391,111.25824906457235,100.87082922578092
2012-09-12,110.91243889745593,93.18990376096517,126.82711636661163,105.85549556154331,115.06995415467871,119.53705612225012,54.74758299471616,112.49997174747517,102.61248118917258
2012-09-13,112.72139275630553,94.13938910009986,129.32471084418324,106.40576156729948,117.5949427115628,121.69277479220959,54.172106980438365,113.24500966236349,106.96662082990704
2012-09-14,113.16765126278435,96.00255039505159,130.8963687927734,107.33430625056148,118.2011945833319,122.17442379743164,57.54643179169273,114.56954184091299,110.26852849468094
2012-09-17,112.81403734170546,95.77141206122491,132.50586999033354,107.33430625056148,118.25117233620175,120.64530727577906,56.290865102004815,111.42384653013254,118.06967075001819
2012-09-18,112.66966069839503,96.29940481182352,132.90921954953942,107.23117287128181,119.63358765746348,120.99602395633424,57.20637892414162,112.16886291928765,113.71553759745395
2012-09-19,112.80323666064054,97.89422333950303,132.94520421055307,106.78407303240004,121.16922122006815,122.3661397591969,60.920741543255,113.49333052063753,112.6632991333232
2012-09-20,112.74224014419003,97.40002532596684,132.30136536068088,108.15968476694906,121.27248727260923,121.95931304768264,59.08971389898139,112.66552616156893,112.11903248925267
2012-09-21,112.73374850925155,97.4226675031971,132.56457738797528,107.26552607367896,122.25017226986299,120.39747236395904,59.795968279469335,113.16225398104982,108.92598334382903
2012-09-24,112.48205305679066,95.15946271429615,130.80352333118438,105.85549556154331,124.81344301852334,119.1489327543889,54.381376461881956,113.07948753686954,111.24820326347174
2012-09-25,111.30078275721218,93.57059911650228,127.53724085663158,104.51424522629014,124.77682249116472,118.05471133837364,53.04734375644743,111.00990668056512,100.3628638938909
2012-09-26,110.66227966751998,93.44110190650353,125.95423952606247,103.75764688678508,125.49299985517956,116.75005277874872,53.936698893403786,109.10593405268747,99.92744928100045
2012-09-27,111.73005799381401,94.0770802134479,129.01035767086313,103.72325269989449,125.9993345673109,119.98597204630545,53.151978497169225,109.93372764888947,103.37445838377346
2012-09-28,111.22975838329828,94.52915603160295,126.31777933033158,102.34763276844679,125.66622197970443,118.92447479236121,56.657076654736386,110.43042317977054,106.24095143565688
2012-10-01,111.52468483405309,94.46440785275524,124.85786448603537,101.4190798882861,126.87875128731059,117.84428311385966,57.52026808661491,108.60923852180638,105.80553682276641
2012-10-02,111.62196636106205,94.77557403378708,125.22140429030448,102.00370729333814,126.08093507225236,117.18493896529037,58.25268617218067,109.02317837137379,108.1277632305793
2012-10-03,112.02653009177186,95.15191937506202,127.14146953993173,102.69151725906201,126.99867233013029,119.67266205305631,57.101744183419825,107.94697781396492,106.31350215465645
2012-10-04,112.830257212659,95.62918337102282,126.26094251153629,103.27617745170879,127.92305624567888,121.8003301670841,57.41564338568785,112.74830336861581,106.67636604854734
2012-10-05,112.79397220210055,93.95621794440746,123.57027072252127,102.65713126907008,127.85644906659837,120.88379497532043,54.695260604457886,110.09935740304944,104.82585556580541
2012-10-08,112.4040732704632,92.81941817570146,120.83977718767945,102.416421142228,126.22254722673961,121.1409860185148,53.361232918920734,109.02317837137379,106.1320994044768
2012-10-09,111.2922911222737,91.43640126430145,120.40049093102007,100.6968511449756,123.93237741613996,117.35328689635895,52.91655535044255,106.70526589392873,102.93904377088299
2012-10-10,110.60361104655207,90.51751307574044,121.35862299976216,99.66510750724441,124.01066737428006,114.56160994671822,51.37326320335915,104.88408123596456,103.04789580206307
2012-10-11,110.62522183336002,90.35473674379759,118.93299784421782,99.56196593106606,125.16322337844241,114.20154605388436,51.660993680652,105.46354321102591,102.75764102070337
2012-10-12,110.29709224177466,90.08003323660337,119.23781825995519,100.42172224054684,124.04229012635169,113.33177368080109,51.05937906078323,104.55296164491044,100.29031317489134
2012-10-15,111.18806360752926,90.44275067341859,120.19410373163093,101.48784367137125,123.41437270698299,114.18283379113565,51.05937906078323,105.87747229772673,99.16547857456978
2012-10-16,112.32995760214324,90.95232639860792,123.04009351934961,101.4190798882861,124.03396902222936,114.07060481012181,50.954739300164064,108.94037963859371,101.81426107592289
2012-10-17,112.79242655489752,91.72981493243809,122.05921473219937,101.76295618200261,125.83111021807301,115.73065365644123,52.00104152830575,108.1125968052583,104.57184370309459
2012-10-18,112.51679242014612,88.851837740623,119.79267271483162,101.4534822720754,115.75614486697161,114.4961437843848,49.64687029980735,106.45691274705487,101.74165845156185
2012-10-19,110.65224238537847,86.98045944586707,115.47542470083778,98.49581990954557,113.55594779357168,112.22819613341149,49.69918265027088,100.24832085827404,100.65312516342078
2012-10-22,110.70088314888295,87.12351580785509,120.05588474212601,96.29479687101426,113.03633254813299,109.31961659661758,50.5362254367637,99.08940767101791,101.05229036949221
2012-10-23,109.10192996672524,86.8459408054349,116.14189036021773,96.4667432147712,113.3161184899663,109.56745150843761,51.00705667052496,102.06950551623821,103.0116528834142
2012-10-24,108.7653087402014,89.95030241025562,116.79894317091532,95.95088778970299,112.80812211341728,106.8459232463653,60.7637894321723,100.74504867775494,99.49203466810998
2012-10-25,109.09111986098223,88.84293722193995,115.41861186382259,95.88214040041521,112.88472484307177,104.24128865235052,59.01123784344004,100.8277720704688,99.8548985620009
2012-10-26,109.01159442745174,89.00482764136777,114.36955287589808,97.01699282673002,112.45004621344385,111.4051865790086,57.38947968061004,99.75163609025955,99.3468813247494
2012-10-31,109.0285871220068,88.1341257013128,112.7259735688408,98.15192722203169,113.30779738584398,108.90343375372898,55.218419248374786,99.17217411519819,102.06821454510207
2012-11-01,110.2198852790487,89.23210268296695,112.95696607459449,101.52222966136317,114.5219883578678,108.55272599226946,55.47998100069245,103.89066864846916,106.1320994044768
2012-11-02,109.18608291718668,88.62052536645169,109.21914184917152,101.4534822720754,114.57696388602466,108.68365831693632,55.40150996504847,103.39398388045468,104.93470759698549
2012-11-05,109.42234074697359,89.15961647038921,110.69992084213939,101.90050833886897,113.75084824773015,109.57680763981195,55.58461574141425,107.78141263700456,114.29609906553479
2012-11-06,110.28165461910069,89.31056766151406,110.36472750192769,102.69151725906201,113.54430336061402,111.08721189871582,55.37535127986801,107.69861390422449,113.02616951538428
2012-11-07,107.66742799216094,86.81996887787601,106.14190774700829,100.009008391657,111.11258530569702,108.51531038586772,53.54433367538915,104.38736417935026,114.44126538523575
2012-11-08,106.35336397861654,84.98619071260224,102.28997821195324,99.08047190529369,108.6425722769698,106.31283781632352,52.28877702549596,104.96683691727821,113.6066790781037
2012-11-09,106.53402563248544,84.66225052142974,104.06096072569827,99.1492520821762,110.43139236869112,105.82651520496216,50.24849495947086,100.91056004038228,110.01451663197011
2012-11-12,106.54792703263445,85.00706399104396,103.2562760768134,97.0513952105193,110.90937652945026,105.90132857957425,52.498026427350084,98.6754785843171,112.73584985232277
2012-11-13,106.12328873764166,83.9941599526515,103.26960994653922,93.9307621082948,109.76847774027956,105.96212113576836,51.948734197739576,97.93046219516198,114.69521236624476
2012-11-14,104.65326515144233,85.64792738829541,102.12450392938467,93.0639482690445,108.68587780810101,104.25531838986419,58.48810429900999,95.52976174780343,113.86069094081452
2012-11-15,104.48649547304439,84.73283206329485,99.98257124132512,92.43982820611856,107.80481220571762,103.15641444861392,57.99109932037617,95.94368007163764,111.82877770789297
2012-11-16,104.99220484877068,86.28056293307996,100.37449947776676,91.9544242596725,107.79148054427435,105.32148924994775,61.62699090384557,94.20527262072035,115.52979867337683
2012-11-19,107.0775656659732,87.72063189451247,107.6122786474204,92.68253017934158,111.29414131637823,107.41641536371314,59.95291035075729,96.85429392635292,119.44852370122081
2012-11-20,107.14859946456518,87.97456766683015,106.69546718576028,92.61314343195623,111.5872844837228,109.31961659661758,60.42374660441593,95.72955284056266,119.7387784825805
2012-11-21,107.39720362262007,89.41683338333432,106.84570104708648,93.445325374254,110.90440431823123,111.30698733550845,63.614955599509784,98.4789163515389,117.81571079266884
2012-11-23,108.79619341022739,90.09125332727119,108.70984078556158,96.04583246719437,111.25415911408234,112.1720861024524,62.77791783291432,99.1454499174219,116.58202416116718
2012-11-26,108.57538262779252,92.24112654386609,112.1394991369257,94.97097314236964,110.11825810019862,113.92096914180195,67.85247184264269,100.89508303820655,117.08999598122737
2012-11-27,108.00790391201423,92.274130315007,111.23592561787108,93.89609742374752,111.71051607334381,113.81809629216247,68.40177411204792,101.31168131582501,116.65457488016675
2012-11-28,108.85641710307638,93.19010271697782,110.88591153756843,94.86696269493045,113.86908206206418,115.552958513094,68.95107638145316,102.14479176812912,120.57329990801074
2012-11-29,109.3211951019571,94.38692469926043,112.10718368826468,93.445325374254,115.2381785039166,117.49824895853949,71.46219972103425,100.31187558556721,122.24240764057302
2012-11-30,109.33896062011365,94.85711849798835,111.33106133945796,92.30113668033472,116.31745510725979,117.86298645751268,73.24089995515224,99.72864660719465,122.714123565644
2012-12-03,108.82012266783985,93.71778187676281,111.50417381898276,91.64231094836806,115.79780151571914,117.05868916585854,70.72978665536588,97.89568737316634,125.61686602434648
2012-12-04,108.63406067343848,93.73621810740764,109.53727215285458,91.43426546279362,115.09494303111364,118.06874107588732,71.82839621407372,100.81177845069611,123.00437834700368
2012-12-05,108.8062306923689,93.11373664907744,102.48785187941314,92.47447649686845,114.56030889574602,118.75613578038833,72.48233322420077,99.64534201968421,122.31495835957259
2012-12-06,109.16600835290369,92.76531242471916,104.0951347623157,92.68253017934158,115.11158523935829,118.48024139354092,70.54668087900009,99.81199424617151,123.00437834700368
2012-12-07,109.48487348594902,92.49479327242543,101.43400852636218,91.74632959270595,113.95901645316195,118.4334785748605,71.90687226961508,99.64534201968421,123.98406609213488
2012-12-10,109.52194074478707,92.89738827851183,100.78153623566033,93.41069347730148,114.1605635649911,115.86158598110812,72.82238609175188,102.97798832336602,125.43545678599666
2012-12-11,110.2391870197302,94.11821717456333,102.9823801664923,94.72826297224792,116.06927913546411,117.22702817783141,73.18859262458606,105.39413348430047,128.01163666298874
2012-12-12,110.28860060683616,93.67175604679548,102.52775756147025,94.45088811757894,116.18254073857916,117.72738052670648,72.14229039644438,104.31101240366563,127.9390859439892
2012-12-13,109.59141947149797,93.92137376622672,100.75681102039536,94.0001242649841,117.03864302859559,117.48889282716515,73.86868831989356,104.39431699117607,121.95215285921333
2012-12-14,109.13821497728368,91.66009518290313,96.97145490684908,92.95990503401057,116.91538587490658,116.52560373581676,70.12816199570237,104.89420909343836,122.6778157652933
2012-12-17,110.43375007374812,92.79193514270814,98.69102647954243,93.96545958043683,120.04997519646305,118.70937296170791,69.9712199244144,104.47763234155312,124.81858751756509
2012-12-18,111.70226461819404,94.82106092393433,101.55759863001683,95.56042032384963,120.09826572084728,121.76759708591737,72.48233322420077,104.64429533090703,125.50800750499621
2012-12-19,110.85453367541145,93.99126647652209,100.1138834781663,94.69359009080196,119.9383752577657,120.64063366963973,71.69762286776094,105.39413348430047,125.58055822399577
2012-12-20,111.4629154940011,94.3053187271672,99.24267936677789,95.97652768879588,120.31311893005171,122.28197025321046,71.56682944185869,105.31080737105682,124.92743306057498
2012-12-21,110.41753962747262,92.6055514283981,98.78618018746438,95.17904321864013,119.19221124202896,120.14028132076466,68.68950458934077,102.89464068438916,123.36723575272441
2012-12-24,110.14808808153327,92.91598317963083,98.94589884281316,93.82677625155166,118.17120793160998,120.93523140014015,70.44205617807303,102.06147641775205,124.38316641650444
2012-12-26,109.62075849432098,91.62226547130784,97.5821209594223,93.13326124434168,118.06629299668523,116.26373908648301,69.34345163926254,101.97818259310823,121.87953725851193
2012-12-27,109.48719195675353,91.25098741438669,97.97394127785356,93.48001464949733,117.63658657827634,116.11409449906746,68.14020231993553,101.31168131582501,122.24240764057302
2012-12-28,108.27736488263167,90.31605793919213,96.93342579908341,92.05841831331432,116.59061995549041,114.65045305884401,67.77399578710134,100.81177845069611,120.53705698936186
2012-12-31,110.11179364629673,92.25373407075183,101.22852064372614,92.61314343195623,117.81811702488956,117.31119768381788,69.6311821165554,102.14479176812912,122.89551982765343
2013-01-02,112.90900982258798,95.53519919846597,104.43560409414552,95.76847400632276,120.46135217814167,120.32265898934695,73.24089995515224,105.9772978854734,128.30189144434843
2013-01-03,112.67352481640256,94.86127273817037,103.1174455519164,94.48555280212621,120.53130825012548,120.86976523780673,72.63928533528346,106.06065628731687,126.161132668417
2013-01-04,113.22169236682129,95.32789015838947,100.2451117787772,92.71717847009148,122.91304855217263,121.18307523105587,75.2288696707138,109.55986871455316,124.81858751756509
2013-01-07,112.86808787042048,96.18062551535712,99.65538781566093,92.54383865355776,122.37675275238733,125.5365928644202,76.95526257426562,106.39384234875887,124.60088345520496
2013-01-08,112.50212762107365,95.59094543453165,99.92363601677262,92.05841831331432,122.13523622029632,124.56394764169745,76.01359508684573,104.06104482680125,122.20609984022232
2013-01-09,112.80091818983603,97.02316698330384,98.36194849325175,92.5785197319024,122.93803742860754,124.54991790418377,80.01568818325195,101.72820425337726,122.06099840222322
2013-01-10,113.6579135911586,97.7210616627961,99.58125413798122,91.74632959270595,123.49768600447806,124.07762503033608,81.87286447291127,101.89483495413137,121.66183319615178
2013-01-11,113.65251325062613,98.35976228346958,98.97067202163828,93.0292426000038,123.2494972506484,125.29343155873951,82.97148407141385,101.72820425337726,119.4122159008701
2013-01-14,113.54674008867869,96.99504560350938,95.44211880465934,93.23727988867955,120.46135217814167,127.53331973468545,80.95736571046658,101.64488890300021,120.68215842736099
2013-01-15,113.67489686103558,96.0153192061418,92.43095450662314,94.34685307944368,120.74116368404295,127.14519636682422,78.73397284817833,99.81199424617151,123.00437834700368
2013-01-16,113.6972898961231,95.87229832838337,96.26766160677087,93.75743048865975,119.11891905917584,125.75636830121285,78.08004587784602,100.72845233745247,123.73005422942403
2013-01-17,114.33887485554324,96.21370440283351,95.61896644643198,94.48555280212621,118.4743594315625,126.48117861211558,78.83859754910539,102.06147641775205,124.74603679856556
2013-01-18,114.72800096357909,95.60560536471118,95.10925169711564,94.48555280212621,117.34012008209645,127.24806921646368,77.58305093900694,101.39498590333547,125.25399564228539
2013-01-22,115.23602881010989,96.59044373553836,96.01657836475316,94.13880759386925,117.06694245183186,126.34556376221371,80.38188969618878,100.89508303820655,127.68507408127834
2013-01-23,115.4097444762433,98.16405678533931,97.77420302699227,95.73379292797812,123.50098376924544,125.37292745858663,80.61731284291547,101.06174602756046,130.62412434033152
2013-01-24,115.41050787516676,97.21427478781762,85.69342927404334,95.80313869087003,125.6179314553202,127.87468028386628,81.29740853822295,101.56160584122296,134.2162867864651
2013-01-25,116.03897368271745,98.02936174652324,83.67328805613224,96.66996072701902,125.52797150015446,132.79869003457844,82.50064781775524,103.39454354951808,134.1799789861144
2013-01-28,115.82434548909461,98.84311317428512,85.5659721083504,96.77401215895163,125.03830456033573,129.08113068089534,84.93331016148709,105.06086131992566,137.98984549460812
2013-01-29,116.41574403780727,96.88277316016978,87.17140239874158,97.12074917030992,125.52964594660611,121.74421121702935,80.53883678737411,102.81132533401211,137.69959071324845
2013-01-30,115.9617667199915,97.71183349029414,86.89750648842049,96.56598306717457,125.55463482304106,127.54734055310344,81.71592742152069,102.64466234465822,136.13934150003638
2013-01-31,115.66452179843213,96.8152652514758,86.64261014336968,95.17904321864013,125.86443298066423,124.15243840494816,81.03583172621319,102.14479176812912,136.10309858138754
2013-02-01,116.82726318093064,96.44671683809257,86.28688839940743,96.84339070943831,129.18055274883392,123.91863323064183,77.76614165568063,103.06129291087646,138.96953323973932
2013-02-04,115.47922320295423,93.53674091125019,84.137431427847,95.14438673099156,126.41904543514582,121.57118967982142,73.52863545234246,101.31168131582501,136.93762000681778
2013-02-05,116.68211371401871,95.05220562162603,87.08961253777055,95.35240762586994,127.5383042407849,124.80242642214311,74.91498552813788,103.6444788377826,138.3527158766692
2013-02-06,116.74619210019715,95.24972152571812,86.99638336770022,94.7976415227346,128.27615993443328,122.61865719625196,75.9874313817679,102.81132533401211,142.12627458481225
2013-02-07,116.53541859990375,95.23015488513647,89.58318407173334,94.58959603716015,128.90572623618567,121.68810118607027,74.94113919342095,102.39474858212687,143.251115673304
2013-02-08,117.19476907748047,95.87825095704994,90.8765274670222,95.52576383620105,130.80779514898805,122.49239847772442,74.67957242120593,103.06129291087646,142.3802864475231
2013-02-11,117.12373527888849,95.64067077243219,91.82357395792121,96.60063955482315,130.31645376271766,120.27589617066654,73.9210006703571,104.22770781615517,139.4049413644596
2013-02-12,117.31057952156941,94.45863966253421,89.52194659629293,96.66996072701902,130.02998281711172,120.97264700654189,71.59298310714178,103.56118501313878,137.4818866508883
2013-02-13,117.38005824828033,95.65860738285159,89.35165197592781,97.1901113269992,130.38974594557078,126.00888573826789,73.00548684822029,103.06129291087646,139.51379988380984
2013-02-14,117.46112932901383,96.3161252421787,89.27129502631671,97.22474322395172,131.2158360197973,125.9013303633934,74.54878401520105,106.06065628731687,138.86067472038906
2013-02-15,117.3383728971894,95.7801121181594,88.04104769442463,97.12074917030992,132.0602810948221,123.9607224431829,74.07794274164505,106.06065628731687,134.39768304847456
2013-02-19,118.19922299184142,97.25399380025507,88.0085284006329,98.06468762930608,134.3854097683627,126.13981806293475,75.67355225908935,104.64429533090703,142.52543979088367
2013-02-20,116.73306352364963,95.79478889553519,85.8771536912546,97.43539532330864,131.98866335842064,124.57797737921115,74.44415429437662,103.1445652097871,139.84036246552026
2013-02-21,115.99728833162652,94.13472029597364,85.34334324840046,96.10689936241243,132.50000862787294,124.3581930233228,71.35757000020983,102.39474858212687,127.57622853826847
2013-02-22,117.01487082253502,94.47947552485876,86.25215079095808,97.0508296245099,133.1962076727738,124.11503171764213,70.96520478219519,104.31101240366563,131.02322466470108
2013-02-25,114.87237760688951,93.48615787207561,84.71961312112735,95.6873738907137,131.70720297013568,121.51975325500169,71.33141633492674,102.47808545823712,124.74603679856556
2013-02-26,115.57418625915868,93.74577066656569,85.9001162456835,95.6873738907137,131.60061358875927,121.28127447455601,71.64530047750269,103.69353598376098,124.92743306057498
2013-02-27,117.0449826689595,93.92837708605653,85.05825384222591,97.22563668590861,133.20785210573146,123.10030620147398,70.28511410678506,105.62158514423048,127.35851149956797
2013-02-28,116.94384644862109,94.25511717897334,84.45177860572208,97.19066051921124,133.44438364456948,123.57727268146101,71.27909896456585,106.12457695207458,126.37883673077714
2013-03-01,117.2156070406869,94.73444241377268,82.36054939620173,97.71508990030604,134.275471494083,124.264667385962,72.66544402046391,106.5436614518784,125.72571156735634
2013-03-04,117.75605577976864,95.3024045835338,80.36694401795181,98.41426896450875,136.825448927402,127.71101487803271,72.50849692927858,106.12457695207458,129.1001699511298
2013-03-05,118.88251215170867,96.1842046780569,82.48873800618718,99.11348901320488,139.67355452131858,128.8707024563814,71.98534330525905,107.29807382357832,132.98258717862308
2013-03-06,119.01144174766706,95.56629398055726,81.44027856276472,98.20452672090609,138.47102076428638,128.0289895583255,71.80225258858538,107.2142633813375,136.75621076846795
2013-03-07,119.227625013171,96.88526018135327,82.38159340822403,98.37930919160873,138.67421675849917,128.07107877086656,74.75803843695255,106.96282129174848,138.71557328238995
2013-03-08,119.76190058811875,96.22811619909693,82.59970170262845,97.88986417411,138.49433519426967,128.2160408330471,73.13627525422517,107.46578081099275,139.58640250817086
2013-03-11,120.15101727147652,96.45123387540178,83.7763917241515,97.43539532330864,139.04397543753223,126.8365688988101,73.6071115078838,106.45988329823741,141.87232760380326
2013-03-12,119.86226398485567,95.88375268883277,81.97025791625072,97.57523441490865,137.8431033449177,128.18798135801973,72.7962324264688,106.79512506720066,141.94487832280282
2013-03-13,120.01976920471363,95.16144718901273,81.95492756333303,97.61021058160603,137.46002578647537,128.6415708882144,70.83442139608768,106.79512506720066,141.4369065027426
2013-03-14,120.69223883415978,94.74395005654404,82.7489643018613,98.37930919160873,136.83210836710666,124.264667385962,70.72978665536588,106.87895703517466,133.70831496640488
2013-03-15,120.49690295654037,94.16072353147568,84.88417010060778,98.02971965950739,135.6262640632731,122.43160592153033,69.70964813230201,105.95683767606032,128.04794446333943
2013-03-18,119.83292496203268,94.05310162456044,87.19155908490083,98.23951108450215,134.54197690260895,120.59387085095932,69.29112924900429,105.20245759296023,127.53992073791775
2013-03-19,119.54262602820882,94.14317858285702,86.95625585417734,98.51918926770219,135.12991211968176,119.901802540319,69.44807132029224,104.53183413776792,127.2859607805684
2013-03-20,120.34326185468993,93.70848603137463,86.495146177643,99.00862608830224,135.6945329067713,120.30862925183325,67.64321240099382,105.78923831731191,130.44271510198172
2013-03-21,119.34652675166595,93.18302121252046,86.61948571192522,98.2744462667061,135.1199037870738,118.48959752491528,67.32931821862316,104.11271734936427,130.66041916434185
2013-03-22,120.20274932938703,93.77386036908553,88.37589329882515,98.76393226869827,134.9616749884099,120.52840468862588,67.30315953344271,104.61563381714211,132.87374163561321
2013-03-25,119.80126746840519,93.14199439740834,88.69540255486297,98.4492615250035,134.85010061378048,119.71942487173672,65.73370870117886,104.02889614425686,136.1756493003871
2013-03-26,120.73393360992878,93.44030687793604,88.22854324655385,98.4492615250035,135.31314257681458,121.7255078733763,65.94296312293035,104.78330851595676,137.37302813153804
2013-03-27,120.6628998113368,94.20305721172878,86.495146177643,99.18340855900489,133.6875490590442,124.05892168668305,68.24483706065733,106.04065888116774,138.4615614196791
2013-03-28,121.15238931610955,93.47555547405767,84.69281947733029,100.02250868379447,132.2768087504782,124.6153840665172,66.91079431542806,107.54955896463376,137.4818866508883
2013-04-01,120.61040435450285,93.337084816619,82.06209014763124,100.02250868379447,133.44270919811783,122.33340667803019,66.78001594921793,104.02889614425686,159.39773170975093
2013-04-02,121.23423322044454,93.79117079223163,82.23046622558977,100.68670338440111,135.41639584732167,123.1330392826407,66.49227543213033,102.93913437492768,160.88537829860195
2013-04-03,119.9556813938571,93.87949723308196,82.651376443261,99.8476852285984,134.27714594053467,121.1269562810011,68.66335092405768,101.6817194325171,149.12920321507
2013-04-04,120.44131620530041,94.36271431227112,81.83440712752893,99.98751612329971,132.42339311618449,121.15034214988916,70.80826773080459,102.68763847100564,152.43111087984389
2013-04-05,119.92403332490767,94.11990970697144,80.96959416053248,100.3371466398945,130.42139426171036,119.46691635377735,71.64530047750269,104.4480236955271,150.10887798386082
2013-04-08,120.67988308121377,93.60999183880617,81.54550461832127,99.95254815350103,129.05563393072725,121.08954959369504,70.23279673642416,104.19651702873847,151.7779857164231
2013-04-09,121.10761267061258,94.26763350940033,81.69280670703239,103.51855154898433,129.5219992225967,122.11363124123756,69.55270104111668,105.87305952241933,146.95213663878786
2013-04-10,122.58380942094588,96.52916019822993,83.35928261862333,105.86093010537276,131.6089346928816,123.81107785576735,72.11613171126395,107.54955896463376,151.88684423577337
2013-04-11,123.0192578216817,96.23260499675506,83.09905032750419,101.17619758329197,131.64390633785652,126.18658088161514,73.2932223454105,107.0466317339893,158.1640321019089
2013-04-12,122.67028084221185,95.55057656919777,82.2323667816613,100.65176820219716,131.587269145282,127.59878589701887,71.67145414278576,109.72906097755887,158.74460654633015
2013-04-15,119.85299952631567,93.87818494160966,80.32866310149527,100.3021868669945,130.23484047574217,125.19054979000434,69.36960028464826,107.46578081099275,157.11180661411854
2013-04-16,121.56776315256235,95.29956453830157,81.55123626376097,101.28105231129592,132.1402327173799,127.35094206610316,70.41589749289258,108.63932073396292,165.420920689516
2013-04-17,119.82597897429721,93.73196079534014,77.0665474612318,100.79161549069586,130.33976819270092,125.04091412168448,69.65732574204374,107.2142633813375,164.9129488694558
2013-04-18,119.02302467701158,91.8146944312488,75.00978606513488,100.65176820219716,127.5666420101231,121.3093250304877,67.19852981261828,105.1186148621196,170.42817900550108
2013-04-19,120.07612877955509,93.47129770742839,74.71895302263059,104.0779079153844,133.22285821362638,121.73018147951564,67.30315953344271,105.37007847744184,173.54867743192514
2013-04-22,120.63587925931832,95.06694711723642,76.27636579385178,107.78375859936642,133.2628276338883,123.24058573841951,67.9309378583893,105.53773165052327,182.11179039369307
2013-04-23,121.89281087441974,95.61347090302279,77.70367740812596,106.97966742886895,134.56028077527128,125.74233856369916,67.95709654356975,108.3040682021331,185.0871354767566
2013-04-24,121.89358369802126,96.71543493135125,77.57548280269549,111.03509944805363,135.48467747285383,125.68622853274007,68.29714941112086,111.99241648419122,182.982619619474
2013-04-25,122.38539167359852,97.24948093923228,78.13413237426997,111.66440814784843,134.76014065861474,128.45451961349278,68.37562044676484,112.91449279183917,188.67929792289019
2013-04-26,122.1599439495546,96.87956477783858,79.82165829332823,111.14000335744971,133.48102973599603,119.15361527962392,70.23279673642416,112.41151174686168,185.77650355882622
2013-04-29,123.0377867387617,98.43097506960787,82.29359226621168,114.00676211354082,136.41904415694242,116.78279477901113,70.57283956418054,113.75273713151309,199.34693971828105
2013-04-30,123.34352329525953,100.1953378996942,84.71578203175919,115.71983197013445,137.33679419685433,118.68599601191556,72.63928533528346,115.42929038806054,195.89987871014657
2013-05-01,122.19545613651157,99.0654327821405,84.04807531525998,114.39131961544086,136.64722902759016,116.07668781176142,71.74993521822448,114.42336058670539,193.3236988331545
2013-05-02,123.34506894246253,101.52615586158291,85.2400357352505,115.92959060753445,138.17620315049018,118.096791631819,75.77818197991378,115.7646290228232,196.33528683486685
2013-05-03,124.64446815693447,101.95927440764343,86.09334943869744,117.08326311323458,140.85942050603816,120.6686931446671,74.05177903656724,116.26756701633427,197.9318438484296
2013-05-06,124.88226220924632,102.34881147293224,88.14630972265132,117.99231557141891,143.4959962195856,119.57914533479119,72.11613171126395,115.9322391444382,215.89265607909755
2013-05-07,125.535430098011,101.03974872458463,87.75408171395863,116.45403638242664,142.7764955267355,120.51905747634723,70.33742143735124,114.42336058670539,201.41514777521294
2013-05-08,126.05503144920824,101.61694273175215,88.74514076675388,115.3352826651331,145.50799062463372,120.96329087516753,70.9390511169121,116.51905215738971,202.43107843899298
2013-05-09,125.59025345032752,102.0525976473603,87.97092496946371,114.18154458424345,145.14990194262631,121.65536810490354,70.72978665536588,116.60289488823032,251.8142935167738
2013-05-10,126.1330112355357,102.47820302572536,87.23907898213412,114.28644849363954,146.60725832912485,123.27800134482125,69.78811916794598,121.8839644588619,278.5196279475595
2013-05-13,126.13842100074623,103.59916887320357,87.57995000878033,115.47515454432784,146.157560809568,123.68950166247484,70.15432570078019,119.36911304830751,318.5776944754399
2013-05-14,127.41773622625712,104.21203481556806,85.48454197408061,118.04513638655787,147.75150601119884,125.47580030822611,70.80826773080459,121.12950903569559,302.03197811462337
2013-05-15,128.06936789249684,104.28323851047061,82.59371225305287,119.17170994519881,152.5466349314327,124.6481171476839,69.5788647461945,123.2251683177801,307.8375149373898
2013-05-16,127.42777350839862,104.25317904967208,83.69725184987958,119.98144058199291,150.54464885899256,123.50713291298825,68.34945674168702,122.6383875934284,334.7243105118868
2013-05-17,128.74029187474,105.30423079404076,83.44305097645115,122.76273847237351,151.42905057224527,126.20995783140752,68.66335092405768,124.65022567040552,332.00296431519376
2013-05-20,128.64919293654307,105.06297826155667,85.30543404953521,123.50204955254769,151.32078674441723,125.14846949655897,67.38163558898405,124.39871900361685,326.3425808357879
2013-05-21,128.87077654257948,104.56887118878822,84.67564852279129,122.69225334056408,151.06096633966388,125.72363522004612,67.12005877697429,125.70464218580906,317.8157237690092
2013-05-22,127.80454386348843,103.22625928038424,85.00113523751465,121.84738259909886,148.13790689847653,122.96469135157211,65.81217973682284,121.32354199482198,316.54578124251833
2013-05-23,127.43086480280463,102.93700113088467,85.15329363669247,120.2278885379159,147.03366698276636,122.42225870925165,65.55061296460781,123.2613638381674,336.46596896344863
2013-05-24,127.36060382781416,102.45525407610833,85.73299321573428,120.65037309004063,145.4563512073462,122.39419923422427,63.588801934226694,122.50306607162365,352.24971461783446
2013-05-28,128.16819506670882,104.02838779050367,85.01846806906921,123.29079907958665,146.78048045364974,124.98947769686472,63.03949966482145,122.41882511471871,400.3266144870719
2013-05-29,127.2648679480082,102.52735092810438,85.6944664860319,122.797894970842,144.62190168289538,124.16646814246187,60.999212578898984,121.66052734817497,379.6444820123917
2013-05-30,127.73197384237152,104.14805919288945,86.97135838018424,123.326037547042,145.02998089980662,124.77437586621143,64.21658025917328,123.2613638381674,380.80560494855337
2013-05-31,125.90448164176384,103.46638089154952,86.61506706894504,122.86833911815798,145.10659641149508,125.88262701974035,63.69343667494849,121.913271744623,354.7170359754763
2013-06-03,126.65184918780952,103.03577203794167,86.80573421149016,125.29755561923635,144.50865286181434,124.79775281600378,62.38555763479704,121.74477906794652,335.9579971433884
2013-06-04,125.95389522886981,102.09846719330284,86.53418851561715,123.18519023690348,143.08792978470836,124.24596404230898,61.52236118302115,121.913271744623,344.1220097807868
2013-06-05,124.21828421473866,101.33546489022889,85.72529506432782,122.44587095983061,143.1878725084141,124.93335874680997,59.90058796049903,119.30146843170503,346.0450515180177
2013-06-06,125.27293396448518,101.62448408227847,84.44454809902724,123.07955680352427,144.01065203583929,125.24199513391979,60.08370377665955,120.05975543538216,353.2293764102849
2013-06-07,126.88037878158138,103.67087031326416,85.08971793769402,125.57913548293176,146.52397059569776,129.4692540487566,60.920741543255,121.74477906794652,370.2468346488531
2013-06-10,126.83637495968594,104.73678850091474,84.52733919931671,124.87504647641556,148.2711596027395,131.43324783785513,63.641114284690225,121.66052734817497,363.02620195623524
2013-06-11,125.54855867455852,103.01582078126701,84.27889994855309,122.6570968420956,146.53730225714102,128.49193521989451,62.85639890835304,119.38569862574337,342.7794516535945
2013-06-12,124.49777304281953,102.60720888284123,83.23697554020309,123.22041231056147,145.23317689401944,127.03764099194971,62.176298193148185,118.37469951421802,354.6081904324664
2013-06-13,126.33838439529663,102.81177626190254,83.96305990486788,122.2346532744643,146.06927530085395,128.9642280937422,62.07166847232375,121.07076530977415,356.2409773883376
2013-06-14,125.59488096725848,102.29658712478104,82.82483665859701,121.10803873132991,145.7428349349861,128.1225151956863,61.810101700108724,120.90228339596425,363.93332600602645
2013-06-17,126.54530320226056,103.77505451142608,83.20038533924236,123.22041231056147,147.60993220281355,130.02571642859073,62.83023520327522,122.0817859470327,370.82734421157244
2013-06-18,127.53123762421961,104.52316860907248,83.15607300509511,123.14995996634681,150.00332971985233,131.75590504338294,63.3272301421143,121.32354199482198,375.14522146914754
2013-06-19,125.76474194006244,103.97883189050965,81.46703623389166,121.77696304247895,150.0133252704263,130.07247924727113,63.588801934226694,125.03066071623647,379.8259172034222
2013-06-20,122.61932160790285,101.68378879848257,80.28066956410537,117.90427268262198,147.35842012014857,127.86532415249192,62.51634102090456,121.66052734817497,365.20326853251737
2013-06-21,122.94668780056477,101.84690133568796,79.63740627695515,117.12975592258718,146.72384326107522,127.82791746518586,64.16426790870975,121.49205619723169,361.21197980933346
2013-06-24,121.45349835567643,101.04086751478576,77.52658395310746,118.71403610701083,144.86841599027338,126.54197116830967,62.62097576162636,118.96447231548547,368.25115135824007
2013-06-25,122.60697527963491,101.34369853835858,77.54393477099708,118.53798311701172,144.2704980046606,127.23403947895,63.43185484304136,119.8069572246011,371.55305902301393
2013-06-26,123.78283581400285,102.30321540272551,76.66568001626445,120.93198574133079,145.51131395346906,129.79658486042374,63.19643671621205,119.13298651789515,383.5994888879056
2013-06-27,124.55026849965346,103.16404568124713,75.83945972886559,121.88259647585818,146.08094529787957,129.7872287290494,64.5043157563635,118.03768187226522,396.4078894592279
2013-06-28,124.01600234938374,103.35571481274906,76.3690673647603,121.60090185558114,146.63057275910813,129.8526948913828,65.07977671094919,118.29046932017968,389.5501271486711
2013-07-01,124.68615350802538,104.53297867748354,78.81310453196289,120.96720781498877,147.88139704052455,131.91488792398147,64.89667595448077,118.79596887594235,425.18149682864725
2013-07-02,124.61821100383943,104.08291193720186,80.59845213197725,119.4885856546404,146.9536897961406,132.67710492219024,63.85037874623646,118.71171715617082,427.5037427009708
2013-07-03,124.72090229605892,104.2580872374,81.04332614339582,119.73499262606995,147.63990607250147,132.81739337823146,64.13811424342667,119.0486917466572,418.14232527974065
2013-07-05,125.9932715338343,104.73956996449654,80.39235870939413,120.43911442018089,148.8157892886811,133.6824832260797,63.74574400551466,119.975492952744,435.74026712834757
2013-07-08,126.65493105753747,105.6805751693719,79.93591948453083,120.86158257850825,150.7478320711714,135.88496471471962,64.63509412257365,119.38569862574337,441.2555232170735
2013-07-09,127.57060450450604,106.80576966311486,81.34188131908664,120.93198574133079,150.7728209476063,136.32452450740058,66.6492175034183,119.975492952744,447.9318503365998
2013-07-10,127.59377036319506,107.32011541765863,81.02984838298951,122.16425011164176,150.897726983679,136.69861813774813,67.48626530980849,121.57631867986984,443.6502808793755
2013-07-11,129.32320821319226,109.1980033781424,82.29326851218055,125.64959602404511,153.27114618160383,140.12625336707012,67.51241897509158,123.2613638381674,455.76930039228773
2013-07-12,129.7223621786915,109.96866700764465,82.14305263718941,125.57913548293176,153.7308520337686,143.81575324572583,67.77399578710134,123.34558326933913,471.3353549606538
2013-07-15,129.90071478643398,110.56174297753894,82.32216655717984,127.33946865735454,154.01231242205355,143.35749010939182,68.74182195970167,123.09282811002448,461.75627240608475
2013-07-16,129.4189440929982,109.49677888667155,82.85372870815127,127.69156644045412,153.16621846464508,143.497778565433,68.84644666062873,123.76687415679667,395.6822265531479
2013-07-17,129.77795835460955,110.17039709725455,82.8749226062991,125.82566540784161,152.98967301128488,144.3488386757676,69.70964813230201,123.09282811002448,436.3208805017899
2013-07-18,130.4311262433742,109.04950753092643,83.15417244902358,124.76940484613766,151.67887542642464,142.2071497433218,68.4802451476919,122.5873285542618,431.89410579584353
2013-07-19,130.6411269200661,105.16560663676825,81.84258491453703,110.5462773948551,149.33378121580407,142.7308879610849,67.69551973155998,119.975492952744,434.2526335158369
2013-07-22,130.906723772676,106.26796613385241,82.10453190293207,112.69383206325121,151.68221153729397,141.91255201282138,68.14020231993553,119.89124123297248,444.23084234745625
2013-07-23,130.6642927787551,105.72203998317704,80.69472698811805,112.02493234279825,150.53299164400093,140.78092390950007,68.34945674168702,119.72275931916259,445.3556834359481
2013-07-24,130.1663022143658,106.63141084111858,84.83935414907879,112.51783645154289,150.38305838539137,139.78956642402864,69.34345163926254,119.72275931916259,441.5820598461032
2013-07-25,130.4990687475602,113.56919473649371,84.45224625043369,110.51107991189318,147.85142317083663,141.87514532551532,89.8770556856211,120.14399639228712,450.1814806082218
2013-07-26,130.60716038031214,114.18139514358008,84.93179791585142,111.3208023517886,147.46002450827197,145.9013321472125,88.96153684358693,119.63848607365783,469.4848769187628
2013-07-29,130.11920709806435,115.63992394446029,86.24142493981623,111.039148716005,146.94704313846995,143.13771467259917,92.67590950249503,119.38569862574337,488.4616327895511
2013-07-30,130.16784786156882,117.97926538960917,87.30648577050071,112.13056577617746,148.3877317526559,141.41219966394632,98.43054916773616,121.40778295172694,478.01173398554147
2013-07-31,130.15009176809033,117.19226605948523,87.15430938498785,112.09535189941815,147.85975705699292,140.8557372841122,96.25948371560354,121.66052734817497,487.22794615804946
2013-08-01,131.7822480910786,118.51715599586414,87.95360412879918,111.49686353868643,150.60290936988278,142.8898708416835,98.06433761500459,123.34558326933913,491.83610414966495
2013-08-02,131.9984313565825,119.53989689340307,89.08218070403193,112.27137210182254,150.9943463785494,142.25391256200223,99.5291737861361,124.3566254323309,500.7257796931433
2013-08-05,131.8030954789631,120.90881275834207,90.41301961247962,111.60247238136955,150.73285152734442,140.74819082833335,102.51110325999161,124.94637670786513,524.9638187189679
2013-08-06,131.04878194518193,119.7092262164942,89.60410217941022,111.17999602614353,149.32878344051707,140.63596184731952,100.83702772680073,123.09282811002448,515.7838883941299
2013-08-07,130.5500279818692,119.55253263152976,89.55212167108161,112.86989325014902,148.34277733914098,138.84030707019392,101.67406549339617,123.00853333878652,487.0465369196997
2013-08-08,131.0572735801204,121.07847783213398,89.3737691726088,115.79198926927599,148.67755159116513,138.29319190263845,100.81087406151764,123.85110435083502,556.8941804098007
2013-08-09,130.58940428683368,120.68331434308183,88.10200338394908,115.1230403674309,148.3027951368451,139.00397247602746,100.70624936059059,122.0817859470327,555.1524960055581
2013-08-12,130.43884505471118,120.42721559531537,90.60480190779857,115.72156151575739,147.48667504912456,138.73743422055443,99.97384633471692,121.07076530977415,534.7605923595568
2013-08-13,130.80095061072856,119.26734593514657,94.91052667646282,114.267948093303,146.7771443427804,137.46550874209623,96.83494467018923,121.49205619723169,527.6851130102995
2013-08-14,130.12384403967337,118.50507786300095,96.64171742160612,114.69337533205636,144.87176488317667,136.23568139527478,95.86711849758889,126.6314541547625,505.66047431378837
2013-08-15,128.2654671690397,117.51137781011349,96.52734831239314,112.70796351658757,143.18121306870944,133.95837761292714,95.63170539065695,127.47396058961135,506.7852634969187
2013-08-16,127.84160169764843,118.14746237087586,97.38425928285245,112.7434151034088,142.72316888096233,133.18681340243967,96.99189678127192,127.97951395970706,515.2396087737189
2013-08-19,127.08729758854531,119.09747355276915,98.4330964393112,111.28980168095441,144.1788636030432,133.53752116389916,98.90137538160005,125.9573865822571,525.7620712730685
2013-08-20,127.57292297531055,120.0168438325166,97.13999286182316,112.10522916233596,144.14056862923294,134.24830173728822,100.4708262138639,126.5924710519249,542.7432217112861
2013-08-21,126.83560213608442,119.82329068445333,97.39004488729732,112.0698185600082,144.79180047858492,133.0699108152865,100.23542314672669,125.99980303954115,536.5022767637993
2013-08-22,127.92884594251588,121.61098196642956,97.50635652069697,114.83518167934126,145.52130950404302,135.48281160934468,100.83702772680073,126.6771748120938,570.0291435628334
2013-08-23,128.43378249464067,125.53652756722053,97.13031621355991,123.20232995205798,144.9383720622572,135.61374393401152,106.06853384761177,126.6771748120938,587.2279850870706
2013-08-26,127.91495396704491,125.75076665744862,97.50840096744899,121.07508719860822,144.30212075673222,133.83680141963464,108.13497459881734,126.93118922680104,595.8636876968592
2013-08-27,125.88440707748086,122.55407244509802,94.72057299187514,117.9196910490522,141.59727619968658,131.3677816755217,103.68819891403555,125.32234516405569,605.9870498718392
2013-08-28,126.23029276254468,123.2528993739976,95.16839076679882,117.0688283746468,141.3307835731946,131.67173553739647,106.06853384761177,125.32234516405569,603.9551625915983
2013-08-29,126.4781335216761,124.6368021979126,95.32349292948176,118.94785264205716,142.47669291968626,132.7940164284391,107.97802248773462,125.06830922361523,602.5400667217469
2013-08-30,126.07665166069424,124.23790635883807,94.45494480023747,118.41604605214408,141.05595706054632,131.39115862531406,108.004166113223,124.89897704334368,613.2077085171378
2013-09-03,126.60166277710204,124.320530094775,94.7186064859084,113.02704419177596,143.3011341115291,135.04792542280305,109.52129957512594,124.98364851491274,612.9899655257566
2013-09-04,127.629282550152,124.60482488410962,96.67857741759276,110.61620513755379,145.17487803702724,137.311199467637,109.28589650798872,126.16912445694611,619.0857830825635
2013-09-05,127.78369647560395,125.52848480663177,96.01558911632476,110.72255170111877,146.49568395449543,137.52630129829032,111.5877503661262,126.50782110608904,616.5821279718901
2013-09-06,127.79065188801748,126.66939759244764,96.58748262594976,110.43892261275161,146.4989945012968,138.3493108526932,114.96206513758584,125.99980303954115,605.8419224811593
2013-09-09,129.06764864272384,127.38075355109414,98.12868970928027,112.24708469101299,147.9097092457948,140.14963923595815,115.19747824451781,128.1167082203008,583.091543020526
2013-09-10,130.0157524069214,127.6121986288975,95.89346190125514,114.83518167934126,148.01298808036984,140.45358417873726,114.04654629555169,130.82634599064386,603.6648559048772
2013-09-11,130.41259732629422,128.42865930173707,90.67267634087678,116.07607738396962,149.2654995902719,140.11690615479145,117.81322628502595,133.0279872201722,593.323750738516
2013-09-12,129.97174858502595,128.23902797073148,91.63813484343405,115.89882764676219,148.74417155227962,139.75215973672258,117.05465955407448,132.9432726971367,598.4398545975109
2013-09-13,130.32458025782526,127.76220686000292,90.12787624729988,117.10427176456932,148.07960804148433,139.31259994404158,115.90374768469785,133.79005199002714,600.6532549268245
2013-09-16,131.06653803866038,125.38804958996485,87.26258712205988,116.28878690489697,147.8614187214106,138.442836490054,111.19537510831682,133.8747234615962,604.4268266113079
2013-09-17,131.61934253068816,128.39495615887495,88.27066724326859,116.74970671496499,147.5866049907963,142.23520921834918,117.89170736046468,134.29813463377462,603.1568581321362
2013-09-18,133.22215983085343,129.91329983633614,90.08524263775838,118.13243335757429,150.45302723940915,145.9106793594912,118.31021620396767,135.48361057580797,603.1205762844663
2013-09-19,132.9766375425265,131.72617037534306,91.56249031360913,119.26693331724556,149.63189659436765,145.9247090970049,120.27204229404089,134.8908564604914,645.5734004746486
2013-09-20,132.0169602736625,133.00491365354932,90.61446656517178,116.2533517118731,150.41805559443424,147.92611849250514,124.22180798029147,133.70541280705785,665.421024500239
2013-09-23,131.39389480664425,132.59129782531897,95.11800504684571,116.07607738396962,147.6515632874931,145.65817084153184,123.43708758405694,132.4352008162558,657.1481922725114
2013-09-24,131.05264606318946,133.7245005329548,94.81943188481982,115.04792398786334,147.70818769803364,146.8926807135883,126.73293131987258,132.9432726971367,661.5748372150541
2013-09-25,130.6936318015781,134.39322620978146,93.35186085723232,115.26064990258806,146.10759583873215,146.2006034838523,129.3748330256638,133.11265869174127,672.1336334674352
2013-09-26,131.1491547665969,136.11465405959927,94.26107009460632,116.18244853823066,146.2641757550124,148.7584752591867,131.80748532960095,132.68923675669626,684.4703959717287
2013-09-27,130.61487919164912,137.21006100572336,93.588381163295,117.95512624207605,145.9676836947645,147.77180029895024,134.03085811229974,131.92717198684133,692.6707164094777
2013-09-30,129.8273719417155,136.06915026543552,92.4251808930683,117.99059422269464,145.8877448542407,146.19592987771296,131.38894636671375,131.75781828083655,701.6329037429346
2013-10-01,130.86580182050852,137.44974089647098,94.59843978136051,119.05421559941954,147.73483823888625,150.08183716246464,131.8859262458607,131.67313604640088,700.2904234737845
2013-10-02,130.77855757564106,136.86797550345048,94.90860813405622,120.25963512653061,147.89972647725483,149.87607362499432,131.51973477271864,131.58843228623198,656.5675788990691
2013-10-03,129.60424268847612,134.55269168411996,93.71634194636967,120.04692560560326,145.91773150596262,147.18727844408872,128.64241995999544,130.23362416392706,628.8462748754822
2013-10-04,130.5183704882417,136.92703339260356,93.64268190884657,120.1178369761444,145.2948118618809,149.1886789204933,133.50771452807493,132.0118326955438,656.6764763474405
2013-10-07,129.40813398725518,135.66373345340864,94.55770073244553,118.06148919943841,144.19386971093812,144.97544974317017,132.1475331772547,132.0118326955438,664.2599534694388
2013-10-08,127.81226267482542,130.89009720800146,93.23750973435442,117.03334400023083,142.18354975234172,141.79564942566822,123.30629917805204,130.91102822507952,633.9987124875086
2013-10-09,127.88561494422193,130.18286571573984,94.33278161249771,117.2460289304621,142.54829787405376,139.45756200622213,122.3384730054517,128.87876222728914,612.4094040576756
2013-10-10,130.6774213553026,133.86700150566801,94.92409436854444,119.69237694979628,144.61025724993772,142.70282848605754,128.3023721123417,130.31831716122934,627.4675127586622
2013-10-11,131.49889514499017,135.03330591409997,95.53863347860097,121.00422500945922,145.23483855843708,145.3776028485451,128.45931418362966,129.21749116503187,648.4035922143515
2013-10-14,132.03471636714096,135.91741475635527,96.16485171555762,122.1387167722318,145.92106761683195,145.28875081732363,129.50560135207925,131.16506416551996,652.104600203495
2013-10-15,131.10205965029544,136.21824295227935,96.67663489340609,122.28053131641536,146.9037376073387,143.27799420954472,129.47946776638562,130.4876493415009,667.4166818381713
2013-10-16,132.91487762715258,138.51605585974244,97.14776895401488,122.81233790632847,149.57194885499177,145.19055157382348,133.7692913400847,132.0965256928461,666.0378678159898
2013-10-17,133.81124933343963,139.5964715285535,97.80495366450293,123.80504791251221,148.0329791815178,145.32148389849036,136.56812507736916,132.35054010755331,663.2802916769883
2013-10-18,134.68754647544372,145.47426679593383,98.65601907606715,123.9468542597971,168.45604916788318,153.8134262536614,141.82577482366858,133.8747234615962,665.4573582532704
2013-10-21,134.69990222838973,144.51758557323183,101.07352639905358,124.05321721715946,167.10526938072707,152.64905615007768,140.85795869086297,134.21344163647234,626.2701079748306
2013-10-22,135.47274467925087,143.35209926237812,100.78466585796106,122.59962838540113,167.72152958510412,155.50152565591253,137.797538101774,133.5360268124533,622.4239206896458
2013-10-23,134.83269594235566,141.96722296598367,101.77140819034148,119.69237694979628,171.78716226191383,152.7986828993019,135.75726105564627,131.24975716282225,596.879683242341
2013-10-24,135.2719990364209,143.32936787739695,103.11880052249106,119.55056240561271,170.81112614704375,155.34720746235763,137.19591344211048,130.31831716122934,628.2657134074014
2013-10-25,135.86649830421766,145.27728332574628,101.96526490963755,126.6767985799037,169.08727713405324,169.92752075272887,135.8880394218564,129.0481266961605,615.6024661794396
2013-10-28,136.04715995808655,142.95024468062442,102.72523552955877,126.10958138766281,169.053967153496,167.481886877504,131.38894636671375,128.79411228145327,590.928993076214
2013-10-29,136.80687383240019,142.5589030618568,100.1662716767563,125.93226607526589,172.5915995705748,169.60486354720106,129.21790099417058,128.96345522459143,596.7708376993312
2013-10-30,136.13981396816456,141.8977830276394,101.75977702700149,126.00321023340177,171.6222612415113,168.8473290742273,128.1977373716199,128.87876222728914,577.7214662278415
2013-10-31,135.6171213225613,143.05728878268667,101.33330903179618,125.54227402953637,171.64888621829593,170.22679208936862,131.33663903614757,128.6247585754485,580.3339668815246
2013-11-01,136.0108749475281,142.45701630420263,100.8156982813877,125.96772585898579,171.05928933680545,167.87468385150456,130.1333997566153,129.21749116503187,588.4253379655407
2013-11-04,136.4965097589714,142.3112330544575,102.11843653902383,127.4213228876428,170.90439664901083,167.75309873911638,126.13130666020906,125.49170963292707,635.7040631387198
2013-11-05,136.11355681506953,144.61447422515437,101.86645997569805,129.90309790310218,170.13990319654383,167.82323850758914,131.0750622241378,125.32234516405569,641.545803951114
2013-11-06,136.69415468271725,143.11594094703375,101.57782726151635,135.3629619526193,170.3447736372083,166.55599555436595,128.48546784891272,126.16912445694611,548.4761688860318
2013-11-07,134.89214681160314,139.17003177361613,99.9340201275483,132.95211470149846,167.87974560173407,160.65465805569602,124.40490371686252,123.20541845756283,507.1481338789798
2013-11-08,136.70341914125726,140.02051588491778,101.5076206003251,133.94486569217563,169.22551483156923,163.81107250430992,124.32643268121855,131.75781828083655,500.5443704547935
2013-11-11,136.80224631546923,139.0633353260915,101.21324424981364,133.27120357358552,168.31944757071693,165.71428265631005,120.84749320883186,132.85863351416742,525.0363824143078
2013-11-12,136.47797141721333,138.6584676531148,101.40038607068666,132.45577609220396,168.51765857167672,163.44633500533675,121.91994408235925,133.11265869174127,500.00014273974404
2013-11-13,137.58280757766735,142.17148666936032,101.52130220586211,135.29217353555848,171.96369493324008,166.57470781711464,127.41299689579586,136.75380104087682,503.2657166514865
2013-11-14,138.24833121937806,143.079249202465,102.98964664585728,134.7957447603784,172.42338800337086,171.8026714297016,128.14543004105371,137.3465013418604,499.2744019756219
2013-11-15,138.83202038143182,142.76994601451185,102.37146830067326,134.15759980379903,172.14523816188728,172.63034567114812,128.1977373716199,136.92312245828177,491.4732337676039
2013-11-18,138.31859219436853,137.98537085331296,101.131274525492,131.88854250616572,171.81047669189712,171.2321703932581,119.87967707602624,133.62070904688898,441.1466776740636
2013-11-19,138.03601207188166,138.4434206361285,101.3106942131785,131.24552859176626,170.75282729005156,170.65232214453593,121.26601209212957,131.44976351291356,457.51098479653035
2013-11-20,137.5341668141629,138.14152308359778,100.42344629091492,132.46007946401463,170.27148145435515,169.54407099100698,121.44911786849535,129.4916536660207,439.4413270228525
2013-11-21,138.65212212648635,139.47936124092269,101.62073066608374,133.60321075800329,172.23018755973206,172.51343416489928,122.15536722908593,130.51321114968403,443.0334894689861
2013-11-22,139.34003880328453,139.18994737560052,101.3593892176358,134.21051078482353,171.86708832040367,174.0986607175109,120.92596424447584,129.23619702718864,440.4209888153029
2013-11-25,139.16400466634659,138.5381425340574,102.12771748791573,134.46054078547274,174.2055103092856,176.1234559818992,117.23775529064552,132.04571419961135,438.46161332504056
2013-11-26,139.1848520542311,140.1102003291103,104.01140237715798,133.42460033561383,176.28413745748216,178.3352846828178,120.03660910751948,133.1524597724407,437.2279266935389
2013-11-27,139.53073773929495,142.02465551264297,106.4605416680731,134.31766064445983,177.06696034667942,180.8323639019581,121.60605993978334,133.66323313283908,460.59520137528443
2013-11-29,139.42110988401802,143.5015660251635,108.43201186330698,136.21095571248426,176.48067401199032,184.06359172518412,122.9662513303983,132.811911910242,461.82883610142466
2013-12-02,139.04202105812368,143.2811480481388,107.48819691727407,137.3541607785611,175.62958227929485,183.44633678915588,123.09703973640318,134.08896908420382,450.5443509902829
2013-12-03,138.5980810224494,144.21516504736383,110.43067739715428,136.85396962688372,175.42637350304807,179.87373949765336,122.23383826472991,134.0038240465042,525.0363824143078
2013-12-04,138.4174193685805,146.28408319593603,110.17326896063983,139.10453472107923,176.24586804773986,180.4816472214029,127.17760386845339,135.876799618564,504.17281474859703
2013-12-05,137.81674693664976,145.3611072184444,110.738807298543,135.74659320496772,176.10591755767032,179.7942525169019,126.445190802785,133.66323313283908,509.72430077963156
2013-12-06,139.3655137081,145.24506827612805,109.20223469421342,137.03261283686794,178.1928658099892,180.94458396387623,125.39889359454068,131.70516633741266,498.4035857261813
2013-12-09,139.61875480776388,146.92600873362574,110.45214109032804,138.2829103842903,179.5702833559639,179.98128595343215,127.75306482303907,129.4916536660207,513.7881791508361
2013-12-10,139.1748147720896,148.09803241006628,110.28055145383846,136.1395525280219,180.65624496307973,181.33270733173748,131.44126373707462,132.47140709950972,515.9289638794482
2013-12-11,137.5997908475443,146.14779881023776,109.46350419732114,134.35336633514038,179.42870954757865,178.71873444453968,129.16557358401496,131.19437145128109,506.71275170694025
2013-12-12,137.08096231994858,148.4075174227347,109.30360567862172,132.96017225290777,178.20785913585013,178.279165732763,135.5741552792805,128.64026786622404,535.0871808939479
2013-12-13,137.06706091979956,149.15324626421798,108.11216686234799,131.06691816937678,176.6805338953338,179.67734101065304,139.47160359517017,127.87403786699356,535.7403060573686
2013-12-16,137.93333020434022,150.39989963934832,108.71081204765491,131.78135985893465,178.71085773711218,181.8891697115716,140.7533339899359,128.04432794239284,536.7925834505205
2013-12-17,137.5056006149414,151.1792988384247,108.2213678979532,130.45960994565783,178.19120414557153,181.2719147755434,143.49987043644896,128.64026786622404,553.1931205152957
2013-12-18,139.79478894470182,152.2436334748559,107.3985050597659,130.67396704322127,180.6712255069067,185.15782206029505,145.3570417062109,130.4281199263174,536.9376589358388
2013-12-19,139.71371786396833,150.8409550615111,106.16805987818813,129.49504808956522,180.91606536783306,184.7977581674612,143.9968402758012,130.9389471010488,510.59516893443356
2013-12-20,140.38696031701602,152.32035447028252,107.05722034741325,131.4598119172415,183.3144734421928,188.0757577284633,144.1799560919617,133.57813114660584,519.7388174116016
2013-12-23,141.1335550394602,155.7105742444779,111.16583886558027,130.8168225935381,185.72618761392786,188.41243575240912,151.11168137145202,134.3443611458363,520.8636585000934
2013-12-24,141.54506475790546,156.4294099605284,110.69393738800883,132.46007946401463,185.18320681036997,186.67289100624257,151.60867129039372,134.68494129663483,549.3832669831423
2013-12-26,142.2167709884282,157.0223894780933,109.95879990136295,133.7461400804083,186.11926072294418,189.0998304569101,151.00704663073023,133.4078733598064,564.2236326927476
2013-12-27,142.1689030485252,154.0664040002776,109.21591629975043,133.21027602564516,186.27582785719042,186.14916170757513,145.01699385855716,134.17412488477004,548.3310414953519
2013-12-30,142.1434187190317,151.91491396422242,108.1297455071484,133.21027602564516,184.78679759048433,183.9466980571266,140.49173709833667,135.96196618199684,553.1206087253172
2013-12-31,142.70626049320094,153.49106784395855,109.3971945753933,133.63894923627853,186.66056708005044,186.481183963573,142.95056314714634,136.38764831902859,545.8274382900402
2014-01-02,141.44161006676254,152.8730273974785,107.85866745598697,132.74586433673647,185.39639835515672,186.0977342018511,143.10749517863957,135.02547839596696,544.6300335062085
2014-01-03,141.39451495046106,151.8696552356827,105.48949541075663,131.852763043397,184.04396968561693,185.3822800223227,142.71514000041967,133.4078733598064,542.6706580159462
2014-01-06,141.03936480685724,153.840053395305,106.06472238781308,129.06644865101998,186.0959335109269,184.06826533132346,149.62072165442163,135.19574694563298,533.3818302427368
2014-01-07,141.89713303178132,155.50494037823123,105.3062146564769,130.06663422880627,189.68355646290954,186.12579367687846,151.50403654967192,137.4092380912917,541.9449172518239
2014-01-08,141.86702118535683,155.75323503875777,105.97306402433814,127.74466595014844,190.07826567227553,187.94482540379644,152.31493069077905,139.28225671481792,548.9115510580714
2014-01-09,141.91643477246282,153.85307701668756,104.6197721742883,126.92305800715688,188.2478400599426,187.51929534862916,149.6730289849878,134.08896908420382,535.3048719799676
2014-01-10,142.24379154044667,154.55693551843046,103.92167454697967,128.7449334969216,188.23785729140263,185.95276322057487,151.55636395982756,133.91866824593797,528.7374423088128
2014-01-13,140.45490282120198,150.97340223546448,104.46574919170911,124.95829417948062,187.03864686320577,182.82908185312766,146.24639684316728,130.76868931424934,505.5879106184485
2014-01-14,141.97433999450732,155.99947294924348,106.54440595302125,127.81609372530684,191.43904101000564,185.89666210871147,151.03322037560278,134.85517755770107,585.1597640537983
2014-01-15,142.70780614040396,157.0552664549054,108.68348480925103,131.31699735141808,191.30913719864597,185.11574176684965,150.6670088228712,136.30243870412932,595.5371510678295
2014-01-16,142.51556155719055,157.29041680789464,108.07710549986753,131.78135985893465,192.57495480592334,185.08300868568296,149.59454790954908,136.7281638926275,620.3556996563735
2014-01-17,141.96043859435827,155.62571571232965,105.4289773887187,129.95950076296734,191.6272436783575,186.86461588710353,147.26653034633378,136.13219168019648,616.8723827532499
2014-01-21,142.35420164400315,158.8934469374571,107.06704088635699,129.2093123982355,193.82079409408678,190.3437053794366,153.04732367685796,136.64301885492787,641.0741918367659
2014-01-22,142.43603612366007,157.85863214016163,107.54279143963166,128.35198237076605,194.0406450785782,189.16997022538285,150.43157563634978,136.4727503052618,647.8956463469721
2014-01-23,141.16984005001865,157.1123107205673,108.4533796293604,128.81636946897868,193.22118887998835,186.9862009994917,148.12973181800703,135.96196618199684,658.5632881423629
2014-01-24,138.22285631456256,153.4503810978842,106.48204133391697,131.49560777380756,187.18023345362505,181.24852890665534,142.42741956292156,132.47140709950972,633.5269965624377
2014-01-27,137.5488410379134,151.19345627895754,107.34581708892486,128.7091950186463,183.41605226624824,180.6312739706271,140.07322825483368,131.6199890111132,615.4572868833983
2014-01-28,138.39348068629,153.05364502391578,98.76596954229994,129.56657422750789,187.04363185645877,184.44236788076665,144.2322634225279,132.89709999940806,647.2425211835512
2014-01-29,136.98058949853362,150.59491022614492,97.6447853507776,130.95977650663917,184.36376339381408,179.65862874790434,140.02091088447278,131.6199890111132,635.8129086817297
2014-01-30,138.5239559294514,159.9384696867788,97.45560507859759,131.67415262100755,189.10560401437672,188.4545160458545,159.7698196340836,133.83355549683813,663.4253671623067
2014-01-31,137.6283570467658,161.02706559270948,97.6154736200719,135.17504805022008,196.69719911123963,167.7297128702283,163.66725791017856,133.66323313283908,658.2366996079718
2014-02-03,134.4860374336903,156.94213605460075,97.79682384105499,130.3167789860371,188.7791508664749,161.8657998970558,160.81609676273848,131.87538107274568,642.6343631919358
2014-02-04,135.5136572067403,158.55987691162255,99.21255225554937,129.85233450953365,189.5669715309592,162.70749495692033,164.13808412404248,132.64169717490896,648.5124377573615
2014-02-05,135.23880532026845,157.49254694028824,99.95349333297521,127.95901485081316,190.406393266629,162.00607943400132,162.6732881120899,131.44976351291356,632.8738713990168
2014-02-06,136.9211480539642,158.87896837743105,100.53612468463209,129.24500989201732,193.1978616679711,165.8124818998102,162.5948170764459,133.1524597724407,647.2425211835512
2014-02-07,138.74245766575984,162.68646564552108,101.94262610923977,130.60254746496153,196.10926389416682,168.8473290742273,168.24483204075995,135.11061267079995,676.8143551543906
2014-02-10,138.9601771537887,162.94572033055243,103.76895857141494,131.4598119172415,195.35811488517706,168.74912983072716,166.23069862012056,135.5362732820985,713.2076955407974
2014-02-11,140.49737042057248,165.14169497642206,105.13618383569268,132.7816274057078,198.23115822739263,169.17933349203378,169.6311670568633,138.34574740305484,713.4253866268172
2014-02-12,140.459539762811,164.24927032399387,105.12834179360573,133.85331453074068,197.64990801409246,163.31540268066988,168.58485980882423,143.28363220916987,708.7083830921919
2014-02-13,141.2756132119661,168.31969948311072,106.7976775324715,134.35336633514038,199.85010508749238,167.03297095344865,176.1182197877728,147.79583487825315,724.3470532612592
2014-02-14,141.95503825382582,168.08639791814429,106.71135511506489,134.38914579790907,200.3330998055725,167.1031107219214,175.49043142303148,152.47828457126928,719.2671793445728
2014-02-18,142.11948946141922,168.77119508155326,107.10373300988307,134.67699628910003,201.67888181744163,165.3729310262249,176.03972867253935,152.39315029643626,739.1148033701631
2014-02-19,141.19223308510615,168.1715695581342,105.41277769627304,135.0009295283111,200.25649707591802,162.44095670144728,178.02770842789565,154.43641594389533,702.6126174407465
2014-02-20,142.0438281458963,170.8751252268364,104.19262069835062,135.86474330264195,200.55130190768025,163.57259372386426,182.13442622522894,159.88513868760833,761.8651828307965
2014-02-21,141.7712853055509,169.71876395977893,103.03522401890388,136.6925317072435,200.49800082597505,162.1510325770862,179.41406352358845,158.69323731421275,760.5226506562849
2014-02-24,142.64835527115648,172.59409830094756,103.48640523848411,135.64878780983457,201.95037221922058,164.4984850470023,185.14254952354648,160.9918842604377,789.7316661504246
2014-02-25,142.45611068794307,173.845997233883,102.40946743121381,135.10896465300561,203.19787317180163,167.5567002521161,182.70988717981461,160.26494948717632,899.8550153490643
2014-02-26,142.4592019823491,173.48268338359162,101.48553338086921,134.85701657806365,203.22618537707191,168.24876856275642,181.1666301720128,160.00840579881728,917.9972887234435
2014-02-27,143.16410192902427,173.7568418996119,103.50997932830512,136.26066990302087,203.06628213195634,168.4030867563113,180.32957232582788,158.2124815887713,916.3282199199023
2014-02-28,143.56248307092204,173.13436348116366,103.22948842846135,137.88018035800118,202.47334913959656,169.32428663511863,179.0740156759347,157.1862530210021,888.2803273619242
2014-03-03,142.50320580424454,171.70741695148246,103.52766589111589,135.97272924594435,200.31479593291016,168.23942135047773,176.32750934880585,156.41656814159197,909.143895027635
2014-03-04,144.67890216072055,174.3930151283331,104.21025929760124,138.24013896694157,202.35010476794156,170.16599953317453,179.9633808526858,158.04144887557644,924.6735639376082
2014-03-05,144.67118334938357,177.15939362260897,104.42998036671621,137.1604024873981,202.90806611532642,174.1267201925383,187.2089802349573,159.40979668406843,916.7636020919417
2014-03-06,144.91978750743843,176.48570572202183,104.11420027748119,137.30437281593635,203.13290209307087,174.02852094903815,185.29947151524496,157.1862530210021,917.7795976374236
2014-03-07,144.9977672937659,174.74442434631382,104.05334651052209,136.40457465636962,202.3301136667936,173.98176704945345,182.57910881360448,157.01518801920741,893.3600974678878
2014-03-10,144.93059761318142,176.183959396516,104.14751097001565,136.11669137758392,201.7938306490423,173.26631286992506,188.41222955428432,154.70613338097695,866.6184552367513
2014-03-11,144.19404017287874,174.03549276455433,105.16167646792027,136.83650203578173,199.86508563131935,172.46668026531455,183.3638191700443,156.24552466553047,850.5444028956443
2014-03-12,144.2380439947742,175.70057589089214,105.26367097861072,137.73625921085505,201.08262549624646,173.31774037564912,185.40410625596678,156.67315488141742,876.2338196389906
2014-03-13,142.55030092054602,172.63874223466874,104.09453521781361,136.36859846803242,198.04463000549245,173.72457600625907,180.04185188832977,151.7129371271003,862.808601704598
2014-03-14,142.14805566064072,170.5475374898251,102.9254474205767,135.68475580127307,195.3364365555435,174.76736099745457,177.13836333073402,152.3970895056131,838.0625649060324
2014-03-17,143.51461513101904,172.56484724987916,103.32751395454818,136.94447978218545,198.55096471762377,175.37526872120415,179.8063986222189,152.3970895056131,848.9842315404745
2014-03-18,144.55073596368558,175.35369748912487,104.2416514477291,142.34304742332128,201.74217844972077,177.11946923531866,180.9835444752365,155.98897021430483,870.9725883893157
2014-03-19,143.66440153954002,173.41760863050922,104.21419230953475,141.33533709254036,199.74184125966434,174.5288822170089,178.49853464175953,158.72559049122262,855.7331223553407
2014-03-20,144.53220704660558,172.67301036942345,103.71202582549934,145.15032128564093,199.3937353461969,172.5368200337873,175.17654728045557,158.81112299211998,852.3587029005884
2014-03-21,144.1083415752143,171.80133634898448,104.52998438965979,144.53852116144154,197.04195613180374,168.6322183244783,175.88278660125138,158.55454701516112,830.5153696317042
2014-03-24,143.40729632186859,167.7166335235676,105.76975848368959,145.76212140984035,192.85975130507762,164.53121812816903,167.66934096679006,157.78490518721736,798.8753665329542
2014-03-25,144.03885342382532,168.6821336711117,106.90753806702895,145.1863712460663,192.9913423449229,165.86860084986495,169.73580179758508,157.78490518721736,799.8550283254045
2014-03-26,143.03053539145682,162.1673204287471,105.8855305270374,143.20683660695607,188.5359854520002,160.58451828722323,157.96493561529837,154.19301371565905,772.714233864537
2014-03-27,142.75876537471294,161.28610839512731,105.4304642590838,141.65922934725802,185.58961158082957,158.27449034280454,159.48207911699603,152.14052429152085,752.2497665231958
2014-03-28,143.4211977220176,161.5630641991617,105.31268973709913,145.04235173613594,186.56727101401538,158.19031191772243,156.97095577741493,153.0812634098591,770.573449135925
2014-03-31,144.55768195142107,161.85424034371633,105.28918759261839,147.5257497375353,185.62789377260583,157.29249790780312,157.57257039728373,153.16676362215665,756.3499267420705
2014-04-01,145.5752738670076,165.95506124829882,106.25236782606781,149.07332420963863,189.0223162809496,160.38811980022297,163.79804631618347,159.49529689636597,787.2643447927827
2014-04-02,145.9906477034604,166.82037523906857,106.4288737274743,148.82138433159537,189.05730070795852,159.9064707950009,164.0596231281932,158.46901451426376,835.5952435483907
2014-04-03,145.82619649586698,162.83317574675223,105.69133806282017,147.59771850800703,190.18270767194295,156.00654269183124,155.6107744265947,160.17941698627897,817.8521224037424
2014-04-04,143.99793147165784,156.52084281981885,104.32405284409224,143.4947772640326,181.44729948216144,151.040443728578,148.4436260003777,155.21929609776126,770.0655032685455
2014-04-07,142.4499375238091,155.63962365526103,102.68607328268422,143.24278820459722,179.90985087073133,148.5901273281181,148.96678966419196,155.73238347447935,752.9755072873181
2014-04-08,142.9842036740788,158.59163427434032,102.68020973745406,143.3148061564611,185.5271585627932,152.94365388057813,152.21030598985197,161.2911888178121,781.7853705517267
2014-04-09,144.54533562315314,164.08344016072778,104.02982038426126,145.65415186033533,188.6985090140821,155.160156187636,163.24875910647032,161.1201561046172,787.1191654967414
2014-04-10,141.5265358408255,157.43059283911194,102.68802779776094,141.65922934725802,181.92648515411489,148.286182385339,154.74757295492142,157.1862530210021,740.8927696220758
2014-04-11,140.1839056280596,155.88774731532487,101.92887255836251,141.11934881213824,178.95477729159182,145.77039982254567,153.09966112680831,154.9626985950692,739.4050581515229
2014-04-14,141.3358369048151,156.4607890994283,102.33494404960774,141.01142844402534,181.43064449188284,147.72503748026983,154.04131355453612,156.67315488141742,718.7592334771933
2014-04-15,142.29088665674814,156.90574233210438,101.60519047259035,143.0628826722152,182.5953689923961,147.80453338011696,154.56444709896618,157.78490518721736,703.5922792331969
2014-04-16,143.78330327803496,159.4659644981783,101.81118197260813,145.40227755748157,187.6535905180827,151.35842732796647,156.2123990862582,158.12697061360717,722.4602414663368
2014-04-17,143.97940255457783,157.61601265515017,102.97444219728504,143.99864062632176,180.81168727833557,151.93360197054932,154.17209192074625,158.72559049122262,718.8680790202033
2014-04-21,144.5229425880656,160.42193862160872,104.19658968295427,143.74665156688638,179.49056181001782,154.72060531405072,160.18832847758662,160.00840579881728,741.5821247278051
2014-04-22,145.11435056145635,163.29972381788852,104.30056269050152,143.92663906825524,181.5304849593167,153.9957860840523,164.87051726930034,161.37674284444267,793.3238285965582
2014-04-23,144.7931669576065,159.99522306130638,102.93716252014696,142.8469271794078,178.87159181443656,151.77928377699445,160.50221262016254,163.25818879251938,754.6808579385292
2014-04-24,145.04177111566133,161.39572895340487,111.37615907690291,143.45876009120198,177.8499366202845,157.65723540677632,159.22049226519155,164.7119937618425,754.2091420134583
2014-04-25,143.86745622849642,155.91977005689662,112.19421356818371,143.63873119877348,174.07624559962503,142.07621741865495,150.95472926036933,160.17941698627897,725.1452539099985
2014-04-28,144.3330164756567,155.4193463082895,116.5392085017329,147.09385514571792,174.03631452546506,138.6859977957347,146.8480014232413,159.49529689636597,720.2831748900547
2014-04-29,145.02015090417535,158.33242561369002,116.19395480477661,145.79822055165783,178.47890216643972,140.4629403101116,152.10567124913018,159.83733003415597,750.798440711036
2014-04-30,145.45405365770813,159.88907819610156,115.75452465743676,145.40227755748157,177.99636760158296,142.21650587469617,156.36934115754616,157.95591637467908,754.3179875564681
2014-05-01,145.43321569450168,161.25318275179376,116.02720948786369,143.96265624108585,179.21101872683016,143.97474504542004,159.9529254104494,158.81112299211998,753.7374779937488
2014-05-02,145.23710699328078,160.36873259045575,116.24300953593516,142.8469271794078,177.66027680005868,144.0308639954748,158.14804139166415,157.6138724740225,765.2759360385802
2014-05-05,145.50887701002466,161.6635946296703,117.88681666990321,141.91118561909863,178.14613469375078,144.98479695544887,160.1360111072257,159.32424265743788,785.9580944659413
2014-05-06,144.20098616061424,156.81528249073162,116.60196882020854,140.57946827701846,173.89987909474056,139.06009142608224,153.09966112680831,156.07447042660237,752.1046910378775
2014-05-07,145.01088644563535,155.14539308373676,116.19395480477661,141.87515205247067,172.37908547358907,136.87631328109538,150.1177015335686,156.24552466553047,730.5879463033845
2014-05-08,144.81169587468648,153.14495762320314,115.98682417020494,142.66698885943106,173.1012320474735,134.82347637987107,148.46976962586604,158.2124815887713,648.0044918899819
2014-05-09,145.03173383351984,154.16185510054507,115.50349537442423,142.30707943188278,175.24761675780894,136.65653784430273,149.72533631555396,154.36403566598736,661.320916186726
2014-05-12,146.4345877391347,158.40745816776462,116.94158679884545,143.85462111639137,179.17773431034087,141.6226278884603,156.5001195237563,158.89668778161715,670.0654124341629
2014-05-13,146.49634765450864,159.5963769683375,117.12499945291563,146.50049804356422,180.2126828198343,142.45499357423753,156.5001195237563,156.3310571664278,689.9856001550933
2014-05-14,145.807667578787,158.23953582704831,117.14667898211013,145.84812327086422,177.83995385174453,139.1723114880004,154.9306787312872,154.7916658818743,691.6547208639959
2014-05-15,144.4426443309336,155.8352857143304,116.1505837554976,143.52849930523087,176.07957378563327,138.03600085944404,151.50403654967192,153.9364592644334,684.2889867333789
2014-05-16,144.98386589361687,156.6435328533994,117.86474144133736,144.36209111410278,175.8066773601163,139.20972709440213,151.76561336168172,153.5944261266434,695.0654740717797
2014-05-19,145.5412979025756,158.6730973435714,119.26132040443593,144.07215041374667,179.31084641223006,138.77016730172113,154.87835132113156,158.55454701516112,711.5023448895863
2014-05-20,144.59551260918252,158.2345059872218,119.28500241226729,143.81847279318177,179.82998872241143,140.84170754659849,153.17814220224705,156.7074130858161,708.6358713022133
2014-05-21,145.76906409742404,161.53612280494906,119.60062661993179,146.24682042299932,182.92814924711902,142.62800619234974,158.22652246710285,156.7074130858161,723.6939280978385
2014-05-22,146.11340413528484,162.00657848808717,119.78995078279229,145.34068606074754,184.84161973423338,142.58124337366937,158.3049834629521,157.3947405099769,743.3963728273875
2014-05-23,146.73415113149858,163.91653495883273,121.143206660172,145.4131630389379,187.62033166566135,146.00888752208704,160.47603887529,158.85526150806058,752.177202827856
2014-05-27,147.61276674430718,167.06942356303992,123.41166721994632,145.6668898408949,191.30417776946095,145.34486976737838,166.04760288354953,161.69040506586606,767.6344118532121
2014-05-28,147.44831553671375,166.58372182070656,123.09212199123837,145.01449867439754,189.83329799100937,145.03624229936426,166.12606387939877,163.06504915132106,762.8448446232469
2014-05-29,148.2396869046549,167.66939685463703,125.33498200077473,146.2106065246002,189.8698929543,146.72901530775474,166.96311168578896,162.80730002190242,762.8448446232469
2014-05-30,148.5129931439237,167.41558350149091,124.86553865566175,148.3852601400555,190.2326342966769,146.15384066517188,165.5767666298909,163.23689984237782,753.8825534790672
2014-06-02,148.62108477667567,166.23708953573743,124.00741060986327,147.84162542533707,187.80000871734717,144.41898736333604,165.00129563551047,162.72139082067397,742.7432476639668
2014-06-03,148.5647252018342,165.37150235333297,125.76104230571865,146.02935670083352,184.52880501659044,143.64741423375293,164.45198834620786,162.03405263364655,743.6141158187688
2014-06-04,148.84575967711805,165.94371379509997,127.19711926061295,146.13808036501774,184.2792358030907,143.45568935289197,165.68139133081797,162.2059033247033,740.1670288579536
2014-06-05,149.8170198753266,168.10860490928258,127.69613214056751,149.36385508670023,187.9963535413456,151.30698198405105,165.28902611280333,162.8932307488641,750.7258251103345
2014-06-06,150.51033689265725,168.04383721268812,127.34505087105123,150.34248282093975,188.36241821255783,154.15945148988587,163.48416217360753,163.49460592033003,755.33398310195
2014-06-09,150.65163166623975,168.48175470959686,129.38273476109262,149.58128602127127,189.92647901873858,153.14472597371775,164.4781520512857,163.6664458485202,744.9565960879188
2014-06-10,150.61457383207977,171.136361517163,130.142177781852,149.001404620559,189.11782363886357,155.44073309971844,172.0376255363384,164.52560243800454,734.0349813588382
2014-06-11,150.081843904335,171.10188056226113,129.6036549192117,148.09528665210462,188.85159943508523,156.74538274024766,172.06380932100566,166.67346162311563,741.9087132621962
2014-06-12,149.01792969604847,168.25719953845714,127.43577394510295,147.08047780706076,186.18938296136974,152.401212319162,168.16635096532124,167.70439356359051,738.4616782067425
2014-06-13,149.48503559041177,169.0094011693432,126.0411494970811,149.43629927729586,186.4722238093248,152.5695513311349,168.7156381750344,167.8762765432471,748.9841926114534
2014-06-16,149.6101104930407,169.96335911237233,127.31148836982591,150.4149597991301,183.79339069143265,153.2008449237725,167.90478419310622,167.3607029443436,814.9856488163696
2014-06-17,149.93514879022004,170.55867413999468,127.14582223301669,151.0673181780327,183.23430452505733,152.2656063883558,168.4540814426141,168.4776301889798,840.6025018643757
2014-06-18,151.092480407508,172.29562930911416,127.28390932273115,150.95861090764586,186.57541316966194,156.36193297852577,171.59298310714178,168.30577949792303,824.0930154458678
2014-06-19,151.2854978143229,170.80786468498547,126.84205701560296,150.45117369752919,188.01633186045956,152.91092079941143,168.29711929173666,164.43966094817625,826.524106861201
2014-06-20,151.54723054892528,170.94581384641273,125.53027762687576,151.0673181780327,188.52547862006693,151.6015797145515,168.7156381750344,162.6355031451787,833.0553065900474
2014-06-23,151.5271559846423,172.99521470276738,125.4197815751461,152.19093265624764,191.11116905633182,153.02314086132955,170.99135844747826,160.7453500380198,860.7403806713257
2014-06-24,150.55203166842625,172.48249991591956,124.66030258171656,151.32102858619237,190.52879402404122,151.58288528999412,171.90686724971772,158.25387557372807,843.6141028424285
2014-06-25,151.28936193233042,175.42749266919185,124.77081062433626,152.33591940022308,194.98470054442518,153.11666649869036,176.40598038444983,159.8862580257351,859.5430277928555
2014-06-26,151.111009324588,174.77161242552683,125.51646412154828,151.2122885282108,194.59868311816697,152.29833946952252,175.5950460841638,157.7383880777574,854.8623061059002
2014-06-27,151.39976261120884,176.07968474055824,127.00771116152214,153.13331370449328,194.90483839610528,151.77461017085508,176.8244791881581,157.91019571734773,867.4167077908519
2014-06-30,151.34340303636736,175.5715994666521,128.31953851380953,151.1398279438178,194.56539870167768,151.87280941435523,176.013585047051,159.28483980280276,871.0451520846556
2014-07-01,152.3540395395404,177.23004670113548,129.1341875923186,151.75592324292919,196.83495109146426,155.4313680492484,178.02770842789565,161.08900836866692,869.8114654531539
2014-07-02,152.45441236095536,175.05318930469966,129.07893357100878,151.8647288761003,196.5986496292379,155.64647879899738,173.81635588984057,160.487633197201,832.4747451219666
2014-07-03,153.28978755079194,175.25884368304705,129.8384125644383,151.5023439851485,197.36406338815164,157.81622720647056,173.39785708613232,161.9481757210179,831.8216199585457
2014-07-07,152.68835171993777,174.1505112724765,132.5172013814225,152.19093265624764,196.59202853563522,155.97380961066455,170.78210904562414,160.65944083679136,807.9101694671124
2014-07-08,151.61208175870524,170.17391684872862,131.66109979604096,151.42976864417395,192.47889782054816,151.41921988416055,164.16425786891503,159.37075976689783,794.8840518570895
2014-07-09,152.3162088817789,172.98239356025132,131.71631784468067,151.0311042796336,194.12945465068555,154.2997488650228,169.9450712790287,164.18197639595726,809.3615990899953
2014-07-10,151.68697967530477,172.34449828101592,131.23303701246016,151.10354847022919,193.0246395434462,153.34112446071805,169.68347438742944,163.3228090436063,796.299147726941
2014-07-11,151.9100995038661,175.19713510205656,131.4815721903441,152.55341590998364,195.22432533548687,161.88916792775248,173.52863545234246,163.6664458485202,791.4732986493057
2014-07-14,152.64588412056727,178.31790073381774,133.1799978284498,152.73458376476344,197.75672747208054,166.15385136808672,177.60920962418737,165.7283850695362,822.5690740330064
2014-07-15,152.35095766981243,177.08946991688168,131.61965928005856,153.858181849181,197.35740394844697,165.74234213133744,175.69970090447507,166.415712493697,796.7345818043419
2014-07-16,152.99099698202957,178.55096061396344,130.87401777373657,159.76596542744858,196.54542523973663,166.4250632296991,176.98142125944608,166.24385103977363,787.953699898512
2014-07-17,151.18049747597698,176.6332661094879,128.54038672658834,161.39704990337495,193.2842043075199,164.81177720206006,173.71174122870823,165.81431579649788,781.5676275603455
2014-07-18,152.73235554183321,180.6667829763384,130.3907489324061,161.976964091682,201.3673836492988,167.71569205181032,178.9693809352129,158.425693976185,798.3310869125432
2014-07-21,152.37797822183092,181.3855024382116,129.7141149982712,162.52063159399515,199.14777066628014,168.23007413819906,181.53280156556545,159.37075976689783,800.2178987074658
2014-07-22,153.14232903775354,181.6491276211957,130.79120868711206,162.48441769559602,200.85491356085606,168.73509117411777,181.19277379750116,158.68341081700382,796.7345818043419
2014-07-23,153.41100776009142,184.23636357044703,134.2018374959808,162.62930607678723,201.39402140811745,167.47252182703394,186.47657720908364,155.33272594889468,807.293378056723
2014-07-24,153.48589625201288,187.3076706636672,133.98083340163146,160.92585937925213,200.66853872336367,167.69230618292227,196.12867523000918,155.5904858411799,811.1032315888764
2014-07-25,152.74162000037322,185.8331400377987,134.86458597944798,161.28829345159602,199.02793909769832,151.5127455215214,196.678012638696,152.8412514846029,811.2120771318862
2014-07-28,152.78563324694673,185.3846138358272,136.7286777543629,159.36730106290824,199.34077937940924,149.8293197254096,195.97169299954228,152.239876313137,815.7476195228004
2014-07-29,152.09385245214102,183.79379181538923,135.84497314010653,159.07734396875472,197.6535764578453,149.63759484454863,192.80668786870518,152.75534228337443,816.437026533891
2014-07-30,152.10311691068102,184.86090510280118,135.52737043558528,157.95386064091878,198.14941712007737,150.811312160411,195.34396487356938,155.33272594889468,830.6242670800757
2014-07-31,149.0611701190205,180.48970249404562,132.00626955676694,156.43154901056874,192.86157913593706,146.35959528354653,190.0339776773196,150.34974473171135,810.2324153394358
2014-08-01,148.63498617682467,180.1583393656926,132.7381095486515,155.34418121834767,190.8815525978781,143.5866216775588,189.27543102595757,151.98213794658497,846.4080127344614
2014-08-04,149.70352790204217,182.6021464395705,131.9924680423295,157.1926802350477,193.76675165441063,146.66822275156065,192.28355432427514,151.63847961593785,865.4573323005897
2014-08-05,148.25357888012581,180.99640362730682,131.34350908240972,156.14159191641522,190.72847495890898,146.04629420939307,190.1386124180414,151.72436729143314,865.3484867575798
2014-08-06,148.25589735093035,181.28288954651092,131.12256494251056,154.9093029554082,191.1777378893104,146.78045173257448,189.5631514634557,151.5525704147094,903.229486709178
2014-08-07,147.43209566576022,182.3105790593668,131.10872745540303,156.6852594187284,190.28587146821218,145.63946749787883,191.3941489883451,150.00610792679745,915.7839402994913
2014-08-08,149.13219449293442,182.54632355302329,131.46948537318258,156.5765357545442,192.32578183547707,148.14122032315845,191.106428550847,163.23689984237782,900.3267312741352
2014-08-11,149.54371363605776,183.91854149684207,133.2040875265426,156.5765357545442,192.09617815905733,148.85667450268681,192.10044854790937,162.37776477862667,940.9290774224265
2014-08-12,149.29896417133236,183.43867516305417,133.17636458876734,157.73634773736086,190.38904804651534,149.31961124516016,190.50480389118349,162.37776477862667,943.2513232947499
2014-08-13,150.30033621596536,185.9920923118784,134.93873764346276,159.76596542744858,194.52879095635308,152.57422493727424,192.96362993999315,163.3228090436063,944.52123986856
2014-08-14,150.9535135294081,187.0995243775971,135.29953153391244,160.45466885512934,194.55873926197302,155.81481781097028,194.3499649560965,161.51860818914233,948.4036570960534
2014-08-15,150.94424907086812,187.00481077542082,135.96561348481103,162.33938177022847,194.24592454433008,156.01121629797058,192.5974183872616,163.5805258844251,950.6895692153453
2014-08-18,152.2320559313175,188.7627301353397,137.6030534561672,163.49922654063988,197.23761072596713,156.43207274699853,195.10851160745847,165.81431579649788,943.178655788687
2014-08-19,152.9933154528341,190.15753079402484,139.5042090721995,165.32280698533148,198.70515439354938,156.71264965908094,196.93954929152682,167.1518710436375,931.6401977438555
2014-08-20,153.37240427872845,189.2847951161195,139.5597149022002,163.93689174913294,198.13944713357137,157.01659460186005,195.68399264163367,166.11631107052312,927.8303442117024
2014-08-21,153.8248359493412,188.90841977376655,139.57356438019778,164.92155240080606,197.1444296982379,155.67453827402477,195.05620427689232,164.563014162318,922.8593677433871
2014-08-22,153.51832656924188,189.1055819719672,140.60051216688635,164.66630097569325,197.18436077239787,155.05728333799652,195.05620427689232,164.64933235247742,931.7128652499185
2014-08-25,154.25333836234154,189.9843605942844,140.90576425466517,164.7392697678048,196.528795813526,156.19359396655287,196.23330997073097,164.90824387148922,952.6488928002462
2014-08-26,154.41547109913046,190.821280525007,140.00376154220592,164.15568336888603,195.71349377598028,159.8456782388068,198.69211593995118,167.84223359618048,949.7099074228948
2014-08-27,154.42318991046744,189.6217625651689,141.72447824489822,163.6450657620788,194.00966142820567,160.47697183144442,195.21316642776975,165.94371774167075,955.1888297585896
2014-08-28,154.16222999946655,188.69051183011587,141.89101971668046,163.68154196123587,193.1178205711754,158.9992917346116,193.19906312651455,167.3244643724899,957.4022819932645
2014-08-29,154.67411253932684,190.51998242583443,142.23794014735245,165.6874706141182,193.7966871779966,158.5410285982776,195.71015634671144,167.84223359618048,978.5923343826435
2014-09-02,154.58995958886538,193.5490882583324,143.34810471092692,164.44744378075066,195.8832008411601,160.1028692820012,200.57548103417514,168.27367386684503,1030.9145997194773
2014-09-03,154.4695122031674,191.42003726720841,137.2977773866083,163.97328597930317,196.1793733505584,158.52233417372025,198.35204801270797,169.8269923007834,1020.2832397717566
2014-09-04,154.23249097445705,192.42272363731644,136.15985391258846,165.06747359123182,197.3840417072656,161.772274259695,198.66593215528388,172.8472679270342,1037.8811297150019
2014-09-05,155.00918811864764,194.05764283887476,137.3393737841612,167.43808226669822,198.92811141229845,161.9733463528346,202.09259441648862,172.32944488901063,1006.4950995499416
2014-09-08,154.5328271904224,195.26478277713636,136.4929368561529,169.48048711873764,200.20930580645623,160.08417485744386,203.74050624460173,170.77622332087174,1023.6213773788389
2014-09-09,153.52140843896984,192.97186782976098,135.97946296280864,170.53806738113022,196.9946753881041,154.19685817719193,200.5492972495079,168.61889281314964,1010.4500804727747
2014-09-10,154.08115891873308,194.7020752564161,140.1564295542105,170.82984418679223,197.47720995296083,154.93569822560835,202.5372569252747,169.2229156498,1019.9566512373653
2014-09-11,154.217043927105,195.18352980068175,140.75314420622075,171.41343058571104,196.70848564724577,154.5569220700258,203.81895720065626,167.4970577013423,1017.090125744631
2014-09-12,153.297515786807,194.23317548145863,141.07231771733743,170.31927576137713,194.64193752116225,154.87023206327493,202.66805537107433,164.994497484449,1013.0625811264579
2014-09-15,153.18865133045352,188.98853566390807,141.03067335622436,168.64166568850342,193.55710073303686,151.45662657146661,195.08238806155958,162.75082726083428,921.1177352445061
2014-09-16,154.33517284199846,191.6343976117935,139.96215315376298,170.53806738113022,195.93311468386003,153.26631108610593,199.00598000293766,165.16706928756818,946.0815150344528
2014-09-17,154.53513623654885,191.99854581024707,140.96124610288578,169.66280253933363,197.43394276793157,151.50807191538206,199.92154904394548,165.25338747772759,948.4036570960534
2014-09-18,155.29099541753305,193.10995674052796,141.2526966762272,170.24633975686032,198.7584043471186,151.9756822639947,201.41249872118118,167.75591540602107,957.2570507918616
2014-09-19,155.21687974921306,194.86895633812628,140.10088775153963,173.30993064112207,201.46388800586337,154.931024619469,203.79283365475737,164.64933235247742,940.9290774224265
2014-09-22,153.97307671065917,192.1615422069156,140.23967031287648,171.63225499305887,198.7584043471186,151.7418770896884,200.88936517675106,163.0097495427127,907.2208013850426
2014-09-23,153.08365099210758,193.1937879346248,142.4322525204701,169.8087401235568,196.73178729519506,151.33504145907844,204.78683357223025,162.31937622730314,908.5996154072241
2014-09-24,154.28267738516453,194.3375127248926,141.19719084622648,171.7051909975757,199.1410984445415,153.47673039152423,205.44074548287043,163.26859648452486,914.8768422023809
2014-09-25,151.7881158956432,190.16711861013158,135.81298144547662,167.91215809915886,194.75840741480678,150.54010029879862,201.98793959617737,159.73056239745006,896.0451618169108
2014-09-26,153.08982415624155,192.72511254273005,139.80950912353848,169.2616791051872,195.64027828533105,151.13864297207815,206.0946975526896,160.07573829228824,894.7752452431008
2014-09-29,152.69993464928228,192.65729581612123,138.9213798708569,169.371042127469,195.61032997971108,150.4886549548832,206.643974722608,159.81683753614305,889.913166223157
2014-09-30,152.274523530688,192.65753599520605,139.80950912353848,169.07924892800958,195.80999813254482,150.7785790792443,206.74860946332979,159.2128039366261,880.5517228492463
2014-10-01,150.2571052176714,188.78374316312116,137.63084833928272,167.40160606754114,192.8882041127217,148.44984779117257,200.23541310693193,157.65950702842096,871.6983291534378
2014-10-02,150.25787804127293,190.13728137322724,138.62994128840555,166.89107042972077,193.30418262663386,148.89408118999287,201.62174812303527,156.969144475878,912.2643415486976
2014-10-03,151.93558383335963,191.38877205285667,138.24140047840055,168.0945718825391,195.0912004515637,150.91885861618982,202.5634206303525,157.3143418964494,926.0161480174812
2014-10-06,151.6977803563697,191.89045723883606,138.24140047840055,168.0945718825391,195.6003472111711,150.66635901732616,202.87728469333896,156.36510011349444,945.6460290516903
2014-10-07,149.40319168607678,189.0836675765699,137.03414567816247,166.05223260568917,191.0479235521886,148.22538982914492,199.55531741162446,154.72546348939667,941.836175519537
2014-10-08,152.0120179724841,192.4096938793497,139.87890040420692,170.61105256703914,194.25592009490404,150.90016419163248,202.77267003220663,157.57322112686137,940.7839500317467
2014-10-09,148.87123458193355,189.06452964457472,140.18417647376583,167.21920867795828,189.95309121348924,147.4725289623105,198.56133757374104,154.55292397487733,932.5473996516891
2014-10-10,147.16650823782834,182.45812421901294,139.78175021309312,160.58152405920916,184.75509814620884,145.61140802285144,190.71409345221656,145.40574661736557,859.615539582834
2014-10-13,144.742980546899,180.51889513392422,138.5050801504065,159.19564161060535,181.28089018174902,143.30138007843274,190.92330269489176,144.887977393675,814.9130851210297
2014-10-14,144.97151014067086,181.3700907764749,137.03414567816247,159.48741841626736,182.59205844559474,144.17114353242033,192.49282380571873,148.25341815189742,823.8753243598479
2014-10-15,143.79719525350595,180.02820656467355,135.35503736391314,157.6273945600134,179.9431352872206,143.0769221164051,191.49882388824585,150.4970560869123,833.4544069144171
2014-10-16,143.81804264139043,178.27974152174627,133.57875487676992,155.87679930123076,178.67524699043815,141.6226278884603,189.98165026716396,150.5833527513385,821.2991574591962
2014-10-17,145.67100974681358,181.88992152924567,135.53539234102283,159.12275478748066,174.03297841459576,141.98737430652918,198.66593215528388,150.3244627580599,825.3992657727092
2014-10-20,147.00282985383643,184.40257494059267,138.43568886973813,160.7638394798051,177.16442335579265,143.18915109741891,201.28170027538155,151.61891272445285,836.2483687118115
2014-10-21,149.88033486258158,188.2973346056173,142.19633175890948,163.68154196123587,179.0446349904857,147.45382561865748,205.83312074067982,158.09099035055195,853.9188742557583
2014-10-22,148.78630880787057,187.5279171004371,142.91793153069887,161.8580106979364,180.59537691725717,146.35024807126786,204.9960628944949,154.38035217175815,838.5342808311034
2014-10-23,150.6168828782062,190.8193372733626,145.47125966518198,164.1922251432326,184.2426280577661,146.448447314768,209.36437758342743,157.83207883154014,853.7374650174083
2014-10-24,151.67925143928971,190.92757076475368,146.0124564963015,168.24046028537012,182.6619250433407,134.23427199977453,211.01226933195107,159.47167240417147,853.5560557790585
2014-10-27,151.45149466911934,189.67984462380326,145.85981246607702,167.43808226669822,182.98804585835896,135.5950405903585,209.99210570940033,159.55796906859769,804.3180070209788
2014-10-28,153.25968512904552,193.0040463439755,148.12173799077888,169.5534067294571,186.0030209059113,138.22305213416567,211.2738461439608,163.3549362004175,880.8783113836373
2014-10-29,153.04736598154912,188.19073088869743,148.9543494225697,170.02748256191774,185.83994771636821,137.53565742966467,198.4305592075309,162.31937622730314,863.9333908877284
2014-10-30,154.00087008627915,186.35076957511026,148.45478496167323,167.94865069211335,186.44561161457415,139.85035898022272,193.85299511674424,161.28382701705536,865.9653819786921
2014-10-31,155.80751489900234,189.004146168017,149.87020161302652,171.23103319612818,188.97471598640044,142.83843441686372,196.154838935087,168.61889281314964,876.995790345421
2014-11-03,155.78898598192234,188.5258800905942,151.81298959928185,173.01810465406794,187.6103233330534,142.9600195292519,193.25137045708075,171.46656434768147,880.2251343148552
2014-11-04,155.348127815976,189.8984298076981,150.70287299926756,173.49224606171805,187.75010765668122,141.59925093866792,198.1690024751106,173.71021304556297,866.9450437711425
2014-11-05,156.23368941652006,188.11087284873025,151.06363091704708,174.54992468689485,185.00802903464583,138.65793832070733,195.73634013137874,173.71021304556297,838.0625649060324
2014-11-06,156.8235517427078,189.72086797288176,151.49572263968173,177.61346638976448,183.59037364569556,138.71404835166638,196.86109833547232,174.48686149966554,875.2541578465399
2014-11-07,156.87837509502432,190.17735088121347,151.92774241697612,177.54054677904506,183.63362804869087,140.21977900443093,197.7504635122234,170.77622332087174,871.553097952035
2014-11-10,157.36786459979706,190.4095826634216,151.6768570246441,178.30644859855985,185.76674500775295,142.67476901103015,196.18098256057536,172.76099278834124,877.8304285579146
2014-11-11,157.47750187975205,191.25753645652944,152.88937582561024,178.23351259404302,186.7850640910357,145.9013321472125,195.1608390176141,170.68992665644552,911.0306549171961
2014-11-12,157.36709177619556,191.31996938172935,155.04959462098265,177.90524319542652,185.77339166542362,145.6675180538105,195.4485795347017,169.56809154463818,903.8463300249289
2014-11-13,157.4504719030555,192.19211753852346,157.23775219015107,180.93230869913904,185.17108944215497,147.99158465483856,194.21918658988633,168.70516795184264,913.2803370941796
2014-11-14,157.48830256081698,193.98255488508224,159.13320014252372,180.82291288926254,184.75509814620884,153.29437056113332,195.86709841799944,170.77622332087174,938.6068315501029
2014-11-17,157.60411300490594,192.3061228282198,158.86840531774388,180.3852968621616,181.90984294587025,151.06382959746605,194.1930228848085,169.99957486676917,921.5531174165455
2014-11-18,158.4132498910036,192.61575591439072,160.93107822263113,178.880493807407,181.2010408154631,151.942949182828,194.45461977640775,174.05542122900098,935.0510028570009
2014-11-19,158.17544641401366,190.63581454253716,159.81610531215014,176.97210824889981,182.09619221929472,152.6958100496624,191.8126879512323,173.40543018908744,898.9116873096451
2014-11-20,158.48659273572204,191.7259987441759,162.10176080824354,178.73373653331515,180.95143325586142,154.56628712049582,192.51896743120707,176.26526376288115,902.4312860604388
2014-11-21,159.31656758502615,191.14185369178423,162.32476738122978,176.0911875470092,181.66026095033655,155.5436059493579,192.91132260942697,177.21843399214634,880.9145413259457
2014-11-24,159.7728539489684,191.9993037067985,165.33518824408344,174.65991067347687,182.18938602905789,156.9511284395266,193.59143838432396,178.3450478167256,895.2106274151403
2014-11-25,159.58911042537153,193.35985645872856,163.89963888835098,174.219491307025,182.77173549728056,156.67056936563557,197.8289144682779,178.25834216336847,900.1816038834553
2014-11-26,160.03691457905336,195.65827433111141,165.85085647030525,175.24710370781793,182.27257150621315,155.9831568229432,203.0342669238059,181.29151170381022,901.4516242679883
2014-11-28,159.63003237753904,195.82568358520936,165.75325062536987,175.46730519414518,182.72182165458062,158.353977323556,203.24349624607058,181.72463098166492,887.227998063411
2014-12-01,158.5398610161575,191.32966691768772,160.3736097537257,178.44009083475248,179.58373005571303,152.4432926126074,196.44255937258512,178.3450478167256,840.4936563213658
2014-12-02,159.55205259121158,191.39942090140735,159.76034767345857,177.85283222522193,179.23098426391016,152.5882635938836,197.3842118003129,178.6049495194649,839.7316856149353
2014-12-03,160.1527250231423,190.1477821198653,161.5721711586839,176.45824467021254,178.6918891986828,148.00093186711726,195.86709841799944,183.19795979100667,832.003081102257
2014-12-04,159.9666441793848,191.23149492419674,160.95893306019684,179.24755093061032,180.55878195396653,148.20201287935254,196.80877092531668,181.55141340654953,828.3020731131137
2014-12-05,160.2330232802743,190.66809524792365,160.27602789057042,177.7060585573327,175.73347465150104,146.19125627157362,199.73840310840077,182.5914076807045,811.7200229992657
2014-12-08,159.0702818977758,188.92361358676627,156.6523929110098,175.06365711520314,176.61535830405927,143.39022319055854,200.15690191210905,180.25151742965525,777.7940558758621
2014-12-09,159.03245124001432,190.19392085161678,159.0495756753764,174.65991067347687,178.4056738937565,146.13046371537953,200.99397983788344,179.6449330307533,786.9740381060616
2014-12-10,156.4321165885455,187.39024061926258,156.02522139829486,172.12752800552406,175.72015577209172,143.016129560211,199.26757689453686,175.6585609724465,761.3934669057254
2014-12-11,157.14164405215166,189.2127385212518,155.56526284720448,173.1185330567809,177.07457843893275,143.72691013360003,203.321987361304,175.57199523635524,757.9101500026018
2014-12-12,154.59381428219484,188.09136919336638,152.93120005007395,172.3110729609231,173.54712052090366,143.708206789947,203.58354409372427,170.11240199737279,751.0886954923957
2014-12-15,153.61328962544633,186.233085431632,150.84064832584093,171.2834277725354,171.66026222853995,143.1236849350855,201.38631493651386,169.59244791176172,740.3484900016648
2014-12-16,152.30926289404343,180.74922500120053,148.77797542095368,165.7415865392497,165.77676867880166,137.97521722234563,195.37012857864718,167.68588143303265,717.7432379317115
2014-12-17,155.40912433242647,184.2305616290132,152.48525884944172,167.87022276547623,168.5354895090817,139.76151586809692,199.08449119776057,174.53199019933368,746.8070741298098
2014-12-18,159.14130627168973,189.6583911824693,157.0008002120469,174.4030034748293,171.25430482926973,139.2237568319158,205.07453393013887,175.22528025159275,791.9450145743767
2014-12-19,159.86858982877433,191.42075678169886,155.78831738375087,174.91681787212445,173.05796486244424,140.23848234808395,208.94581854095077,176.95853228940703,795.6823044111901
2014-12-22,160.47776332032163,194.52935853887956,157.4050251062258,176.0911875470092,177.13781116104198,143.34346037187814,213.05259657705244,180.07823527734024,807.6924783810925
2014-12-23,160.75801554732593,194.21938910539552,156.8474846919801,177.81617569429372,179.29089365718406,143.22655778472495,210.85534734025256,178.95162145276097,801.7780700626355
2014-12-24,160.73562251223842,193.84426568302737,156.10885785633224,176.67846255033714,178.6785703192735,141.7021237883074,211.2738461439608,178.25834216336847,806.4587917495908
2014-12-26,161.26758904105972,194.92045895579832,158.86840531774388,175.72424518038753,180.20603616216363,144.5358899504892,211.30000984903864,178.43160278995026,826.632952404211
2014-12-29,161.4065653438377,193.6399641089717,158.75687804947069,174.1461126699791,178.805035763492,145.91536188472622,209.31205017327179,178.17166879861114,818.9769115868728
2014-12-30,160.61751244670108,191.83363781079865,156.81960587263433,172.56794737197592,178.12947970347216,145.1017084616977,207.21945575678316,176.52519775422027,806.349946206581
2014-12-31,158.96140801674426,189.56821120910746,153.8370998017966,170.47598407047496,176.59206943814397,145.12508541149006,204.08055409225548,173.75209135951687,807.0030713700017
2015-01-02,158.90736691270732,189.67113036181294,152.37374357205857,171.6137136082289,176.2226814380964,144.26934277592048,205.20531229634904,174.4453921746426,795.7549200118915
2015-01-05,156.0028413519437,186.1032865914767,148.08108887353922,170.03561388541522,172.86493058524715,141.30932681430684,201.90946856053338,171.49890676182474,762.300565002836
2015-01-06,154.61543449368085,183.69261548098973,148.0950822422173,167.539904142188,168.59874779525893,138.08276367812448,199.18908577930344,166.29934437998085,766.6184163077303
2015-01-07,156.4135876714655,184.53622300997017,150.17164059777224,169.66860594360404,168.10288156895888,139.54640511834793,199.18908577930344,165.8660528962605,765.4210115238986
2015-01-08,159.21155782200213,188.61770540716847,155.9416209129276,174.65991067347687,168.68857993008484,140.50034699741764,204.4990729755532,172.10552344932654,764.2236586454284
2015-01-09,157.87357397552336,187.18943598904323,156.10885785633224,173.19191169382682,166.628665679638,138.84966320156826,203.34813098679234,172.79885655305205,749.855008860894
2015-01-12,156.59579497253745,184.4345384754915,152.26220431289534,171.02648778629307,165.41071678962345,136.2684144764415,200.68009569530747,170.63237760871706,733.7084447298085
2015-01-13,156.19200406542913,184.7004072334114,153.61412920148047,170.14571462857884,166.98808369317953,137.82558155402577,199.97381621533273,170.3723898030449,741.1104607080955
2015-01-14,155.28404942979753,183.5175400139243,153.02875793144918,168.67766646753668,168.36244633303258,137.1381779304291,199.52915370654665,171.06562604097098,699.1655823852927
2015-01-15,153.84800180803023,179.93674163036695,148.87550932054882,166.91602178932396,167.72349801833738,134.1828355749548,193.6960329658668,169.85237114023423,696.19026325491
2015-01-16,155.91328806094978,182.02113036324766,147.7187361673842,169.70524608073487,169.86992107477477,135.95510448319237,196.6518288540287,172.97212794250046,700.5443964074742
2015-01-20,156.15494623126915,183.5668392853788,151.5235415045773,170.25581537174247,169.69689068075962,135.34720567853847,199.42451896582486,173.49209279097812,696.4079543409297
2015-01-21,156.8938127176983,185.0015675435419,152.68035063041205,168.530827224458,173.17443475608877,138.99929886988812,200.73240302587365,175.9186025924517,713.2439773884673
2015-01-22,159.2895376083296,189.20351523528907,156.6523929110098,172.9716938137022,178.80169965262266,145.11105567397638,203.1127178798604,178.95162145276097,731.5676080958349
2015-01-23,158.41479553820662,189.83650496893694,157.46072279046717,173.15514040631697,180.34913103259277,146.0790272905598,203.58354409372427,179.47157553837204,730.3702552173647
2015-01-26,158.82167773972094,189.36534403318447,157.62798371565188,172.53125805345294,178.60869093949356,144.80242820596226,202.72034262205102,178.69168746142185,749.4559085365245
2015-01-27,156.6953949703509,182.42476921366034,152.10893675638872,156.56633881257758,173.44064617783312,143.44165961537826,198.22126964649783,170.11240199737279,747.3876875032522
2015-01-28,154.5806951303254,181.99036465548087,160.70811961320507,151.1713368223706,170.52549881568063,142.11363302505669,199.42451896582486,167.33925255120297,723.4036214111173
2015-01-29,156.05457340985419,185.87834529850807,165.71145038268625,154.180729812514,170.79172301945897,145.79377677233802,204.02822668209984,171.41227644853385,744.5574957635492
2015-01-30,154.02711781469614,185.29372088230068,163.2864007898639,148.27192981880918,178.88488512977793,165.7844224247828,198.56133757374104,166.38601774473818,738.7519329881021
2015-02-02,156.02368873982817,186.145765987193,165.33518824408344,151.50163905186145,177.10453952658668,170.43253778864758,196.154838935087,170.02573939548208,765.3847815815901
2015-02-03,158.27659205903015,187.28993800944014,165.3630670634292,152.67600872674623,177.47059141576494,170.00233412734096,197.22730988820388,174.27199163079493,792.3078330510763
2015-02-04,157.61878722865646,187.62513022424608,166.63131952130686,153.55684745964996,175.0745991458278,170.56347011331442,197.8289144682779,174.7053261659817,792.9972400621671
2015-02-05,159.2409062695032,189.05797281806133,167.8206359500433,155.79560082283749,176.31583690175768,174.83750076592736,197.77662721730124,177.56505211110937,801.8506856633369
2015-02-06,158.6965934124139,187.7085739328286,166.40743761334764,155.64882715494826,177.66358734686006,175.01987843450962,194.79462746488255,176.7851532712926,788.6794406626342
2015-02-09,158.02257813576475,187.41916248236598,167.5128058209056,155.46528219954922,176.13282373920254,173.2803336883431,194.71617650882806,176.61186035611095,789.1148228346738
2015-02-10,159.70955781106952,189.38188300815582,170.73100482639322,156.34612093245298,179.75343712089287,174.4213179230387,196.678012638696,181.55141340654953,784.7969715297794
2015-02-11,159.7049208694605,190.8349656474318,174.73267659628274,155.53874280558202,179.0346394399117,175.42202262078885,200.13079844579963,180.33821232014577,772.1337243018178
2015-02-12,161.24519600597222,191.36250247255688,176.94341301139872,158.14450411058075,181.70020480653048,176.37128197462357,199.39839541992598,193.2504341471316,736.1394842397805
2015-02-13,161.90222801274444,192.1874882528627,177.81095390587956,161.0071562204297,183.41400714081112,178.5503775943754,198.1166549853655,193.33713980048876,739.3688282092145
2015-02-17,162.16087887761884,191.67265634448648,178.8603726205053,161.08105945899158,181.36742455180757,175.55762855159506,197.7504635122234,193.9437349622573,741.4732791847952
2015-02-18,162.1099102186318,192.6632991568373,180.10568650573413,160.89626857499212,180.58207081988184,174.59434837934234,200.65393199022967,191.6905718902984,741.8724314145262
2015-02-19,161.9377401997014,196.05933567413467,179.727877542316,160.7853481419598,181.84663578782897,177.22703352928883,207.7425893012132,192.2106120788423,768.1786914736231
2015-02-20,162.92985721047248,197.3808819676403,181.19701338105386,162.11599988721068,180.29919162582488,179.40612914904068,208.9981459511064,193.5971060804277,787.7722906601623
2015-02-23,162.88043419868842,196.24226003118622,186.09428472812067,163.1879083285081,178.03631145777692,177.76011004023493,206.22543575972082,192.03722229786126,752.3223821238973
2015-02-24,163.32978399957327,195.5464802572336,184.93291906407026,162.96610025003818,179.25093701895614,177.0353086484279,205.20531229634904,194.08156423198065,740.6024629353545
2015-02-25,163.20471852162237,196.50694647389514,180.20360411381057,162.59656766343141,182.13947218635798,180.20574391545983,208.1087807743553,192.60261720627193,739.332494456183
2015-02-26,162.96382375022642,198.47385771845052,182.484319363207,162.85527817979013,186.11950358158984,179.93920565998678,210.33217363664357,193.12461623653766,751.7781025034865
2015-02-27,162.48205305679068,196.21054627799,179.74187091099407,162.07898269274023,187.23096534649986,177.7694572525136,206.5655237665535,191.90673330316145,737.8085530433216
2015-03-02,163.47724251261164,197.58693556487813,180.6233811923729,162.18991951956994,191.3540788301269,180.3413676844574,208.60577069329702,196.6044447410212,716.0015535274689
2015-03-03,162.73529415645456,197.2706735189201,181.001178164901,159.9721993984132,192.60867381156802,179.8503536287653,208.21343559466658,192.95066678649323,724.0930284222081
2015-03-04,162.02112975123939,198.22488735182583,179.85376989685855,159.1590178672719,192.4555833905649,178.96656043726404,211.61389399161456,195.12545466384609,734.5429791315792
2015-03-05,162.2149199816558,198.39283730717077,176.87351811334858,159.3438251450687,193.48719578918897,181.3560932006255,212.42478813272166,198.86621810626286,727.9754456497013
2015-03-06,159.91569436975388,195.47249311004148,177.13938012734204,156.57171597811626,190.64860002855505,177.7367241713469,209.285886468194,196.1694096729111,703.483433690187
2015-03-09,160.54646922343102,195.24335964939164,177.89490212705797,158.38280434920887,191.0479235521886,177.0212699918185,207.7949367909583,196.69127954877757,692.5981008087764
2015-03-10,157.82338756481587,191.0898285837468,174.21500589142406,155.35200105969506,186.30585285501428,172.78933747084236,202.85116114744014,200.08407951390586,690.566161623174
2015-03-11,157.52073287804598,190.45414113952663,171.03882296464084,155.1671446005061,184.9214818825533,171.32102242447957,202.9034483984168,199.04014603057408,702.9754878228075
2015-03-12,159.50572087383352,191.88449867245615,174.1310576702456,151.61880552169328,186.74510745280776,175.0011661717609,206.46090910542117,197.21330010477652,693.2875078198671
2015-03-13,158.53676972175145,190.45103153915403,172.92772389105102,152.94940808555202,184.0263176966877,173.28968090062173,204.15904520748893,197.47429961990937,684.6155233624086
2015-03-16,160.68235423180298,191.89946335790452,174.83064216791934,153.61470117058272,186.90152120264625,174.58498332887228,204.21133245846562,199.82310152450623,710.0872490197348
2015-03-17,160.14886090513477,193.36576019359276,177.75499242205726,154.132204172287,185.5604429792825,173.91630088712003,207.58566730951472,202.25897501992475,706.5676502689412
2015-03-18,162.09601824316084,196.72314032186287,179.7558402978921,157.08912061703631,188.40569817962108,175.42202262078885,211.64007777628186,198.95311749121885,728.2657523364226
2015-03-19,161.30619252242272,197.56648556869152,178.39862742679878,156.31298906796016,187.5770516985981,174.53355582314825,216.4530148148215,201.9978678761259,709.9057878760235
2015-03-20,162.76000566234657,199.1765941628294,176.15992825610672,158.49374117603855,188.00301298105023,176.9885369106518,219.19960146030823,204.17276338214472,718.722899724162
2015-03-23,162.4758704679786,199.9748315388118,177.9928676986946,158.41973957469244,188.1427845226441,175.40800180237085,220.84749320883185,197.56128510779817,724.3470532612592
2015-03-24,161.47836254135314,201.38425218305935,177.26533243633483,158.56762802080306,192.19270807968985,174.93102640328814,223.14933702717462,194.86454125164605,731.930478477896
2015-03-25,159.12741429621877,196.08599305246003,172.63389912148145,153.24508661498905,188.68520291670677,173.4673849630647,216.89769740319704,183.03343861210683,705.0073751030484
2015-03-26,158.74908886924786,195.56880497987507,173.83720891889595,152.32105022600487,187.56705614802414,171.77928556081358,217.13311051012897,182.42436799101947,690.8927501575653
2015-03-27,159.12509582541426,194.96706085760184,172.4520093104465,151.43391627490956,185.54045187813455,173.2803336883431,217.89171740025938,185.9911819833918,671.2628172179947
2015-03-30,161.0722531634403,196.2441662360449,176.81752065685617,151.396981049426,186.7351246842678,175.16483157759447,217.63012050866018,186.7741805287904,691.473311625646
2015-03-31,159.65549785767644,194.1077578782783,174.10307093288944,150.28812098884762,184.5920377386997,174.0004614740108,215.06667979871818,182.07649061666382,684.9421118967997
2015-04-01,159.02240453319476,193.1901757025549,173.85122626935413,150.50989627972277,182.85826986733912,173.14005415139755,213.62799729286976,182.7725036741736,680.6604905342139
2015-04-02,159.583700660161,192.88593090659057,175.34837282722825,148.92056680570792,180.13614400034973,174.07060124248355,213.34029693496112,183.20740958788446,693.033482980816
2015-04-06,160.6383598345856,196.3197394629564,178.18873888751762,153.57778233889653,181.01469154203863,176.31048941842948,215.6421809124828,188.51399791523272,736.9377367938811
2015-04-07,160.30713894859423,195.83693944420787,176.3138553115656,153.50379713134777,181.3175107091076,175.08067099070374,215.32825661072798,190.16685133951947,737.482016414292
2015-04-08,160.73716815944144,196.41847715859276,175.74012719576427,153.0972145626758,182.6419467242267,178.25577986387498,215.2236419495956,191.55879135160617,753.519786907729
2015-04-09,161.4536510354611,196.80536435593746,177.08335868906957,153.31905542874043,182.36907586277772,179.3500101989859,214.93588135291856,195.99537411993384,762.300565002836
2015-04-10,162.2936725915848,197.03249382412397,177.8389646250158,154.2061074108489,182.54211903882685,178.9338273560973,214.5958335052648,197.99621254724227,765.2396541909103
2015-04-13,161.55015973886856,197.84617567552218,177.48914239895382,154.3539466755674,182.57540345531612,178.7982214252911,217.13311051012897,196.1694096729111,761.1757758197057
2015-04-14,161.81344754535203,197.68236865313474,176.7195670761096,153.94739689449017,179.62698445870836,180.08417664126299,218.4671783548451,194.51649167142475,752.7577642959368
2015-04-15,162.646494839706,197.52714580283595,177.3912247908774,156.2020850287252,180.04628630145584,179.30792990554053,216.34838007409968,196.86537967895447,754.1002964704484
2015-04-16,162.51988371455212,197.10258009251075,176.5377252286348,155.8324376855368,180.8715711075415,180.51905390870894,215.30211298523957,195.64736759117898,750.0001362515738
2015-04-17,160.68158140820145,193.89819330260895,174.55083474880794,153.83647646145786,177.28421657827252,175.61842110778915,211.30000984903864,193.12461623653766,750.326724785965
2015-04-20,162.16549696987175,198.87305552860295,178.5385731044696,158.60467800286827,181.20766190906582,182.14168714862663,217.34235991198312,192.1677758697607,744.8114686972391
2015-04-21,161.92539387143344,199.27322723738655,177.57311460191235,157.60660722494322,180.67191573674174,182.92260749048845,218.7287350872654,191.90673330316145,759.8332436451941
2015-04-22,162.7491861319255,201.75367057088488,179.9657768007334,158.9003565323053,182.75510607106992,182.27729307943284,221.37064683285138,194.08156423198065,796.2265321262396
2015-04-23,163.1329024747508,200.5056265207839,181.4348886576912,160.19397468928835,185.51049079048062,182.36614511065432,215.56368979724937,193.29867331524812,793.1786493005169
2015-04-24,163.50040837130064,206.89394118362577,182.28846016527402,176.93786160618558,190.90151813495808,208.13653423028518,213.26182589931713,191.64571226229538,792.5618578901275
2015-04-27,162.82330180024545,208.05705661383286,185.60457677883804,177.529235058857,188.39236651817777,205.0783190251714,214.25582581679,193.12461623653766,840.1671196923362
2015-04-28,163.2741972483333,206.7855459250583,182.68020254292003,181.70601396620384,187.81000426792113,200.75286086683442,211.03845311661834,194.08156423198065,836.2845986541199
2015-04-29,162.66349695893913,206.08031319779946,179.9937515471995,181.33638301681282,186.81832294345702,200.7809203418618,210.48913578752098,192.60261720627193,843.4326936040786
2015-04-30,161.01589358859886,202.02027696894652,175.1104975505909,179.78390679929467,182.61864507627743,197.2317089192473,206.04237014253397,193.12461623653766,820.2105982183743
2015-05-01,162.77467046141905,203.22779956300346,180.42747403087978,179.85782643165393,183.41400714081112,197.74139956130537,206.61781101753022,197.90922705935344,820.138086428396
2015-05-04,163.2533498604488,203.02898486224214,180.07767578659787,178.30541578932528,183.97306774311843,197.82090438024815,206.14696472407684,196.69127954877757,836.3934961024913
2015-05-05,161.3208573214952,200.29431767789285,176.01998257843584,175.93985640345005,180.71184681090168,196.95580561330422,202.87728469333896,191.64571226229538,845.2468897982997
2015-05-06,160.60205597467098,198.9210847544213,174.91461437087787,171.06083279179157,178.06291087049357,195.97848678444214,204.28980349410958,192.2546537289835,836.1032413211316
2015-05-07,161.20813817181227,200.856246789961,175.9965044157352,172.61324343412022,180.37906655617877,199.61655023827808,205.15302504537237,195.64736759117898,859.2164392584644
2015-05-08,163.3776613641543,202.89724484438057,179.3124171841685,176.4942454492458,182.6785800336193,202.8010241619194,205.36227444722647,181.20659268630925,858.5270322473737
2015-05-11,162.54614086764718,201.82334105728606,177.48585689508255,175.0897724344199,181.62365320501195,202.40822718791884,204.05439038717765,179.4667214855339,868.9769310513833
2015-05-12,162.06668864501592,201.10725143422817,176.85361323588018,175.01578722687114,179.27757477777476,201.55249347144496,202.6157279609187,181.20659268630925,888.026302522873
2015-05-13,162.01726563323186,202.03693847672994,177.050311796116,176.05072765509024,179.5304801021438,199.61187663213877,205.17918875045015,182.25050464390787,882.3659190434672
2015-05-14,163.7636961777841,207.11681351020545,181.18113744263934,180.07961811632646,182.7617527287406,202.1416889324458,212.84332709560886,185.20822648945966,885.7040566505497
2015-05-15,163.8895344793365,205.7078653261165,180.92827355345048,178.52717468640304,181.85992910317032,199.20504100152883,210.3583172621319,185.29525502881486,902.9028981747869
2015-05-18,164.38906126625074,206.1743569747708,182.92342575651574,177.45526624510563,181.91982571441025,198.8496507148343,211.5616067406379,185.03432009088166,902.5763096403958
2015-05-19,164.28329752898136,205.6628425151448,182.75483384253647,177.00887953640964,182.7883777055252,197.1989758380806,210.90765467081872,183.88064841966138,896.7345688280016
2015-05-20,164.13042925073245,205.66298252017558,182.74074454673806,177.00887953640964,183.86324450714457,198.20435414197007,210.69840526896462,183.88064841966138,886.6112585583832
2015-05-21,164.51414559355774,206.3991305060295,184.60945281431884,176.41363714755795,185.29419321143618,201.8377261514753,210.51527941300935,182.569709741632,891.2193127392757
2015-05-22,164.1466396970079,206.10622071963505,186.22524922915065,174.47910348223928,184.53214112745974,199.96726691883327,210.6722415638868,182.30754783690597,898.8753535566138
2015-05-26,162.45888719810165,203.61178495153297,182.12251823799386,173.32586541216958,182.09288167249335,198.95721500880447,207.50719627387073,181.1714196382493,897.8956917641634
2015-05-27,163.94743970138097,206.76650075207803,185.52278691786702,177.1204885089317,184.44228342856587,201.73952690797518,210.69840526896462,190.87235724537345,897.786794315792
2015-05-28,163.7397574954936,206.22798719730247,185.15742449831166,176.5252297262826,184.41899456265057,199.47159709519323,209.6520779413361,193.49414849849938,912.3731351863461
2015-05-29,162.705172885352,204.1778265409189,183.04988168289026,174.33028058967835,181.47058834807677,200.71545417952836,207.14100480072864,193.40677554741285,910.0146593717142
2015-06-01,163.04025788935087,205.76539085907163,183.41517215710536,175.70675299858948,182.7650888396099,201.50572173366882,210.01828949406763,195.59172357083932,905.116246598739
2015-06-02,162.87581610643554,205.67578087778205,182.6002113154552,174.55351492851975,184.342442961132,201.53845481483557,210.410664751877,191.74621591063809,901.1250357335973
2015-06-03,163.22092896789786,207.9124922715227,182.82501652194762,174.29309945723415,184.7883825626981,204.15711914636407,215.6421809124828,189.64879151843058,903.4471777951978
2015-06-04,161.81344754535203,206.3432508276689,181.75725174555885,172.47017476443753,183.59037364569556,201.4402555713354,214.6220172899321,193.05724069160027,892.3078719800975
2015-06-05,161.5810538335726,206.01943180562304,180.75962168502102,171.651681642947,182.87156318268046,199.64928331944483,214.8574103172746,194.54298984900237,903.9914574156088
2015-06-08,160.53489571876457,204.09905768781633,179.56531704602745,170.12641912906966,180.85827779220017,198.03599729180578,211.01226933195107,190.0857423767961,929.9348989980059
2015-06-09,160.60205597467098,203.9680815610398,179.03141067605299,169.8288225253399,180.41899763033874,198.9618886149438,211.01226933195107,191.04714619901293,928.8826735102156
2015-06-10,162.53609416082762,206.88358592517005,181.0827881625214,173.40026046465266,183.8932183768325,201.43558196519606,214.90973772743024,187.63869702584327,909.6518408950144
2015-06-11,162.81868370799256,206.40295075693763,180.67526577358117,172.7678369433568,183.04128302989423,202.4643461379736,214.04653625575696,189.64879151843058,912.2281116063892
2015-06-12,161.6798810077846,205.10192093928015,178.680137552296,171.0192909092459,182.1860371361546,201.03811138505617,213.26182589931713,184.49247433459922,909.615610952706
2015-06-15,160.93250403706085,203.33727838323347,178.32888841031917,169.19638261024664,180.69851514945842,198.1155021107486,211.11694423185182,184.14287490158702,908.4907179588529
2015-06-16,161.84818690870748,204.54235191201616,179.28432252880197,170.49847636047207,181.32084681997694,199.79425430072104,212.0324128749123,186.4150451959676,918.4326708954829
2015-06-17,162.1685882642778,205.86278123356783,178.86283075296373,171.0192909092459,181.89652406646096,200.05142750572404,213.9419416742141,188.60001474512725,944.8840583452597
2015-06-18,163.77449685884903,208.77421221269415,179.67768367660352,173.80953161609398,185.08455507209644,205.46644239303262,216.87153369811924,191.74621591063809,950.2541870433058
2015-06-19,162.90591852818196,207.49903718770472,177.87928998822434,171.50289153798082,185.53046910959458,203.37619880450225,215.82524652966964,191.13449762436628,952.5038692202893
2015-06-22,163.89880836255455,209.9269101094805,179.29833987926014,171.98655774190524,186.24927957260968,204.01683960941855,221.65834719076,190.34794733298855,942.634376168276
2015-06-23,164.00302645262093,213.6400885907174,178.48346297384026,170.79607296420184,187.4838706708689,208.5527170731738,229.87180286501604,185.4537059509504,971.2266521573879
2015-06-24,162.79706349650655,213.93852062099535,180.000874135884,169.7916413928957,185.87989157256212,206.14448988525496,232.43526365454753,183.61848651493534,962.155463564837
2015-06-25,162.3129743322663,213.15217958157103,179.14380128840915,169.8288225253399,185.67356398002372,205.7984468108391,230.1333997566153,185.0167766183181,975.2904267178697
2015-06-26,162.24965934501125,212.2542098151193,178.09005386247853,168.37795506394565,184.0462832337677,204.86322611361376,230.21185071266981,181.25881411506904,969.1220973710844
2015-06-29,158.8641264897353,207.6645877670609,174.97081567250098,165.0669162021211,180.11617846326976,201.0100519100288,224.4310573821456,175.8402381607122,950.7259029683768
2015-06-30,159.2864651632797,208.1870284999789,176.23532697268578,164.2484230806306,179.7135188287669,202.98807543664103,224.35258634650162,175.75281139529264,973.3674368860001
2015-07-01,160.3912824743776,210.13883940080223,177.87928998822434,165.36452919964825,180.79836839892627,204.5312038576159,227.33454593974133,178.28728351166507,976.5966770447111
2015-07-02,160.34187831194967,211.32129981589904,177.654508763512,165.1785415684405,182.1427955151933,204.6808484450315,228.32852577762478,178.46214780537076,1016.0379002568407
2015-07-06,159.72267696293895,211.27977468742665,177.03624648209768,165.1413112546042,181.57041603347665,203.89992810316966,229.00862147293228,176.27719978194432,1014.9494448267419
2015-07-07,160.69394658582553,210.30673909865948,176.60066541046106,164.8064843370381,183.0379597010589,204.21791170255815,228.14542000125897,172.9561450855944,971.9886228638186
2015-07-08,158.0179506188338,206.55178008204547,172.21696388385888,164.58333196718357,180.2659072093356,200.93523853541672,224.03872228351517,171.73262241011795,925.1090499203707
2015-07-09,158.37541923324213,207.0138657769276,168.70430459162955,165.62494467093387,181.2476185472937,203.12835497358654,224.64032686358922,169.63515496644408,935.849307316463
2015-07-10,160.32953198368173,210.7964595365317,173.2145100081664,165.9598043760947,185.0612534241471,207.39303841392078,230.05490864138184,172.6066102297818,940.3122341066756
2015-07-13,162.1037464791759,215.61652972316162,176.55855340463634,169.41958416149333,190.25924649142755,213.03249342506564,235.67875990061808,173.7427169027053,951.2338488357562
2015-07-14,162.82562027104996,216.56198724711163,176.48826280721485,169.71721355281787,194.4023127301006,217.70866826395778,234.58014532201287,173.83016519385805,963.8970960637179
2015-07-15,162.7059457089535,216.6291854855874,178.18836716992632,170.23806088918644,194.3291228035193,215.6605049688728,234.78939472386696,172.6066102297818,954.7897813395814
2015-07-16,164.00998186503446,220.52447923230304,180.56294710656528,173.58621530826568,200.25924521322415,222.34276280940452,237.64057595089656,176.45202102418364,967.6344897112544
2015-07-17,164.19140691782678,230.1262414367601,182.12251823799386,173.43739241570472,232.81825570995824,225.86391475699165,248.41745225550517,175.40325501374687,996.5894803663427
2015-07-20,164.3180368923368,234.0774154300386,185.56487494191163,174.55351492851975,230.56199663551303,228.2441003080745,256.1077543057417,172.16964860854972,1024.16565699925
2015-07-21,163.6177644625926,233.67974804419654,183.71021999745915,175.8928389925815,231.39727699217266,228.19732857029837,257.36331095563486,172.9561450855944,967.9609744349225
2015-07-22,163.22709270735376,229.84878084186002,175.94032709589214,169.41958416149333,231.31406595094947,228.32358728882593,253.8320741924767,169.63515496644408,971.9522891107872
2015-07-23,162.3006091546422,227.49886731228247,175.8560191480125,171.54010545801975,224.5353698692436,225.47579138913042,249.64686527990997,171.73262241011795,969.5212496008153
2015-07-24,160.563452493308,229.83634005392014,174.92864371222606,170.90769833052124,217.89313478233026,247.5660545996713,253.59664100595532,169.7225063917974,963.026331719639
2015-07-27,159.63619611699494,225.81691267061515,172.49792242841423,168.71271640632224,219.0578848469115,248.4966016907573,246.32485783901652,168.7611671467802,918.0335186657519
2015-07-28,161.61347472612357,227.5693808687501,173.35504323944926,168.67546969868857,219.5204410926543,245.98082804705962,249.25453018127953,172.43182127614233,960.8855469910268
2015-07-29,162.79629067290503,230.04825173097262,172.8070235918963,172.20982486834143,220.10941165447963,247.36965611267104,253.70127574667708,174.5292779569496,957.2570507918616
2015-07-30,162.80090876515794,229.42452653476983,171.93587343951307,174.4047084297562,221.1510707318136,250.99835451603693,249.0452406202465,174.96631491824795,968.0335381302624
2015-07-31,162.4311032471597,227.50552272188366,170.43253958237767,173.73507098842137,218.80163062963916,250.71312183600654,245.90633895571878,174.35452129190995,965.7113960686619
2015-08-03,161.9832990934779,227.01488475104205,166.41408056643044,174.1443421398627,221.20426955724696,250.18937469914775,246.24638680337253,177.32597655524768,943.3601169323983
2015-08-04,161.61888449133411,226.82145774387496,161.07488496689527,176.86010582524082,220.05953615788167,248.7257332589243,246.0371374015184,178.02511084407243,966.1831119937328
2015-08-05,162.12227539625587,230.3329065616536,162.1426977068442,177.00887953640964,224.05619697932417,251.11526602228577,252.26261332041813,179.8604486716201,980.1526095485362
2015-08-06,160.86534378115445,226.30678118198983,162.49554163719654,173.43739241570472,223.01126570129077,247.5847490242286,248.80980743372504,178.7243097100968,893.0698426865281
2015-08-07,160.40287482840017,224.94202111978896,163.0460074263179,173.88387748718498,221.09449744940903,244.38625428216932,246.66492576625973,200.83549980869003,879.9348795334954
2015-08-10,162.45734155089863,226.12366732949286,168.97395572687606,176.07881022999186,220.67849337142889,245.03156869322495,246.2725705880398,207.82710100573607,874.9639030651803
2015-08-11,160.90472008611894,224.73722194262584,160.1808561963134,172.65622797083478,229.7167718564153,246.64951048881193,244.88621549234702,206.7783242324327,861.2846602917367
2015-08-12,161.05758836436786,225.95784796206922,162.65084764501017,173.88387748718498,230.10608704744092,245.9247090970049,246.37718524917216,207.3026480418848,864.1874157267795
2015-08-13,160.85220577992888,225.42542803534494,162.52382814680374,173.84667996094342,228.45554299933752,247.67827466158946,244.38920549381584,205.55480155695628,879.9348795334954
2015-08-14,161.48145383575917,227.02472669559847,163.66700363066164,174.8510951384522,229.4072932496417,248.54804703467272,246.97880990883564,205.72952593339616,882.2570215950959
2015-08-17,162.3230021897297,228.23111362384788,165.3607048580911,176.0415635223582,230.9846729352318,250.27822673036923,245.69708955386466,204.4186733582996,925.2178435580191
2015-08-18,161.8968182475339,229.5757034158225,164.42918057435045,177.01528951118286,229.19429343536467,250.1847010930084,248.9405857999352,202.5580320313673,946.00884752839
2015-08-19,160.5603800482581,228.6427687566252,162.3262302698148,174.5437278314875,230.96135850524848,249.202708658007,249.3067772730773,201.76820982854213,926.1612754081611
2015-08-20,157.17252872217765,220.49212110936202,158.9952689343798,170.98620822614524,226.11609844773702,241.18774170191864,236.8819891403556,194.4838156084168,878.7374228443023
2015-08-21,152.166431897936,209.16762180349676,149.27066910185656,161.2872114609693,214.31909913247057,231.22281069424545,225.11115307745308,188.42815329120387,837.3369279526333
2015-08-24,146.1689908865248,200.20339463805797,145.54454798511378,156.08203325055558,205.69350139662896,216.67992192937163,214.72661187147497,181.75808197106832,794.1583629983287
2015-08-25,144.19249452567576,200.13290926442116,146.41960716765047,151.55082044398338,203.81663865483918,218.082770813401,217.1069468050512,177.9843195796455,798.3673687602133
2015-08-26,149.82088399333412,211.45527491407302,154.81751094423524,159.9391331091099,219.5470532874049,234.1688058374411,228.06694896561498,191.412136531268,815.8201832181401
2015-08-27,153.4611941707989,217.94203737577087,159.37631543810906,164.39539347408828,222.28245968770167,242.39888354327843,234.71096384740196,198.60872728564271,881.6765120323765
2015-08-28,153.55461157980034,219.20146086885651,159.89855467207343,164.5077729550869,219.53041107916027,242.23052669311417,238.05911491378376,199.4863099027521,901.5966478479454
2015-08-31,152.2660318957495,216.47560434200682,159.1505149877432,162.97234628683768,215.58035355361636,239.83633816180472,233.9262133317832,197.29225649417916,903.701202634249
2015-09-01,147.76254372815006,209.57256572921338,152.0370513705917,156.6062085277911,209.50381294464702,232.19078231082887,228.1715837063368,189.21799701976224,865.8564845303207
2015-09-02,150.46556024716028,216.3460213902908,158.5577453385565,162.3731857804136,214.61196109506756,238.74210782669377,235.12944257152074,194.9226607313045,898.7302261659339
2015-09-03,150.6408215604967,213.60886207093785,155.7772617831329,162.89750860182548,211.99633513521667,236.01589703938646,230.57806226540137,195.44924474274328,891.0378515955645
2015-09-04,148.33155866645328,211.83937780682479,154.22469333148834,159.56466598949356,209.3041447918133,233.34113159599457,230.86578270289948,190.88553099409603,877.8304285579146
2015-09-08,152.05216710105006,216.76460609024772,158.51541749671105,164.35795004088612,214.26918528977063,242.0107601754172,234.18781022338243,199.04755088279722,900.471858664815
2015-09-09,149.93901290822757,216.46671635218303,155.46674569462598,161.2872114609693,214.11280988603409,241.70679739444677,236.56814515695865,195.09820308560623,903.1569230138381
2015-09-10,150.7303842761687,219.2253179761061,158.88233873197177,162.11111453559323,216.66519034174172,244.2085502197264,240.59637183905846,198.16992521422142,901.5966478479454
2015-09-11,151.4067180236224,220.4568820022177,161.197048154635,162.82257255402902,218.06952685128272,247.57540181194994,240.77949769501373,198.78426963994445,907.9827720914734
2015-09-14,150.78751667461168,220.24341546815867,162.74965257894968,161.17493034275498,217.12779771562043,243.80640603344713,241.45953315155282,199.13531129708147,918.686695734534
2015-09-15,152.72231825969175,222.4644177178824,164.11867647673358,164.69495733350294,221.3207905790274,244.26934277592048,243.00287047771252,201.32945080858727,920.0655097567158
2015-09-16,154.05182932058815,224.09506449319383,164.30217306703406,165.89329474014846,221.47054488916123,246.61677740764523,244.44151282438202,202.73361743713542,951.5604373701473
2015-09-17,153.65729344734177,225.1955723896541,160.7877391230786,165.70601199894816,223.51710191409683,251.98503839536906,246.76954042739206,204.57662918857133,950.9072603013651
2015-09-18,151.1735514882415,223.97698172743742,160.12439109510942,162.82257255402902,219.9397429354018,252.635026412564,246.92648249868,204.40112988573605,945.6460290516903
2015-09-21,151.86377721116614,226.87399457484537,162.60845984871455,165.18177114652318,221.95636443675136,256.43675527223354,249.93460579699754,206.50742288002473,958.6358648140433
2015-09-22,149.99305401226454,222.50780831111325,160.05383669810698,164.39539347408828,217.37068192534755,251.7652540394807,243.15979246941103,200.89064873716595,946.8071519878521
2015-09-23,149.6857718085637,223.54010602932698,161.35235416244862,164.2830795682792,217.40066857706947,250.67569731050915,245.80172429458648,201.85592719136,947.2425341598915
2015-09-24,149.1823809036419,224.24294423872618,162.31210500134628,164.43283690729044,217.93973807822886,249.59083202586822,246.95264620375787,205.71755762573315,954.7171138335185
2015-09-25,149.11289275225292,221.109753529817,161.90275999711977,164.54521638828905,213.0279219697728,245.14846236128244,242.66282263005877,207.20957077149845,932.1844773642665
2015-09-28,145.28574775678524,214.44997644215067,158.69886612345135,162.11111453559323,207.73674787476315,235.70726065227666,233.35077245678696,204.48886877428708,901.4152905149571
2015-09-29,145.46486376345115,210.88256092583907,153.92833848412008,162.67276603362563,207.19099336983112,231.97099795494057,226.70673749541055,208.08726101727387,894.9566025760892
2015-09-30,148.2396869046549,216.52242812678318,155.67846884008344,165.74345543215034,212.43557695097616,239.36870997500068,235.15562635618804,216.33695521732648,901.3063930665857
2015-10-01,148.53229488460516,217.69402073659796,154.6622289182017,167.05418871359183,213.6435814185527,243.49776964633736,237.90215276290633,212.12430465154952,870.3920269212349
2015-10-02,150.65857765397521,221.50012193179606,155.79138705160142,170.64911896454154,218.63191078242536,249.02502243375545,240.83182510516937,217.65344753452322,898.2948439938945
2015-10-05,153.41409905449746,225.45475755514198,156.35593014563116,174.6185655164997,223.52045080700012,254.23427378359364,245.90633895571878,223.0947654260131,893.142406381868
2015-10-06,152.8636130332742,223.93364022687976,157.10398182085143,175.0679686839125,223.50710636352284,251.33505037817412,242.74129366570273,225.99094520032654,876.1250260013421
2015-10-07,154.09196902447607,223.0202210984731,156.35593014563116,175.25521863751806,222.96136464062482,253.42062036056515,241.69498641766373,228.360519437468,841.654727352166
2015-10-08,155.4508191081955,222.46248333019292,154.54934667935382,177.68932049021387,221.96301109442206,249.3149465581165,241.87807211444002,229.67703328039795,822.6416896337078
2015-10-09,155.5635382578784,223.60199052572946,158.24720526826948,176.41609621716407,223.37401982570162,252.41991566281504,243.89221557487411,228.79942913755536,800.7621783278764
2015-10-12,155.7619560052258,224.78838298552418,157.51330284329782,176.00423484573764,225.10112825735757,257.27846817028944,246.56027094594845,231.25674226324787,782.2207527237663
2015-10-13,154.6988146205408,225.09698129019444,157.78145511728917,175.59224232393225,227.34404288832556,256.67523405267923,246.19407947280635,231.69550128320276,795.5371770205103
2015-10-14,153.96921259265167,224.08397761754003,155.55143735098696,174.80581547010524,226.42557705451063,254.77204173887046,246.0632609474173,240.12084546622313,786.9377562583917
2015-10-15,156.25608245160757,228.2213650349187,157.88024806033866,176.0415635223582,230.62189324675293,263.0067752126558,251.00707675011444,240.73514684047979,803.0117566941371
2015-10-16,156.97024685682274,230.83582119521938,156.72292332623212,177.9139646956295,231.3873325697346,266.89735610354677,255.1399180933466,244.50901686056866,823.6939151214981
2015-10-19,157.01271445619324,232.35720580581304,157.69677545181824,178.32592442984011,232.92807894593213,268.0149544693544,257.57258043707844,244.07021478914737,827.6489479496927
2015-10-20,156.78958520295384,229.03777260925935,160.5760279685112,178.88769068445416,226.28911605971814,262.2773002147094,253.72741937216543,243.7191516062771,772.9682067982268
2015-10-21,155.87622080211173,227.83946176665984,160.56195066360283,176.753152691173,223.56038188116005,259.8877674513479,254.01515988925306,240.5596690633777,762.300565002836
2015-10-22,158.46806381864204,232.28340434711137,163.01779286205098,179.86128552289983,226.66851239237369,263.6941699171567,260.71146202201663,249.24820838631803,768.214973321293
2015-10-23,160.21602116104117,242.7766474769042,168.07059804384215,197.98598920501232,239.37730531971638,280.11690080333403,267.3031294140585,250.91574236065185,758.6721207090325
2015-10-26,159.90951178094184,246.0105093031955,162.70727677354407,203.15375676981864,243.30075065050966,284.59667715522585,271.43603099605906,249.77477087202357,781.059681692966
2015-10-27,159.5010839322245,245.20513434119513,161.67693556497386,201.056678603537,243.86645791048767,285.71896696536425,271.2529252196933,249.5992500434551,763.2439449476165
2015-10-28,161.38958207396072,247.58548362350146,168.33877429961362,202.14262013538655,245.23088890993665,288.5667450268683,272.5608092797421,251.61789025212556,772.714233864537
2015-10-29,161.31699320348767,248.70274342872074,170.1171791742941,199.82084858229717,247.86979095366883,292.9857288225661,274.33949947406535,242.92928635198555,767.8884366922633
2015-10-30,160.5410783075766,244.46035070413018,168.66341565658905,197.12464269718623,245.38728987774113,292.681783879787,266.72772869824126,248.98497019493163,750.8346706533445
2015-11-02,162.4473136934352,247.63821495009702,171.03461416223638,199.371560171466,248.83151119047903,293.827441720622,270.2327816767321,251.8811499692451,775.7258867479513
2015-11-03,162.89048090550799,247.55585886582296,172.9964916454373,202.779322437797,249.19094198605455,292.4058805738439,268.3232930366092,250.12587710636026,755.9871082653708
2015-11-04,162.3129743322663,251.4513492389221,172.19195088723293,203.71549023683792,251.35064557579932,299.71943200701327,271.88071358443466,246.00100848060075,840.457374473696
2015-11-05,162.1292119593133,256.83696236065634,171.3982379027358,203.64061976423096,253.13440398206373,306.59341472840595,284.48862757311156,243.19252454337192,840.9653203410753
2015-11-06,162.07285238447182,256.09061440601755,171.59665116024752,205.66274548891877,253.44385702476941,308.33292379818977,280.14645650966736,276.8938151725207,843.106156975049
2015-11-09,160.48085461472766,253.81776489555605,170.90206686372096,202.81671668960706,251.17093017801153,306.5186013537938,278.55085201212046,275.6650832696082,817.5981494700528
2015-11-10,160.72327618397046,253.59631392686777,165.51578303899396,200.3826312307086,252.3323824778254,308.47791261765735,282.26521463123385,270.39926468095365,785.5589422362101
2015-11-11,160.20444765637473,255.7476278770502,164.58024180708946,200.90685568933623,254.65845702188065,314.8234567578605,285.14253948375176,267.7663446237598,794.9203337047594
2015-11-12,157.96312726651726,253.2815626170126,164.0274497853001,199.67115681847542,251.75667966727343,311.2461858602187,282.5529551483214,266.80085091223367,772.6416701691973
2015-11-13,156.19277688903063,246.03356490437207,159.23644170577845,197.87365890540582,246.2791435168054,300.37409363034755,271.9068973691019,261.5351399522452,751.7781025034865
2015-11-16,158.520559275476,248.50340092490316,161.84456820774983,201.356258856749,249.72339039361123,302.92727396135126,272.14227031685493,266.80085091223367,777.6125947321508
2015-11-17,158.3082401279796,248.61800231556447,161.1500198838934,199.69745246946326,248.245863957489,300.81833594826355,274.9934515438845,266.80085091223367,776.487857454382
2015-11-18,160.86688942835744,254.72443128131866,166.2528270771564,203.0150652440348,252.9147063819801,310.28288784977457,281.8989829989128,273.3641330699301,802.1409404446965
2015-11-19,160.6862183498105,253.62630545908905,168.36483050367315,203.354367668284,252.89144308013275,309.2214084340217,277.94924743204643,274.1569688754042,804.7897229460498
2015-11-20,161.2984642864077,255.9937352998926,169.10188653272562,204.29679789792172,258.56858347326465,312.57891281396667,280.7219375438425,276.5355623947594,798.2947531595117
2015-11-23,161.09928314013686,255.64366465273753,166.90483172314666,204.29679789792172,258.4688069160007,317.50760508991385,279.7541214110369,272.39508761242485,790.0945365324857
2015-11-24,161.29614581560315,254.1195523304936,168.5065868057402,204.52309787687207,256.1160434849909,313.8414643228591,276.58905604143143,274.5974930054821,791.9087327267067
2015-11-25,161.27531727707478,254.06100187434663,167.30177814707054,202.41183907586196,255.99292693367568,315.80077558672264,275.7258344901687,274.245095227153,833.2367158283972
2015-11-27,161.37105315688075,254.41270212551217,166.98989509709895,203.31669472191857,256.89472499517797,314.8281303639999,275.830449151301,276.5355623947594,840.384810778356
2015-11-30,160.62213053895397,252.80977833499807,167.68449138451552,204.90004045989193,253.85983553868158,310.8721189871582,272.6654239408744,279.4428063959411,835.4863980053807
2015-12-01,162.33766698880217,258.1949683733479,166.3236932372999,208.1799966818954,260.82821700468116,317.54032033288917,280.1988240790019,288.5167424462166,860.6315351283159
2015-12-02,160.55265181224308,256.2010750228898,164.8211987424674,208.14225816034053,258.85147544935563,316.1140855799718,277.4522374335152,286.3142724759598,841.763572895176
2015-12-03,158.2449439900807,252.64525969613126,163.29033380179743,204.33458560086873,255.64016835983878,311.5501486411892,273.03163549360596,285.69766784825003,844.376073548859
2015-12-04,161.49302734042558,257.3122748944504,168.7192212588408,210.78131526780578,259.30403614452445,314.5382240778302,277.7399779506028,297.3264716471114,835.9218320827817
2015-12-07,160.3642713470372,256.1317828739469,167.65610894778803,210.40425792820434,257.23419025367355,313.2242272250223,276.24896803459876,291.68825787397867,838.6431263741134
2015-12-08,159.32352299743968,257.1275307561002,167.58525477853456,210.32886285408142,257.9496518237853,316.7313583541914,278.55085201212046,295.6525445300152,822.6416896337078
2015-12-09,158.09052063995074,252.74522510633722,163.88569348323304,207.27517382343356,253.75995672514574,310.86740970463615,273.60709644819167,288.1643446678875,814.6591121873399
2015-12-10,158.44644360715606,253.8146612613069,164.66530518104176,208.36850895789877,252.92470193255406,309.71242248971384,275.7519981952465,290.54302429017554,823.9116062075179
2015-12-11,155.36897520386051,246.8713494400259,160.42711310508955,203.80675450681883,249.72339039361123,299.34532945757,267.1200637968717,286.22631833007665,787.4457540311325
2015-12-14,156.1078416902896,251.5518187013309,159.43487894507027,207.87836720401165,253.75663339631043,307.6502205380195,273.76405859906913,286.93104930953524,793.106085605177
2015-12-15,157.76548234277138,251.15770044870055,156.61418993533854,208.1046016077725,252.9413441407987,307.9915721681046,273.47631808198156,290.4548979384267,802.2135041400364
2015-12-16,160.05544349613334,256.69547358340486,157.81895063044803,211.6106938707526,258.4321480425401,316.001883356245,279.3356025277392,292.21675767567285,850.9072732777055
2015-12-17,157.64812625147943,254.6417529695571,154.47382805387434,209.98959321742697,256.1826123179694,313.6076769867442,277.8446327709141,287.81190383809206,846.8433949065009
2015-12-18,154.84242786492777,249.50602155401253,150.2923169151469,204.07064546314774,251.863128446276,310.56348260004836,272.14227031685493,283.1428646768638,836.2120868641416
2015-12-21,156.0468545985172,251.41821765068838,152.13500495133826,206.70970257061302,253.17763282099105,310.7364773799693,274.0517388773883,289.83827178498376,843.8317939284483
2015-12-22,157.42267852743552,252.60235389304756,151.9932486492712,208.6701220419852,255.28411202123453,310.10054585757507,275.98741130217843,290.1024571086312,834.361556916889
2015-12-23,159.37756410147662,252.53693546284325,153.9493345325822,210.44199644975924,255.74329381000607,310.3577369007694,273.68558756342514,291.2477337439008,833.4544069144171
2015-12-24,159.12277735460972,252.54441533388768,153.12726309313763,209.8764924093439,254.85481462791307,309.9321890074108,274.7056909472074,292.21675767567285,836.6111871885109
2015-12-28,158.7761188459444,254.64487154752496,151.4121341452045,210.93205623465948,260.3123852413011,315.73530942438924,277.08604596037316,291.952529300559,830.7331126230855
2015-12-29,160.46387134485067,258.80509427407355,154.13364650340552,213.1940887901181,264.21254170617914,324.51252013597343,280.56495531337566,296.70973786500247,860.6315351283159
2015-12-30,159.3057669039612,256.95750157831594,152.12085570108965,212.28929871925098,262.9945928161645,322.22116877792064,277.8446327709141,294.15491316788297,863.8971609454198
2015-12-31,157.80639487026082,253.24463810839828,149.2009180944869,209.16019822068282,258.90472540292484,316.057966629917,273.76405859906913,290.3667070094783,870.8637947516672
2016-01-04,155.39136823894802,246.5816510190244,149.3284532009651,206.59658536873255,252.72502099768636,297.8676671989286,267.381620529292,285.1690388921566,810.6315156638054
2016-01-05,155.70405078318132,246.66625690004872,145.58638420046753,207.53906477976244,253.42056815885408,296.3712926775384,268.7156482148291,289.75010238176856,810.7040793591453
2016-01-06,153.66193038895082,245.1562552552936,142.73731275400826,203.7690979542508,252.68843881642965,295.8381983284009,269.34341649998095,277.76900843324415,794.7752063140796
2016-01-07,150.020074564283,235.59598678613543,136.71317353353962,196.68140359758604,246.58859655951102,284.28336716197674,256.13389793123,266.75698146795816,782.4747775628174
2016-01-08,148.3941008301068,234.44973321181982,137.43605633056342,197.28464615955625,243.23085848869573,283.8672021572795,254.59062084383874,261.03057676587696,765.6024726676098
2016-01-11,148.52072137993875,235.3453871564215,139.66144561330975,197.17151256387842,243.94969451577884,288.8660163635081,255.06146713729208,261.4710578444884,754.1728601657884
2016-01-12,149.6795986444297,238.55075551568459,141.6883856658742,198.9811910683969,248.03286414321195,288.9361739701722,259.9267516655769,265.8759116820692,761.8651828307965
2016-01-13,145.94277976355744,229.74661592080153,138.04554128046757,194.6832947860511,239.45716746803626,272.06452715993964,249.64686527990997,257.7710210892989,726.8143746189012
2016-01-14,148.37942660635625,235.662012567709,141.0647154930513,200.22531635110795,243.39063391347148,277.2971643786659,257.3110036250687,252.57333144624408,748.1133244566514
2016-01-15,145.1745648296273,227.96514940795242,137.67704923861146,192.23288110496816,236.43554576281326,266.62614424193436,248.41745225550517,238.83018402887464,743.7955250571185
2016-01-19,145.25177179235322,228.37882648838374,137.0108114061423,190.61173127025043,239.29409427849316,268.6369008497133,249.17603906604612,240.76833952108473,742.8158113593067
2016-01-20,143.55321861238204,227.20405598028765,137.1950993951855,191.47884839475216,239.12105110244406,267.3696400582988,246.79570413246984,242.08980428265227,720.9725819011455
2016-01-21,144.29904051122472,227.28645354332485,136.500539080439,190.31013457996139,241.81992644962006,268.88940044857696,246.29871421352817,244.90883582915242,725.5806879873995
2016-01-22,147.22595910707582,235.56857784671354,143.75788138719489,197.13382322371567,248.0727952173719,278.87771732513824,256.18626550056456,250.63515442830075,734.9420794559488
2016-01-25,144.9236422007679,232.89758624585258,140.95131764593168,195.2488152202638,244.132707678334,278.947857093611,253.75358307724326,250.37092605318688,712.5545703773766
2016-01-26,146.97349083101346,233.70654622303576,141.7309053619603,196.68140359758604,244.18928096073859,281.15501218839023,254.61676446932708,252.83760287282436,702.3223626593867
2016-01-27,145.37684669498216,226.7845246554068,132.4183125112527,193.09994904807778,238.79495585149374,272.7846549456074,247.05726086489017,249.8422109941606,682.4021749384565
2016-01-28,146.1805738158693,245.54965882315253,133.36799100251574,196.26672249301132,249.0178988100054,297.1007676754848,285.40409621617204,247.11132732514244,688.316531351552
2016-01-29,149.8000366054496,250.15653146266166,137.97466312943405,207.68987132180564,253.3606204194782,274.4914666106072,293.51293722929574,258.0353140416125,693.759223744938
2016-02-01,149.73363974846666,252.60169557393786,136.68479109681212,206.257266550686,256.49538868951043,268.79120120507685,301.0462369694759,258.12344039336125,714.5864576576175
2016-02-02,146.92716853831348,248.76661879211497,133.92078302430514,199.81052048995159,259.8698200967063,258.17160857406935,299.7907405583511,247.199432151158,663.2076760762868
2016-02-03,147.66063468421012,243.5642700396498,136.57144121325265,196.64374704501802,249.3773296055809,248.33760989106307,294.76847379959946,248.43277056097673,629.4631181912331
2016-02-04,147.88607298357599,240.96167708971686,137.668775524483,196.04055366443995,242.9379965260988,250.76454934173057,289.01384417415306,248.52081080979272,636.1757790637907
2016-02-05,145.15295404281935,229.062047401972,133.9918770113594,189.1037150312105,234.1959544606806,234.80477303621802,272.22076143208835,232.8396370546124,589.9856131314336
2016-02-08,143.09846847096472,222.94938997377614,135.40278508805721,186.27617843533665,234.32906656256978,228.2441003080745,260.9207315034603,222.17990023898943,536.9739926888702
2016-02-09,143.00350541476027,222.2241614143773,135.37428274242927,185.7861514380311,233.28413528453638,225.42436388340636,260.37145433354186,224.5584937583446,537.9173726336508
2016-02-10,142.9764848627418,224.19577072547403,134.34821029071372,187.4072029099646,235.22419240233344,229.35702506774277,264.19039145460863,224.02992937945078,521.2990925774943
2016-02-11,141.21770798992165,225.95984917034167,133.53582749042243,187.3318570172338,235.06119590499418,235.5950405903585,266.5707665473638,222.8846096927148,545.9725137753585
2016-02-12,143.97400221404538,227.0213282780297,133.94914147925255,190.38549686648958,235.23756240987868,237.11947458677605,266.83234335937357,226.6728158511194,548.0407348086308
2016-02-16,146.3519710111982,229.48410097657495,137.7257802157389,193.99278804065924,238.8149213885737,243.6754737087803,265.7860361113345,237.7730767968202,563.0262798142775
2016-02-17,148.76391577278306,236.4976036722742,139.8349537922059,199.04283174652304,243.58361706253265,249.75449743170182,275.1765372406608,243.67551894506687,612.0465336756146
2016-02-18,148.0698259318509,233.07856973770913,137.18419967613804,198.16953416041133,238.77166698557843,245.49917904183764,270.65128048044033,264.64255174651726,605.1162336223986
2016-02-19,148.06597123852146,234.44845862056582,136.87068586512083,196.7646513006511,240.3024433752699,250.12859998114502,273.52864549213723,268.1664434268752,604.4268266113079
2016-02-22,150.20614598336243,240.01837978543477,138.06780836327408,199.91624408921635,242.6119012751485,261.6319858036538,280.30343874013425,277.68086055576214,644.9202753112278
2016-02-23,148.3354227844608,235.7950874630817,134.94671158534015,194.33445117173028,238.6984259308612,258.56440554806994,275.8566329359683,278.3856561124203,642.9972335739968
2016-02-24,148.99400043843602,237.93897841926346,136.95620489289468,195.01794137184606,239.8997581766991,259.0787876344587,279.57099555508165,280.323768553164,649.4921514551734
2016-02-25,150.68482538239218,240.8117574413399,137.89680628039653,197.82782184794817,242.63521570513177,259.59784332698683,282.6837335145315,280.940394706607,680.079929066133
2016-02-26,150.40302750818486,240.01043631818658,138.11055588627096,194.7901495573347,241.2175858802495,259.63525001429286,282.29135825672216,279.09036556614564,690.638725318514
2016-02-29,149.1816080800404,238.2671303810943,137.79701809347367,193.1953609487943,238.67516262901387,258.36800706106965,279.6756302958035,277.2778557786638,696.4079543409297
2016-03-01,152.74239282397474,245.39938512796283,143.26961234471722,199.65041866479734,246.9779884427405,270.76922473168906,287.2612976053182,289.56795162737234,676.1612299909698
2016-03-02,153.3677673371194,245.9410486822899,143.5831141648444,201.05530152455756,246.08276034670502,271.31633989924455,287.60134545297194,291.24781984683364,683.3818367309069
2016-03-03,153.9043613828717,245.20759340682866,144.65199409400702,198.77705550349614,243.45715161831416,270.04442333988203,286.6335293201663,288.6837390844352,710.2323245050532
2016-03-04,154.41315262832595,244.29454679180736,146.80393917525097,197.5619636359344,243.00126759431004,268.94551939863175,283.5207913607165,287.79956959296453,729.4631571202542
2016-03-07,154.5498104602994,239.53811667602602,145.17925751089865,193.76494704475573,237.20423172242639,263.17511422462866,276.56291241594306,285.94280289800946,744.8840323925789
2016-03-08,152.81265379896521,239.79704717327203,143.9821589945255,196.11911274145604,237.4471670602894,261.9873760903483,277.08604596037316,280.7261060325329,735.12354059966
2016-03-09,153.58472342622485,243.2289540135768,144.1103895726261,200.63765314265817,241.40057347873665,261.6179471470444,281.2189274627842,280.5493797629048,757.3296404398824
2016-03-10,153.6086526838373,242.46247925618286,144.18169939570112,197.6379488867628,243.65016033144323,261.3654475481807,280.7219375438425,280.10717662563684,744.4849320682093
2016-03-11,156.1271434309711,246.80759345592128,145.73505924608838,201.5109835163646,247.87646317540748,266.35958814826995,286.1888467317908,284.8817134053118,752.9028916866167
2016-03-14,155.93027133082674,248.32422772536802,146.10560173014153,201.89063107595112,249.66349378237132,268.11784515718523,287.4443833020945,285.58904899848835,780.660529463235
2016-03-15,155.64383651501038,250.25075854167403,149.04139129337878,203.4854360782889,249.77329145427717,269.8246389839937,289.484670388017,284.1744639150681,792.2352693557364
2016-03-16,156.51549671540545,253.0628106089415,151.02234628263523,206.3712198362325,252.03282272942187,268.5386837680218,293.4344461140623,292.6625340846532,805.2613869657591
2016-03-17,157.54775343006446,251.81057464685028,150.7800703493528,207.5483436690761,252.40554684033873,261.6039263286264,290.40015911066695,290.1868810342684,821.408003002206
2016-03-18,158.2418526956747,251.18963517574596,150.95110840490048,203.105772124905,251.3839299922886,258.1622613617907,291.5249775535289,298.9401482369617,844.4849190918691
2016-03-21,158.39781226832963,252.64513594168446,150.93685123664147,204.51070416605734,253.6301679520919,259.05072815943134,292.57126472197854,299.8243607798988,864.731643441829
2016-03-22,158.25883596555167,253.32527640367482,152.0912382026879,205.30804928893542,252.92802526138937,262.09024893998776,293.61757197001754,299.2938375592832,849.927611485255
2016-03-23,157.2481900377006,252.97906475882047,151.25034106587862,204.9283525479568,252.0993915624004,266.36895319874003,294.3761186213796,304.4220851870129,807.6199146857526
2016-03-24,157.1887391684531,254.40085283609926,150.5947751255461,205.83956898739447,251.19427017206277,272.59760367088575,295.71016638650616,304.864202221348,826.3789794705212
2016-03-28,157.27444719079563,254.28621877380942,149.91071883047573,203.29562869229304,250.67511507984744,271.1573480995503,297.3842419196971,307.9587631528957,835.4863980053807
2016-03-29,158.66108122545697,259.39956654414067,153.4593028292685,207.73818384266676,254.87145683615773,277.6993264031365,303.79282361496263,312.9101768823312,835.0146820803097
2016-03-30,159.3513069483816,258.8768247492684,156.13859526363441,209.02917899207,255.6867716557374,279.95790900363977,300.02617374487255,316.1816362893726,823.2585329494586
2016-03-31,159.0262686512023,258.01853606775495,155.3262484360132,209.71263640459105,253.87645218285826,277.59643571530563,298.45667271363504,315.03211908466125,833.7084317534682
2016-04-01,160.03305046104583,261.43926324498096,156.75144965364015,211.00364794779165,256.12938792846813,279.8690569724183,303.58355413351904,319.6299080689749,862.0828609404759
2016-04-04,159.51961284930448,258.3607533077161,158.36183817706336,210.47209546173784,254.61522818295333,277.3860164098874,294.4022823264574,316.53528256022764,896.1902892075907
2016-04-05,157.90136735114334,256.92387849514876,156.49486858853854,207.16858135290798,252.43550792799266,274.08930458613656,293.53912101396304,316.09323010309214,926.9595798676231
2016-04-06,159.560534801472,260.89876086874176,158.13384339381997,209.2949552350969,255.5969139568435,281.54313555625146,297.4365693298527,316.53528256022764,963.0626654726702
2016-04-07,157.64967189868244,258.3385683060043,154.68491568215964,206.78893379332143,252.95133969137268,276.5630157745802,297.2534434738975,313.26384467891944,933.2368066627799
2016-04-08,158.0889749927477,255.15157793665688,154.85596572859734,206.63707804824628,252.73506767639623,278.045351639361,289.3800356472952,315.29744527216866,907.3659287757225
2016-04-11,157.6558450628164,253.55052767937286,155.36900794990015,206.21934769735998,252.09274490472976,278.66728018152855,285.09021207359615,317.24268273060386,906.8216491553117
2016-04-12,159.1791369294512,256.2102824560102,157.3927464348236,207.51037563435796,254.34895285103906,282.05284403650086,289.32772831672906,316.88901493401556,899.2019420910049
2016-04-13,160.77731728800742,258.41292387552573,159.67294607594826,210.1683675777902,256.874785022166,287.50057416678476,289.06615150471924,324.84647578005223,923.5487747544779
2016-04-14,160.80512008830544,259.0269838380673,159.7584890855022,210.20625364352145,258.03283730094057,290.2735566918682,289.9293328968031,325.73081747738854,913.860846656899
2016-04-15,160.646842044846,258.28650865127094,156.5518972615745,211.30745780072618,259.5669370194674,292.67711027364766,286.79049147104377,328.29481213685415,923.476211059138
2016-04-18,161.69763710126307,259.9946742347674,153.17426738209912,214.3830981260578,262.12265358604435,297.1007676754848,288.90918935384184,326.88018400196745,921.190298939846
2016-04-19,162.1963910645758,260.23055754022994,152.36201648159826,214.1172727016388,258.319001477731,293.61702241520373,293.7222067107394,321.044579255328,897.5691032297722
2016-04-20,162.31991089532366,260.0755884490494,152.67551830172545,211.07958401722792,257.8764107690681,295.99719012809516,294.06223447880365,322.28243806912025,907.0031102990229
2016-04-21,161.47681689415012,260.9892623025181,151.02234628263523,211.80109143345396,259.5669370194674,295.0666251988178,296.7302697702885,321.92877027253195,900.9073446475775
2016-04-22,161.48454513016517,252.67302540973665,150.60900831202503,196.61271358658908,245.51372975789167,290.1566451856193,289.1969298709294,320.6909975616726,920.7186868254979
2016-04-25,161.1919277255368,252.74891609123694,149.7539499340771,197.86580627646367,246.99128175808184,292.82206341673253,287.9936805516024,322.28243806912025,913.715719266219
2016-04-26,161.4938001640271,249.6385844991714,148.71360832321253,195.32166925579372,241.38730572746329,288.46387217722884,284.48862757311156,322.547699679428,920.6823530724664
2016-04-27,161.76016041556045,247.12807764222853,139.407442589567,193.42318555090046,240.08612023215755,283.64274419525185,284.8286754207653,329.88631722150143,912.4458026924091
2016-04-28,160.26698982002821,251.77491916110802,135.14627596829584,189.4743132146466,234.62854961876945,281.5057288689454,305.3361207819434,320.07196052611044,898.8027898612738
2016-04-29,159.4555438878041,254.74055475840558,133.59290412701853,189.36027796011322,235.5670065537323,308.4358144860206,307.5594935646422,314.1480572218566,873.5850890429989
2016-05-02,160.70088314888295,257.8227180087619,133.45034443531873,192.1701912238101,237.74002902288638,319.7802263470265,310.14907790007254,318.30364306890226,877.3587126328437
2016-05-03,159.30653972756272,254.88397974159363,135.64503703955955,189.0185492538527,235.75336860919074,313.9209869799933,307.16713838642227,314.50170349271167,842.9609776790077
2016-05-04,158.36075443416965,254.82222632944683,134.23415294464183,189.36027796011322,236.72843328947818,313.7245528166103,308.8150301349459,307.3398983231992,807.5472990850512
2016-05-05,158.32290492705206,253.46081843315284,133.68929889205972,189.62610338453226,237.83990783642219,308.2019914735229,308.16107806512673,309.19666501815425,767.5255663102023
2016-05-06,158.82552300837233,256.74689168099445,132.94368136751785,191.3348124910244,241.32406022332003,315.15078756952767,312.5555564591371,312.3796106102492,779.8622769091344
2016-05-09,158.9451975704688,256.3360382247508,133.04405710805273,190.11973701726004,242.6385390339671,317.862977538417,311.901604389318,311.9375366273804,758.0553292986431
2016-05-10,160.92941274265482,260.0649552260602,133.94736682752645,193.72697901003758,246.04952705835163,328.76782068764624,315.1974481251336,317.9500398495136,757.2207948968725
2016-05-11,159.39068325334608,259.04964516371285,132.64262609125345,193.8408667203946,243.1110652662159,333.51880890115046,312.63402749478104,318.83416628951784,758.200456689323
2016-05-12,159.3636721260057,259.6737573056379,129.5311939706927,195.58749468021276,242.2857804601302,335.71661678365103,314.62198717054787,314.50170349271167,752.1046910378775
2016-05-13,158.01254085362325,258.5175029742411,129.78930986971957,193.95475443075162,241.2075903296755,331.97098903584487,313.392614305322,362.3356496816075,753.3020439163478
2016-05-16,159.560534801472,259.1653064788237,134.60696170691278,196.80258654777447,243.02785422499267,332.3170499484521,310.4106346324928,373.03419739420235,755.7693652739896
2016-05-17,158.05886314632323,255.57492985336725,134.04777854073146,193.13193334675438,239.66349506057472,325.1204100215316,306.9578488253892,373.830003750859,742.5981202732869
2016-05-18,158.0912934635522,256.96435784740726,135.58196495794286,194.2790073490115,240.19262013929605,326.1398269820304,307.7425792614185,383.3791203616754,766.2193159833607
2016-05-19,157.50529525537203,255.6805402391395,135.06576913255924,192.4054094285319,238.03953764315398,326.6401525736184,305.5453701837975,385.05894552967027,780.8782205492547
2016-05-20,158.4533990195696,257.5157568651919,136.5282620182143,193.5525490059785,240.1693057093128,328.6415619691187,306.9578488253892,391.95570434620697,799.2744668573237
2016-05-23,158.1229509571797,255.21505476300325,138.26317593471535,191.29653297415615,238.68513261551988,325.81249617036326,303.3481410265871,392.5744830729706,784.5429985960897
2016-05-24,160.2862915607097,259.73150080097037,140.37086264081725,197.26139975487996,243.93635007230156,329.296223592453,307.87335762762865,402.10405431803514,790.6750460952051
2016-05-25,161.40424687303317,261.27451044997304,142.83706496826102,199.28791901726396,245.6235529938655,331.23684043175916,308.3703676261598,400.41975179753325,796.7345818043419
2016-05-26,161.37028033327923,263.3687843391902,143.96980837778307,198.4085557261239,245.234186674704,334.30440284915164,312.5032692081604,404.6747865319945,816.836178763622
2016-05-27,162.0620517034069,263.8866552204012,143.88374975995737,200.05265687716522,248.7849334586484,333.0558721586771,312.2678561012284,406.89090381710446,809.2889834892939
2016-05-31,161.8991367183384,264.4101252800783,143.18117953066337,202.65274592827254,249.20093753662852,337.98923804076367,310.7768662648138,414.16018697251866,809.9783905003844
2016-06-01,162.08289909129138,263.54080529308976,141.17384458331628,202.0791433519545,249.0711487635747,336.42272375090073,310.6983751495804,414.95797369663035,796.6619662036405
2016-06-02,162.54073110243664,263.398907921611,140.11284266891073,200.66442421376988,247.6768078046077,340.537744765628,311.09073032780026,417.8832347365062,794.4848996273583
2016-06-03,162.0674426192613,261.88100360652817,140.39959281335598,198.0261212209838,244.87813033609976,339.2751932567355,309.8875211676522,412.03245434795593,794.5937451703683
2016-06-06,162.86113245800692,262.5108797623878,141.41761937785387,199.32616574653747,242.94801764074072,339.8316377983783,310.7245589342477,409.9049800321917,800.7258445748452
2016-06-07,163.0711331346988,262.2458988772806,141.99113165763444,199.21147474010914,243.29078066400368,338.4334803586797,308.03031977850605,410.7028098077699,843.0335413743476
2016-06-08,163.6108278995352,263.66961298967607,141.86208569901103,198.98204354586034,247.23084263897363,339.7895753431243,309.67823160661914,409.3731222161173,854.5719994191791
2016-06-09,163.32978399957327,263.29414097523664,142.88011226350892,197.3760743675109,247.09440720824912,340.2618592978763,310.1229141949947,420.0108382066697,832.2207721882769
2016-06-10,161.8312036388305,259.5538231665385,141.70436952229912,196.84080048945322,243.98960002587083,335.70726957137236,305.04840034444527,409.5504512062752,793.8681082169691
2016-06-13,160.5179124488876,255.32972308788788,139.56795264365851,191.717181420975,243.55370710301463,334.45873888089784,298.0643376150046,414.7806447064724,790.5299187045252
2016-06-14,160.22915916226677,256.1063862227411,139.74003390663975,190.5318770832418,244.00953999888287,336.3572575885673,300.65392195043495,415.57856058498334,779.9711224521443
2016-06-15,159.93422328683386,255.49088990176915,139.28119050832322,189.99653762999463,243.65683255318186,334.00047574456386,299.7645567736838,419.8335522679781,789.9130753887744
2016-06-16,160.43529572095113,255.77289401220264,139.86907986526316,192.6730053830673,241.01460718061435,335.5202182966507,299.21527960376545,421.51785478848007,790.7476616959065
2016-06-17,159.91260307534785,252.1191645421275,136.68600217670627,191.67896747929626,234.35902765022374,330.3203141590912,295.6316551916833,414.16018697251866,781.8216523993967
2016-06-20,160.84140509886393,253.09056194703027,136.35622871879318,191.44950349745272,234.98463152144166,333.88356423831505,296.5472242326911,421.606626912225,797.1699639763815
2016-06-21,161.27761689852318,255.3774590077124,137.51759438284358,195.73195682267223,235.89977402642123,334.72995074251025,299.18909581909816,419.0357224924001,796.8434273473518
2016-06-22,161.01125664698984,253.05125519372461,137.0014465210201,194.96725175036576,236.42887354107464,332.28897263523334,297.9596827946933,418.6812367179499,713.5705659228586
2016-06-23,163.1630237458534,255.8280990640494,137.79006337724977,198.48500000327874,237.89308109778756,337.65723362295716,301.0201335031665,429.8506813701775,712.6271340727166
2016-06-24,157.3022405664156,247.856923206596,133.91873258210808,190.5318770832418,228.01954782020943,326.84593394928015,293.172889381642,405.38388723529397,700.8347030941953
2016-06-27,154.45562022769644,243.2045188741934,131.96875006182802,185.17872845773056,226.66851239237369,323.2920310823349,285.03790474302997,401.04020953148705,720.4283022807346
2016-06-28,157.20032209779762,249.42328096728596,134.19114162206404,189.0405989113207,230.0362460137629,331.04978915703754,294.79461742508784,406.89090381710446,732.1845033169473
2016-06-29,159.8778637119924,253.01770535182558,135.35254325878455,193.24659156558798,231.34405260267135,334.6270600546794,298.6136348645125,413.5396861870984,762.6634353848971
2016-06-30,162.04661408073292,254.4636244666515,137.07312806168642,195.6554305765305,234.1193900771281,334.6364072669581,298.9275190070884,416.73096223794437,770.2469125068953
2016-07-01,162.36237849469418,255.49055602613575,137.48891217386503,195.6172658162439,236.35568361449333,339.34065941906897,298.6921059001565,413.628200002045,785.5589422362101
2016-07-05,161.25060577118276,255.0304436976165,136.19850055119124,195.6554305765305,234.57200190043278,340.47227860329457,298.71828968482373,419.74482319569955,776.4152418536806
2016-07-06,162.11377433663932,258.3772585030645,136.97276431204156,196.45848074089471,235.92973511407519,344.91933971221107,305.25760958712044,422.4043705848703,778.0843106572217
2016-07-07,161.97247956305685,257.6549011832007,137.5606176963114,196.45848074089471,235.36065339712593,344.43299926265837,303.03425688401114,433.3964431954736,783.5270030506078
2016-07-08,164.44310237028768,260.95071631518516,138.62165558338708,199.97622899380772,238.86149912040432,348.7538016530474,306.6701484674806,450.7714553709664,786.5748858763305
2016-07-11,165.00362567365244,263.2203994618708,139.05185274539522,201.08505626679136,241.99626739043657,352.48069929991345,308.3180602955936,461.14332855641436,815.6024921321205
2016-07-12,166.16018446733887,263.8946155064355,139.68265749779263,203.4557141236499,243.76330689625246,349.8760736249943,308.4749822872921,468.05773847418067,815.1308281124109
2016-07-13,166.18257750242637,262.39532958763414,138.89406462334307,204.60280451970436,242.75500892761164,347.2667743439358,305.466879068564,467.8802803296236,807.4384535420414
2016-07-14,167.05656559830402,263.6711687273961,141.64701709523206,205.4822661736287,244.8581647990198,346.59809190218357,306.80094691328014,472.6671298286928,803.8100611535993
2016-07-15,166.9013788492506,262.8587341935446,141.63266399985275,205.32927925653473,244.80159151661516,343.90459635785163,305.67616862959716,467.1710504719248,799.7098490293632
2016-07-18,167.29898716754684,266.92549930054776,143.13818019897565,206.3234810982795,250.6485028850968,344.1992119265434,312.24169239615065,469.5646689530583,820.936287077135
2016-07-19,167.0588840691085,267.5159354028573,143.1955326260427,202.99688452274705,250.71836948284272,346.01357004732205,315.4851886422212,474.4402905758726,817.3441246310015
2016-07-20,167.77227565072218,271.8306154408332,143.32456659377604,213.77951129434277,251.93969282982857,348.7117035214106,318.91181074424696,480.6457289447386,828.5923278944732
2016-07-21,167.16619345358092,269.6701421274394,142.56469190097516,213.35891202891602,251.05116251959964,348.1084872419917,315.4851886422212,471.7808292896347,800.0727194114244
2016-07-22,167.9274623997756,270.92276838764604,141.46063070043164,216.30313967449788,252.67177104411704,348.3095593351313,316.5053321851824,484.6347486682298,806.4950735972609
2016-07-25,167.42175302404934,271.5503463927451,139.56795264365851,216.91487422350778,252.0860982470591,345.85456040943643,318.15328417247446,493.58807603534746,834.5792480029088
2016-07-26,167.47579412808628,270.846662471139,138.60729049711773,217.02961441132825,252.12937821412234,343.97473612632433,317.0807931397681,502.00945948345776,832.7650518086876
2016-07-27,167.27506733461246,273.91500192931505,147.6116934919864,214.85019020083715,253.5669480120166,344.4797710004344,322.62617336336035,496.9566380248848,829.0640438195443
2016-07-28,167.5437460569503,276.88743316852543,149.60468733484421,214.92661808419462,254.85481462791307,351.9336019705493,326.96832434721506,498.02048281143294,836.7563145791909
2016-07-29,167.81706172089721,278.0433306120982,149.41831293093387,216.72373893992457,263.34067916826285,354.8328075377775,324.19563423541894,506.17598040297247,851.9232688231874
2016-08-01,167.6039697497993,279.27677084199047,152.05653656690865,216.34138640377137,266.53534404953496,359.00865678508166,325.163470447814,502.895975279848,834.5792480029088
2016-08-02,166.53773707070826,277.204710137316,149.805438815914,216.34138640377137,266.26244762401797,355.6604996174154,321.9722413731307,496.7792659832605,824.383322132589
2016-08-03,167.05965689271002,276.84475299854927,151.6837517864178,217.83258260670556,265.8631113183505,352.88284348619266,320.45508783163825,498.1091688322451,819.267218273594
2016-08-04,167.095169079667,279.639639108089,152.62077988868737,219.4385026036629,265.3073740448785,355.74936948682824,325.2942488140242,507.3284681588664,836.7563145791909
2016-08-05,168.53277177331537,281.9159093096469,154.94170059239195,221.6179923893435,268.5286511209013,358.1856383115831,327.3606996050245,515.9271375456682,834.6518116982487
2016-08-08,168.37988464571032,282.0133737208944,156.22474980858044,222.00039410688888,267.9629949890592,358.45685017319545,327.6484200425225,520.7141161991367,820.6097504481054
2016-08-09,168.44551810376984,282.41781723090253,156.85901992819976,222.53573356013607,268.7117409756603,359.2751950405547,327.12526641850303,522.0438468422557,831.2048285481565
2016-08-10,167.96297458673257,281.7503898393631,155.69137103776777,221.84743997738968,269.04780621311664,359.3921065468035,326.6544402046391,518.6752418012518,818.759220500853
2016-08-11,168.75821007268124,282.0863386154452,155.590443716291,222.9180369148972,268.9512762924841,360.64531084341735,326.7067475352053,529.2243578739249,816.0742080571914
2016-08-12,168.6238707115123,281.94781227418747,155.95082991647925,221.54149893079654,268.56858219506125,361.2625479412542,326.6544402046391,558.8325733852605,818.614093110173
2016-08-15,169.094821874527,281.207903414559,157.8249101027985,222.22975972594816,268.2059047628543,359.35935562744544,324.09099949469714,558.3006294662533,818.5415294148333
2016-08-16,168.16833832181544,279.77185851817643,157.68080358628336,220.99853636177045,266.6185550907582,357.2784592511938,322.52159886140697,554.9320674767158,811.3572045225661
2016-08-17,168.48257593792982,281.0239560093829,157.45007488011058,221.46028405860588,268.0261893650665,357.55434471894546,325.3203924395125,542.0781911495872,810.0146723480545
2016-08-18,168.8531731288857,280.49657603648484,157.24826820071718,221.6141726345554,267.13768461890555,357.47485773819403,324.11718327936444,550.4997037520967,810.9943860458663
2016-08-19,168.60997873604134,279.8541327245083,157.6519175321741,221.69115790702358,266.1060210921455,354.1314098530499,323.20165439753555,551.9179051586958,816.4007446862211
2016-08-22,168.51499683048075,280.12013432811085,156.42655648797384,221.8834571502203,265.2075463594786,355.1461175310267,324.74497164410576,554.2227945675507,808.8898831649242
2016-08-23,168.84389924566761,280.84840811056904,156.916720091078,222.7299836652203,265.08775313699874,356.53496343482936,325.3203924395125,558.7078532870602,815.8201832181401
2016-08-24,167.95911046872504,279.32392946834403,155.7346341690364,222.96079193844852,264.09274848369927,354.1033325398311,322.99242507527083,550.0929965488868,807.7650420764325
2016-08-25,167.72980805135168,279.66948722606617,155.07147799530784,223.807252878259,263.32733472478554,355.02453241863844,324.06485586920877,546.4518326740181,801.7418401203271
2016-08-26,167.46499344702136,280.9331792248034,154.1632759926973,223.26860187794227,263.96628303948074,359.5978522460825,326.86370968608276,550.8924192287222,798.2222413695333
2016-08-29,168.34050834074586,282.39050738595046,153.9902474494028,223.53790278740456,264.8315500478623,360.66867887411405,330.9965510293149,550.5371154764102,780.8419906069463
2016-08-30,168.01162477491513,280.7536303867705,152.80814953647118,222.7299836652203,263.5336878813919,358.93384341046954,329.165533424836,547.3399413746656,766.83610739375
2016-08-31,167.61245196005973,280.6868837838414,152.9523160074365,221.07550524044126,262.8448385060308,359.6726656206946,329.89795653029915,544.7645596023336,769.2671988090834
2016-09-01,167.6055153970023,280.4540015521245,153.8605659736072,221.5757291797134,263.3606447053428,360.35536888086483,330.02873489650926,560.8392022348016,728.4834953278038
2016-09-02,168.3096330953979,281.20411884675116,155.3021107743603,221.8834571502203,265.18093416472794,361.20646466758217,330.9181000732604,555.3328766290272,717.6343923887016
2016-09-06,168.81147835311668,285.8428443921839,155.25884764309163,221.6526652707895,268.89140524531217,368.88940936767267,339.34080514937057,560.5726706062346,735.9580750014306
2016-09-07,168.78676684722464,286.9767747964223,156.2103367587509,221.84499730158095,268.88143525880616,366.836554628257,342.7936110360636,552.3132037233061,731.8941966302261
2016-09-08,168.4115515640159,284.8909699615209,152.1162392084238,220.96012569452324,267.1675945784236,366.64015614125674,340.7533641093201,556.3098005048861,716.1104509758402
2016-09-09,164.28175188177835,278.247184300742,148.67082482754552,216.2662044490143,262.38887778982274,355.4547539181364,332.4613972402411,528.600972640255,705.6242703241606
2016-09-12,166.69292381976172,282.27819028191516,152.0008748553374,219.49807766331992,265.82987802999713,360.76222234966616,336.62044244773006,539.5247656251262,719.521204183624
2016-09-13,164.22075536532785,279.839589020096,155.6192818068401,217.49736223800252,262.4687910662785,355.86157171055504,332.7491377573287,531.7093746182546,711.3571655935449
2016-09-14,164.1242466619204,281.0962362202403,161.12611004915124,216.45860205499528,263.04781720566587,355.8989962360524,334.2139036498971,536.4161914412609,712.6634159203866
2016-09-15,165.78342353692713,284.4984272200483,166.60416015536356,220.03672866363667,266.63184840609955,359.9205094516103,335.7311174301579,556.7539194324095,727.2134749432706
2016-09-16,165.15803959910437,285.6762503378328,165.66712006220394,220.26755333066225,265.5469604898382,364.0495512847556,337.61444236520293,558.0860609576475,745.2831327169486
2016-09-19,165.15496715405448,284.50636080057757,163.73539966745665,219.036395541674,264.6884168313312,362.45032175191733,336.51580770700826,565.4574191399286,748.6938859247323
2016-09-20,165.20437131648237,284.72251015831034,163.72102259029725,218.57469702623072,266.14927549514084,364.84452812141814,336.4896640815199,560.3063111835332,742.525556577947
2016-09-21,167.0079342594776,287.5412328061787,163.69218449974815,222.22975972594816,267.8964005920127,369.29622716009123,339.8901425580574,576.0257792180885,744.6300075535278
2016-09-22,168.09344982989398,289.26960752493426,165.23466861286806,222.4606335743659,271.5303328531123,376.29179499387214,340.25631395160997,577.4467789700044,749.0204744591234
2016-09-23,167.12913561942096,286.57703440995544,162.4812604871575,220.96012569452324,271.20091427332665,376.7827733731815,334.7109337280177,576.825115794991,752.7214824482669
2016-09-26,165.6938702459332,284.7327702997119,162.7262943251494,218.92098320816126,267.1043746383483,373.70119013737104,333.01073464892795,571.4076484158943,758.3093022323328
2016-09-27,166.7616297228711,288.02212860877637,163.02901633512954,222.96079193844852,269.79320330681446,381.6273050622379,336.62044244773006,590.9461689845397,746.7708441875014
2016-09-28,167.6448917019668,289.3941925697894,164.26875445648923,223.26860187794227,269.5702590700994,387.52396895476846,338.03290100973226,593.0774318293483,748.4399129910425
2016-09-29,166.0822046810114,286.71455276044793,161.71717699195213,220.8446805734157,267.10105130951297,387.678269310132,335.05096149608204,598.5835852292571,728.2294704887526
2016-09-30,167.40554257777384,287.94478173858766,162.97136413581146,221.6141726345554,267.57360310582976,391.54080856418705,335.5218077895354,608.530626544135,740.3122081539949
2016-10-03,166.85968407348156,288.5605717064748,162.2072806406061,220.92163305828913,266.34898199407655,391.274270308714,336.82971192917364,607.9088342147224,775.3992982135602
2016-10-04,166.03280051858349,287.79822010860056,162.89926291399374,220.22912626961767,267.1509523701789,390.0070095172994,335.31255838768124,606.5767787924171,767.0901322328012
2016-10-05,166.74619210019713,288.64522895298114,162.97136413581146,221.76807760430225,266.63184840609955,394.8374847115551,336.04500157273384,605.9548573086053,756.3862085897404
2016-10-06,166.82649035732913,288.6339203648152,164.1822881484021,222.15284002866946,267.2474822908115,393.57493320266263,336.75124089352965,598.0509524867872,729.3179778242129
2016-10-07,166.28372314744286,288.4501827399044,164.42736994995423,222.38368108949246,266.45877966598243,392.53214821146713,337.40517288375935,593.6992672102274,713.3891047791473
2016-10-10,167.04961018589046,291.30185282166207,167.29610645608105,223.30706172658162,270.9380133983837,393.5983012333593,340.6748930736761,595.9194743846465,729.1365685858631
2016-10-11,164.97043195749998,288.5375483791851,167.65651663804942,220.03672866363667,269.4072114446242,388.59012197666067,337.11747252585076,587.3048329038053,726.0524039124705
2016-10-12,165.15958524630736,289.2057286386862,169.1557735925708,219.72890233034553,270.13934078704864,390.03505115413543,337.5621149550473,589.9691590057479,731.1685077714654
2016-10-13,164.64771213112516,287.1001937766504,168.63680787158762,218.99793569303466,267.58024976350043,387.7858336041022,334.34470209569673,580.3775936490478,726.5603497798498
2016-10-14,164.68090584727761,287.22719106727493,169.57381199207714,220.92163305828913,267.75329293954957,384.8304734104365,334.50170440575306,586.0614204508457,713.0262863024476
2016-10-17,164.18060623676186,286.1748270030238,169.45851958433101,220.15214099714944,268.4987155973153,380.14962496540505,333.61231914941254,582.6865729472119,703.7737403769082
2016-10-18,165.19202498821443,288.7763652559678,169.34319120391476,221.84499730158095,273.37393674248074,382.3474328479056,336.30659846433304,591.5676599536874,722.4239077133054
2016-10-19,165.55412111955374,290.58329200185295,168.8386385327611,221.3448553312957,275.15426956363797,382.36612727246296,340.33482514643293,590.3243336036606,738.6068575027838
2016-10-20,165.32636434938337,289.3751308621241,168.75212426111386,220.26755333066225,273.4204889102434,378.9197886994879,340.04700431098746,601.5144429597668,722.4239077133054
2016-10-21,165.31245352455628,293.87939168951675,168.08901605094547,229.53999988196466,274.2291826362204,382.9740528344039,345.46166640713795,599.8271268366159,726.016070159439
2016-10-24,166.09766115304149,298.10621754793016,169.6026740644063,234.69557046152474,278.11602022168904,391.90552822496886,348.6266916175645,627.9801597317032,735.7040501623794
2016-10-25,165.4668674500082,296.81231219081894,170.46762492663822,234.65711061288542,275.7233257165193,390.5447596343849,346.03710728213423,638.2819451298298,734.1801087495181
2016-10-26,165.17888698698886,293.8343222291416,166.63301023680268,233.27199867275817,273.5769154421158,384.65747863051564,342.7674272513963,640.8577143653595,733.8172902728185
2016-10-27,164.68554278888666,291.5116243365855,165.03282596080453,231.23285618639616,271.99621242769047,382.67943726571207,339.2361904882382,627.7136281031362,740.239644458655
2016-10-28,164.17365082434833,290.50636003293636,163.93724231952015,230.34793539794634,272.7316650989502,363.0208227883608,343.42137932121545,626.6480182064652,725.5806879873995
2016-10-31,164.15357626006534,290.28335247422467,163.67773547724852,230.5402674287378,269.51703468059804,369.3336516855887,342.63670912395463,631.9765843074176,717.4529831503518
2016-11-01,163.0394850657494,287.411144836316,160.72248469947442,230.07856891329453,268.0461293380785,367.2714497338943,338.73918048970705,613.237529470074,692.2715122743853
2016-11-02,161.97557085746286,282.9731472990312,160.86663917954974,228.65504630592008,262.3689378168107,357.9892398245828,332.6445230961964,610.6620615948093,682.2207657001067
2016-11-03,161.2590879814432,275.4489934133619,159.14237317340522,227.80855257851482,260.2957174689886,358.67665236727515,313.88958414467425,603.5572350410953,680.0436991238246
2016-11-04,160.99040925910532,275.083153904135,157.70789100688643,225.88488800085509,259.93301447271364,353.07456836705364,315.8514202745422,600.0934862593173,691.437029777976
2016-11-07,164.5681866975947,280.88406507363715,159.9828026655029,232.46403036918176,266.8980726098779,367.0469739336753,319.51345548349997,632.9534651318102,701.0523941802152
2016-11-08,165.18893369380842,283.74356566403856,160.9245791602288,232.65644436896014,270.2092073847945,368.36568006900524,324.92807742047154,631.9765843074176,707.3296209753719
2016-11-09,167.01873494054254,281.06542329486774,160.66376531094267,231.50214070206107,268.0827115193352,360.9446000182485,322.2076745596521,621.3191937967142,689.6227816783936
2016-11-10,167.34454606132337,273.92261538470507,156.18642692400874,225.84641175841838,259.663441376032,347.149862837687,315.98221872034185,601.8697897635452,672.5327856971662
2016-11-11,167.11060670234096,272.7625410865012,157.113754396235,227.0776351225961,256.8215350685967,345.57400133554535,311.3261635143217,781.2670154194209,684.180141190369
2016-11-14,167.09130496165946,265.282909596095,153.1725167121531,223.61488805987278,250.65514954276748,336.2496932945971,301.0201335031665,742.8120679718077,658.3818789040131
2016-11-15,168.34128116434735,270.9764382706937,155.20109951665322,228.03057377635056,257.95629848145603,347.55200702396627,306.5654936471693,765.4590335699191,666.7998385224205
2016-11-16,168.074920912814,271.98541816239924,159.37421703235185,231.05195063237437,259.5603159258647,349.0717852524358,304.3159571593927,813.7720780027994,667.3803999905014
2016-11-17,168.86090136490074,275.2843642023402,159.31624107900265,234.88664016991842,261.6168429373063,353.7058619596912,308.108830973329,820.5216008042013,684.5429596670687
2016-11-18,168.4578644320378,273.8180681053148,159.4756359803203,233.76332078005623,258.2258971422056,355.4641011304151,306.0946473537159,829.1361131306435,671.3354328186961
2016-11-21,169.7147960471392,280.44651196482187,161.8954575450847,235.73875696982296,261.16428224213746,364.7416374335873,318.5194354864376,825.761308678476,669.5211847191134
2016-11-22,170.08230194368906,281.10291600571736,161.99686450216313,236.74587712389842,261.23085107511605,367.2340252083969,317.73474520958723,831.7111935427105,693.6503782019282
2016-11-23,170.219732599264,279.3657808585399,161.1709439870153,233.956980708435,259.2341695467785,364.7977563836421,316.0867932222952,835.8031493223968,700.7984212465254
2016-11-25,170.88603848925425,279.4623904663447,161.98237950699334,234.4605653761688,259.64350140301997,364.9146678898909,314.8835840621471,837.4930915849989,713.5342321698271
2016-11-28,169.98811171108613,279.0913246329584,161.66360169524805,234.7704409341317,261.49377751412703,358.555067254887,314.9620550977911,837.0485421428114,711.6111904325962
2016-11-29,170.21509565765498,279.44915089970266,161.5042427666005,236.62967788811167,262.70840307530625,356.5676786778047,316.16530441711814,829.3990714874982,687.8448154264811
2016-11-30,169.7634462353218,274.96126668349257,160.1421496032604,233.4147066788986,258.1959104904837,350.9796511723839,309.7567026422631,820.0599168783813,687.2280240160917
2016-12-01,169.16663792139857,269.2171043713103,158.64971546517248,229.30881455139684,254.35230174394238,347.7437319048272,301.0724207541432,779.5018191935276,659.942050259183
2016-12-02,169.23379817730495,269.4757473014051,159.2438161031538,229.5025400549651,254.39558171100566,346.1959120395216,301.8571511901725,786.7062237890564,658.4543906939915
2016-12-05,170.2189597756625,274.0361236679062,158.09909379448058,233.25976889991716,258.9745920006708,355.08999858097184,307.16713838642227,817.214128845505,677.794016946841
2016-12-06,170.79955764331027,274.00897519238896,159.31624107900265,232.21394299024178,258.29571261181565,357.5964428505822,306.8531940050779,830.64437820498,674.3470337967487
2016-12-07,173.04783344558126,277.5715907066782,160.8811481564996,237.71425873477918,263.3839335712581,360.26186108169543,308.5272896178583,845.5867672707685,700.8347030941953
2016-12-08,173.421503081587,278.3472058493288,162.46057620183643,236.3198023301488,264.615175776614,358.8169319042207,311.0384430768236,831.4448771714757,697.7142046677714
2016-12-09,174.45145075011953,280.99708061185993,165.11216968020716,240.03834181329827,269.36728037046424,359.43884260819686,313.05256645766826,816.6801184561099,697.3151043434017
2016-12-12,174.25302357809412,278.69958987506425,164.17035721281115,240.81303070820547,268.8514741711522,355.44540670585775,308.05646340399437,796.8457912617362,698.2222024405122
2016-12-13,175.39259910190356,283.6479165452921,166.90895658932084,243.95052483102916,271.3273030253413,362.0949136270314,314.7004582061919,810.8987370314184,718.9769245632132
2016-12-14,173.96890723308226,283.31131535940364,166.90895658932084,242.78848329176958,272.1759278254782,359.5136916591917,314.438921553361,857.8609986541036,720.9363000534755
2016-12-15,174.64446815693447,283.2086382608503,167.82181105726735,242.4011306474173,271.43055629584836,355.8568981044157,315.38057398108884,877.9623310431747,716.9087035299409
2016-12-16,174.33873160043663,282.2607712469118,168.03915793015415,241.31658258834455,269.49706914351805,354.3465027646075,313.54955637661,893.0826087681845,734.724388369929
2016-12-19,174.68307163829743,283.5073280844824,169.00998835144986,246.42952929473228,270.38222499677573,358.19498552386176,311.901604389318,903.9337308777494,735.5952046193695
2016-12-20,175.31848343358362,284.2094580866157,169.45915510150317,246.11970291816152,271.2807252935106,360.6359636311387,311.509249211098,935.4199374569822,757.5836133735721
2016-12-21,174.88766254977878,283.9609307472738,169.61852602104076,246.11970291816152,270.28242287544384,360.3460216685862,311.3785110040668,941.2900049024857,753.6286324507389
2016-12-22,174.56185142899795,282.00189580846234,168.5028576389374,246.15837588616674,269.44381918994884,358.3539951617474,307.0886673507783,952.6752235043786,756.3499267420705
2016-12-23,174.7803531653064,281.6732683181809,168.83608447318235,244.95754662232034,268.8181897546629,355.66517322355475,306.74859942353504,976.422670686956,774.0930478867186
2016-12-27,175.17332454199362,283.7578479954227,169.9083578242266,245.11259915788344,269.52697910303607,360.7201242180294,308.68423168914626,1043.4862646987124,796.5531206606306
2016-12-28,173.70948354460634,281.9710435634952,169.18384426615722,243.9892469804265,267.7433229530435,361.0614758481146,305.83309062129564,971.7087073205251,797.3150913670613
2016-12-29,173.6585337349754,280.6639909157849,169.14037728975788,243.64063287926885,267.1809134578329,357.79751494372186,304.3421208644705,991.0986572785769,778.9551788120237
2016-12-30,172.85327039156334,277.1843020176341,167.82181105726735,240.69683147241875,263.7100543862764,350.65232036071677,300.9416423879331,949.3841111029194,775.3630163658903
2017-01-03,174.32020268335663,280.36611134854024,168.29997177944028,242.4011306474173,268.88808191647684,352.429253955998,305.67616862959716,907.3137015058866,787.3368565827612
2017-01-04,175.31771060998213,282.67813647123165,168.11158290600298,241.31658258834455,268.8082197681569,354.0706172968558,310.4629821222379,928.4823658502853,823.6213514261582
2017-01-05,175.1825984252117,285.963899537473,168.96652137505052,241.31658258834455,270.55526817282487,364.95205673900557,315.6421307135092,904.9123768122649,822.7505351767176
2017-01-06,175.7987084798164,290.80282636758164,170.8501583007326,243.4082835890875,274.6118511695753,372.21883643439884,322.80929921931556,917.008547330513,830.9508037091053
2017-01-09,175.17487018919664,292.6599462806777,172.4150773691196,242.63354551278815,275.2674416925151,372.6537315400362,326.7067475352053,954.1869326960282,839.1874059945243
2017-01-10,175.17487018919664,291.93539320009603,172.58896925649708,242.5560192450066,274.8780498092857,372.1767383027621,325.2681051885358,946.9826142034321,834.0713021355293
2017-01-11,175.6705517074595,294.5056332829587,173.51636867406356,244.7639194815363,276.15926976751143,373.6357239750376,329.8194654150657,935.3309931273716,833.5633043627884
2017-01-12,175.2937719276916,295.03153831649456,172.7918311342141,242.5173462770014,276.04947209560555,380.47228217093283,331.205840590348,920.0328267431404,833.0553065900474
2017-01-13,175.61803740126942,297.44426614861226,172.48753831763855,242.86597677195635,276.5187261271549,382.1089362292686,335.7049336454906,919.9437102076641,862.6634743139182
2017-01-17,175.09689040286918,296.3530358014282,173.87858948042813,242.20747071903853,275.36059715617637,378.6392296255969,334.47552062108576,899.3088840467948,854.7896905051989
2017-01-18,175.40571825377302,296.55939435280567,173.86408050347828,242.09133705844127,275.87975224839175,377.59177102826203,334.6062789077065,915.6743823863536,864.8768227378703
2017-01-19,174.77262492929134,296.2401601545956,173.55978768690275,241.31658258834455,274.3323080863876,378.3212460262084,333.63850293407984,935.3309931273716,884.470473829771
2017-01-20,175.36095103295415,296.3640309692412,173.87858948042813,243.02084897574835,275.59688583636876,377.9892416084019,332.30445516895315,925.1023091192154,887.9899687698415
2017-01-23,174.8892081969818,299.8778767765592,173.99444546000623,243.87303135084233,281.0079042819942,382.4549971418758,337.2482709716503,934.7084689230298,903.1932567668696
2017-01-24,176.03728478040784,301.6246902260494,173.8351225040288,246.04216025658258,282.7050260619282,384.58733886204294,338.3991125624638,954.6319126528798,923.8391333465605
2017-01-25,177.4501759681642,305.2762080257442,176.60267987998796,246.66194416010313,285.67339781358197,391.17137962088316,343.91834916056774,958.7232657120362,923.3310836684581
2017-01-26,177.31968187564664,307.0028791605582,176.68960184189663,248.9472723016301,285.1842038090206,392.4012158868003,347.3188276371052,975.266738813749,916.2193224715307
2017-01-27,177.16604077379623,307.08498961100594,176.7040868370664,254.7962185411225,281.207534088726,390.8206807785193,345.7494069242256,994.1226783824056,917.8158275797321
2017-01-30,176.1013537419082,303.87025477881684,176.24043509184332,252.27849192802205,274.1526182526678,388.300215690491,342.6104851801084,978.5575929064098,909.3979198666864
2017-01-31,175.9446401950079,302.3326790750703,175.83473531818936,250.41920579264993,272.94131602032394,385.0736436352129,340.8840420775829,971.0864414249819,914.1148714959501
2017-02-01,175.99713565184183,305.92579000332296,186.5571690563811,246.27460790954822,271.2940697369879,389.2214155692983,348.4958931717649,1013.5124561345918,904.3542758923084
2017-02-02,176.09750847325682,303.9466386598573,186.23846318997604,244.6865079703364,272.2990443767934,392.77531843624354,342.2443137865558,1026.3203534955908,912.7360574737686
2017-02-03,177.3768142740896,303.27111461374705,187.03538973300425,246.66194416010313,272.921324919176,378.86366974943314,342.6104851801084,1017.3368039990507,911.9377530143065
2017-02-06,177.00159899088086,304.952425255001,188.78863772037832,246.5069408059322,273.41719114547607,377.6665844028741,345.43552278164964,1043.3974925749674,935.305027696052
2017-02-07,177.04174811944685,305.45220571344754,190.5854006477119,245.693546155425,275.9496188461377,379.9392056599868,344.8600819066534,1059.585102255305,934.2526983975388
2017-02-08,177.16449512659324,308.3774867356974,191.3244111918411,245.34504681084903,276.1659164251821,383.3107308583497,351.0332304153975,1054.9601693214174,950.9435940543966
2017-02-09,178.18364211406083,309.6361799184502,192.7068768773612,248.13386125732558,276.22581303642204,384.0823039879328,350.8762481849306,1035.1257560241108,976.7781381884225
2017-02-10,178.81905390934705,310.0204316801876,192.27036051630137,247.9014955733468,277.8198349302568,386.93477349376764,351.00704663073026,1010.5773793603737,976.8870356367937
2017-02-13,179.75711096672504,311.9909933968232,193.9729589841414,250.69032641362074,279.18756369447306,391.17605322702246,350.6407547596408,963.970895056131,1018.1424550431444
2017-02-14,180.47745796075225,312.4682703193849,196.49059023897183,251.62555976621132,279.5436455971453,391.11058706468907,350.1176814539791,967.5285821376237,1019.5212690653259
2017-02-15,181.37845718397028,312.2534819196459,197.20359254260168,251.46970393457693,278.6417964075071,394.0612379758326,349.04527073963067,969.4852712861248,1015.0945722174217
2017-02-16,181.22172478771384,312.15867010371323,196.97086135779202,251.43073587821902,280.2557838384218,394.734629700107,350.0915779876697,953.9201858101289,975.8710400913119
2017-02-17,181.52591569700866,312.492676650915,197.5092403297519,251.82044922939318,281.71334473746407,395.16952480574435,349.2806436873837,953.7424693567734,987.7723166128429
2017-02-21,182.62379644504912,313.8653602932858,198.93538882769204,251.3138481029426,282.6184916918697,400.48630477317,349.77765368591486,987.8970058243252,1006.4950995499416
2017-02-22,182.4261609459813,315.9261261602884,199.53211547059237,250.8072797640867,283.3139877249015,400.09818140530876,356.0554168557913,986.3826274417581,992.4167045467669
2017-02-23,182.50259508510578,313.76789474563384,198.687992784362,251.82044922939318,283.1942200664896,398.4989518724705,354.06741702084554,894.9222840309734,928.8463397571841
2017-02-24,182.77513792545116,313.4771179336101,198.87725699277232,251.82044922939318,282.13262101614356,395.2490117864957,354.27672666146805,903.5604746639428,932.5110658986576
2017-02-27,182.96119991985253,313.7535842314188,199.2701265140822,250.30071142523082,282.7516549218947,396.83889410705535,356.81394342756386,929.8322015282193,893.4326611632277
2017-02-28,182.4894570838802,312.50055443398475,199.35743218447217,249.32641165349807,281.17422410816874,395.1554683109436,354.5383235530673,903.7391382495597,907.0756739943628
2017-03-01,184.98479139700305,316.7049293720403,203.4321884291628,253.0675090018341,285.10769055360396,398.91511687716775,359.45589533232874,915.4051385154025,907.1844676320111
2017-03-02,183.90080262443357,314.5072926778124,202.22434607531272,249.44334861016665,282.81150040499875,396.9651528255829,357.72949238898224,881.6529610529528,908.8536402462754
2017-03-03,183.99346605918961,315.34982977060196,203.41770343399307,250.37863114414932,282.55522062365844,397.41874235577757,358.80198342168853,876.5768487510501,912.8086211691086
2017-03-06,183.39047515645436,315.224580042772,202.77736592401288,250.4565180754731,281.95293118242375,395.8896525914121,359.45589533232874,869.8085555102917,911.502370842267
2017-03-07,182.85619015682852,315.27721034301015,203.03929492607287,250.96316838331583,283.24409556308757,395.6137314472776,359.1420915081107,879.3374809833601,901.9958000776764
2017-03-08,182.43850727424928,316.28823008074016,202.28247791023247,253.2623164960291,284.07275482614455,397.70868431833,360.2406458479475,877.7345026829134,895.7549070355512
2017-03-09,182.5844389894408,316.6778472625441,201.81679970459246,252.24913063692526,285.4703679858109,398.87772802805307,361.60083723856246,877.5566140236924,888.6069158963155
2017-03-10,183.181247303364,317.55333281198693,202.4862990591528,253.02852455167883,286.65843248037544,398.62521059099805,363.0394595056425,882.7219289640041,884.2164489907198
2017-03-13,183.2484075592704,318.6171939939057,202.5735927386527,252.17119452420937,287.71333374491485,399.62122384441744,365.15821762720896,907.033694768332,893.2149700772079
2017-03-14,182.62920621025967,318.76120666866564,202.26799291506273,251.00213643967376,288.15592445357765,398.65792583397337,364.42583468092477,906.4103956375949,936.1395620978227
2017-03-15,184.1586806657065,319.77067771438334,204.4072876073132,252.3270339620464,288.98120925966333,398.86367153325233,365.4721419289638,913.2677193108966,927.9030117177651
2017-03-16,183.85910784866454,320.5110850010126,204.74200131192327,251.89836894831168,289.51698099605534,399.07412651505336,366.17838124975964,924.4889118257535,950.8346966060252
2017-03-17,183.61745910302324,320.4907622253064,203.72323131224283,252.79473260732854,290.3056580568164,398.55507082252524,365.78598591236084,944.6155584770759,948.8390392680928
2017-03-20,183.2484075592704,321.078875403238,205.86254998627345,253.02852455167883,288.82145939895554,400.73414860408565,366.04750248560214,974.7161966612512,950.3629806809543
2017-03-21,180.974666276862,316.44911040705443,203.50504507705315,250.2227425249202,282.9079791974953,394.29506098833036,362.30703640017936,943.1906410417163,909.5792771996747
2017-03-22,181.3166878439183,319.07134758558425,205.8042742606732,253.41820511525822,282.7948837608221,396.567682245443,365.13207400172064,962.4264667500072,925.2905110640819
2017-03-23,181.12444326070488,318.2153209171692,205.07669103475328,252.79473260732854,279.4171290247909,396.2496986460545,364.97513193043267,953.699245684494,924.4558728515883
2017-03-24,180.97157498245596,319.25969298970125,204.6692166093732,253.22341401486062,277.9163648508893,395.42200656641666,367.0938498928202,957.0834353563397,954.8623450349213
2017-03-27,180.7870586352576,320.0816586614865,205.0185591998335,253.69098150976384,279.03780938433925,395.9878339967208,367.0415626418435,964.0294450504535,980.4791980829274
2017-03-28,182.09803135439597,323.2387850600144,209.26781886729376,254.43139097436207,279.74332653201304,400.2805590738911,370.80821251193356,959.0424492840273,1006.7128944466842
2017-03-29,182.29566685346379,325.606139670842,209.7334730911537,255.13284877639975,282.81817262673735,408.84731480367424,373.13619995576465,955.9256953215433,1006.4588696076331
2017-03-30,182.83072467669112,325.7048643546472,209.4570351121439,256.06806573519293,282.68835828961556,409.7919183895609,372.50847182979174,974.2708722926683,1008.418193192534
2017-03-31,182.41843270996628,325.85362197263294,209.0641895726141,256.6526193681568,282.1292976873083,414.56160102762254,371.56677924288505,970.0854087279314,1009.7970072147154
2017-04-03,182.1188787422805,327.7450631189825,209.12234538931392,255.44462601485804,285.10769055360396,416.8856676286506,372.1684039025485,965.1873572911156,1083.1641975502484
2017-04-04,182.22077836154233,328.2985682351722,210.67941042472393,256.14618217967995,283.7166729234723,424.04955663621297,370.72970131711065,897.5048553981966,1101.95964799341
2017-04-05,181.66411917618512,327.472787199018,209.5879516496137,255.4836268588107,282.4986984693898,425.19523231523937,371.04362561886546,890.8258508987801,1070.3921566846384
2017-04-06,182.01464180285797,326.4437354497133,209.0641895726141,256.14618217967995,281.23082295464127,420.05144712773455,369.2649755837212,897.3268806360422,1083.817374619031
2017-04-07,181.8640919954136,325.8901978323558,208.5984394216338,255.95121074751125,280.23252053657444,418.4615291307922,368.24477180199153,893.4971943897482,1097.7505384208027
2017-04-10,181.98915747336443,327.09584160890176,208.35109134186393,255.36668990214216,280.0993828706173,424.14777371790456,368.92486749729903,870.6993764533233,1133.4908055491503
2017-04-11,181.72820698704163,325.11678117779365,206.10994602960346,255.17183322655507,279.4937189724114,421.95931304768266,365.9952553938044,873.81621651874,1120.1381513100978
2017-04-12,181.0449178271744,323.6252671291654,206.35731809115342,254.19766460520128,280.01949515822946,419.09282272342983,365.10589021705334,866.6026850123317,1077.0684318988033
2017-04-13,179.811152070762,322.83835453511267,205.26583533426313,253.10642787679996,279.59354665781126,413.68717288659127,364.60892037770105,850.3944106281156,1103.048103423509
2017-04-17,181.35992826689028,326.85041028989906,206.4009649309034,255.17183322655507,284.56856992430863,421.786282591379,369.9188874943614,883.7013498249152,1093.759327555661
2017-04-18,180.8333715032795,326.15491893540104,205.48421342369346,254.821137113131,284.1892247197891,422.6233218832956,368.71563817503437,884.2355324201758,1089.4414243454053
2017-04-19,180.52299800517264,327.2238457538871,204.7273964078531,253.45718956541356,285.0278028412161,420.4816329508498,372.1423004362391,887.7090108333634,1108.563359512235
2017-04-20,181.8872578541026,329.61062606273185,207.28874644777378,255.2498021268657,286.21584177171263,421.8190335107371,376.14436341326115,901.7796077042751,1097.6417447831543
2017-04-21,181.33521676099826,330.22193325590456,207.04132642266364,258.75712392464885,285.83981989602836,420.16832295760065,375.8305194298642,905.5198330033617,1108.8536142935948
2017-04-24,183.30090301610434,334.7503043814628,209.03497976447375,263.16057986828565,292.4887016406124,424.3207684978254,380.5127182613726,916.8300559507621,1117.6707780470945
2017-04-25,184.4173315305809,337.13747038598484,210.33023570672418,264.68039964143486,295.78654310018777,424.4189855795169,383.18069331408907,932.7708946256164,1138.5705756551138
2017-04-26,184.32775939023088,336.78525341170655,209.09327947185403,264.3296215590239,295.88637078558764,425.19990592137873,383.36385932922326,926.3590675267633,1125.435612502081
2017-04-27,184.42967785884886,338.75228659246164,209.25328590856384,266.0442980077602,296.6517334163654,429.4505328669122,386.34575868369456,940.7860444366473,1119.8477927180152
2017-04-28,184.07683676137148,343.4968307129656,209.04958466854393,266.78462550337156,307.6600812349388,432.5414989913841,393.01591719096984,928.8525223585101,1139.5865712005957
2017-05-01,184.39571131909491,349.1708336859537,213.31349720363454,270.4868039767418,310.42209982998617,443.40891761511585,398.79679083985195,949.6918429848442,1171.371753595387
2017-05-02,184.6149670296487,349.40009919680307,214.66695692614493,270.05815535680443,311.8430529837038,442.80570133569705,399.63374828808946,921.5496160078267,1157.0756675061925
2017-05-03,184.3802548470648,347.9561302656887,214.01203849387466,269.20077614794286,315.62344179016986,440.04206602289224,397.0703477373264,928.4072840928598,1128.5198290808353
2017-05-04,184.48758308089333,345.83741186175126,213.24078444642467,268.14858944488634,317.70995545333335,438.4054119645566,394.58537806302843,924.8452057617931,1072.0611216774569
2017-05-05,185.2418966146745,346.40810532283683,216.77708977381522,268.8890972722688,316.23242901721113,436.8248768562756,392.98977356548147,924.9341500914037,1118.8319009832562
2017-05-08,185.2488331777319,349.0353645000023,222.67094797398624,268.6552889341212,319.0311064857191,443.7876937706984,395.13471547171525,915.2269915473827,1114.622895221372
2017-05-09,185.058907065323,349.7731396465971,224.09709647192645,269.04495310390325,318.3721926339439,445.555280153701,393.61754185063336,916.7408533123529,1165.6751401736728
2017-05-10,185.26813491841338,350.0754593733886,223.03465565071593,270.09707423177025,317.74988652749335,443.74559563906166,393.1205720112811,1080.1586231280012,1180.043789958207
2017-05-11,184.8674353057111,349.3703740377896,224.96358216808363,266.78462550337156,318.0993217724949,443.12368493508546,392.46661994146194,1126.5563939230701,1172.3515191985605
2017-05-12,184.59411964176422,350.8126940460173,228.10526730421827,266.473012202887,317.84973977696114,449.5440781262835,393.22522683159235,1138.9355847815218,1178.5560784876543
2017-05-15,185.4758359736569,350.2500629200876,227.5208313236102,266.667819697082,319.20744742653557,447.96350734161985,392.85901527886085,1196.1093098257975,1146.1540527771122
2017-05-16,185.34843317554538,351.77351925285103,227.18484658465576,272.03719818199346,321.00107356303414,451.7512332210627,391.7865644053334,1218.3733756816257,1150.254264901348
2017-05-17,181.979129615901,341.2836714155147,219.5568658667264,264.4730508922488,313.53360479817104,441.78628437519814,378.8909299791584,1137.421464707753,1110.7041442408472
2017-05-18,182.65005359814415,346.2695892092193,222.9032354958644,265.37449662845165,316.3056445078604,448.2066775663962,386.2411841817412,1185.0661781760277,1135.9218450591222
2017-05-19,183.8861378253611,346.93769980712636,223.66305023421504,265.2961014894093,317.6866410233501,448.83797115903377,387.28745127060125,1212.43563133092,1127.8304220697444
2017-05-22,184.83501441316017,348.97492755561416,225.02207372970457,268.2747725032738,320.8214348574503,453.90226936578716,387.7583176436441,1238.2885535299242,1126.0887895708634
2017-05-23,185.17471750941195,348.86342513994373,224.74446064347072,269.17607069530027,322.97778955429175,454.3090871582057,387.3135948960896,1221.6175619846942,1102.5401575561295
2017-05-24,185.6356408149632,351.9007876895822,224.07225134776104,269.52886521478825,325.3272552205342,458.42881745545515,392.46661994146194,1235.3467607269454,1125.6170736457923
2017-05-25,186.46022474841294,356.28471248843454,224.846694971962,272.8603471419381,330.0693131356745,464.52184415860324,397.4888465410347,1232.5832009949193,1149.6010878325658
2017-05-26,186.5181299704574,357.4772342025607,224.4667995936767,274.1927858111028,330.5385416031559,465.644151806933,397.9334889702313,1264.4987167972292,1179.7535351768474
2017-05-30,186.29344564533693,359.00406383835406,224.5544529998779,275.95656168297415,331.5036107328694,466.07433763004826,398.5874811992294,1291.5110149867535,1215.892850724203
2017-05-31,186.20775647235055,357.26961833327715,223.22473523964902,273.7224805520382,328.48201459171435,465.10169240732546,396.1810227197543,1286.8754052891954,1237.3369279526332
2017-06-01,187.61755636570086,357.73478891173465,223.83840501017755,274.74161735958876,328.8813508973819,465.72363878768437,396.36402809817275,1286.9646940305374,1235.0147858910327
2017-06-02,188.31319185383606,362.48610873025297,227.1554928858349,281.24752863504585,331.4869685246248,470.7645332873584,401.8048338198116,1280.545548182394,1233.1280260014717
2017-06-05,188.08388943646267,363.7849751747202,224.93434837816318,283.2855399493891,334.06929728595236,472.9202787146049,401.8571612299672,1319.5039394782486,1260.2324867093078
2017-06-06,187.56119679085944,362.9292744271072,225.69418709829395,284.226183255113,331.67330501601526,469.0203506114353,399.71225948291243,1313.5308068221507,1280.2977499155566
2017-06-07,187.85534099333466,364.3530046764462,227.0386056897133,283.7165656699456,333.277296896356,472.32640964746474,400.5231536240195,1329.3995773422284,1304.9712749241437
2017-06-08,187.90553682872024,366.4462558016399,226.48337951724557,281.9922332745561,334.2023838237736,472.41991744663414,404.68215867232954,1425.8594875476324,1342.525738246712
2017-06-09,187.7495772560653,354.66642479358154,217.70103581504986,275.6037343758914,322.8347330299645,457.4748666572897,391.3156980322906,1333.678893103747,1296.5169296473434
2017-06-12,187.56581488311232,351.3931553580878,212.49893206135573,273.48744267908745,320.06933997794584,451.20877382145517,388.2814311084847,1336.9773242544966,1302.64902905182
2017-06-13,188.41201902804804,356.8094690716126,214.20852121808974,276.89707383831916,322.96119847418305,458.6345631547341,394.140615156295,1349.7257244889117,1364.1149428658223
2017-06-14,188.2243925370875,355.73418907029435,212.11891677416997,275.4078612848672,322.1059525804434,456.6144593346765,393.01591719096984,1352.5783146534816,1381.204886941688
2017-06-15,187.80284553650074,353.5174466895482,210.84761863022186,273.9576823629626,319.5268960198152,450.86274858523075,391.8388516563101,1358.373042032761,1361.90159444187
2017-06-16,187.8561138169362,354.73279695123773,207.89591715589998,274.3496580581744,319.0077920557358,461.87048242229076,394.0360808135205,1351.6870631957859,1347.6055083526755
2017-06-19,189.424191753746,359.67760190401185,213.84327870743482,277.75945315537973,324.53193150210245,465.35888345051984,399.8691212358425,1402.5022588566283,1341.79999748259
2017-06-20,188.1556866339781,357.6926385335226,211.89972330421685,273.9968799324838,322.4586855902123,464.1524508916821,398.24741327198615,1400.451889717211,1350.6533911783984
2017-06-21,188.0460587787012,361.0032638567677,213.15648848943502,275.4078612848672,325.6534015996204,468.66026888040994,402.58954417625137,1421.669374424523,1365.747677916332
2017-06-22,187.96035075635868,360.68936075920936,212.80575495572992,275.36861453395386,324.99781107668053,468.2253737747727,401.25549641112474,1411.8629391989523,1388.280418196307
2017-06-23,188.25374098458857,363.75267492317676,213.75560131945358,279.09190821834176,328.1492215549574,469.3663758476597,405.62381110005725,1371.3892223882692,1391.3283010220296
2017-06-26,188.31319185383606,360.1111102083956,213.0833680419638,276.4268997296335,323.4902979888364,464.80243890887704,401.752466250477,1356.4117033258872,1369.7027626498882
2017-06-27,186.79297243225116,352.6006792021896,210.02924038490994,271.2533451543542,315.50364856769,456.7594124777614,393.87909858305363,1306.7553670379675,1314.8406641654337
2017-06-28,188.43825733178693,358.0420015416139,213.09799692781408,273.5657886367377,319.80311577416757,463.0956094056859,400.8370377665955,1352.845750362843,1347.0248949792333
2017-06-29,186.8176839381432,351.7722064784068,209.95633577345947,268.4314316309796,312.08596275749886,456.3619418976215,395.08234790238066,1307.6469629073947,1308.9624857892852
2017-06-30,187.10411875395954,351.41466135812857,210.45304640252613,270.1559443581402,309.37716855195276,452.65373867531275,394.92536567191377,1288.7471969459289,1312.0829323103478
2017-07-03,187.5364852849674,346.36105567767197,209.69325564595556,267.1773553132625,305.9761760781422,445.9480771277016,388.2552473238174,1242.12194220233,1279.4632155137858
2017-07-05,187.80902812531278,349.00906219125375,210.55535267635767,270.74384232576836,310.2357377745277,454.2436209958724,393.2513302979018,1275.285520015972,1186.8289626207431
2017-07-06,186.0494784288911,345.1591904459901,208.56805450626942,268.7451105499332,308.7149569354102,451.3163381154254,389.27541094636814,1279.1192531001093,1120.5735334821372
2017-07-07,187.240776585933,350.3629512946502,210.6869167218897,272.2331860295993,313.0809929748663,457.685285962708,396.1286551504197,1308.3602396029364,1136.5023546218415
2017-07-10,187.41449225206642,354.6314385364319,211.97277180634785,274.27119734394256,316.47204102623886,465.9668090124608,401.517133461903,1370.2301047065478,1146.7708960928628
2017-07-11,187.26780656262954,357.19068436060513,212.65965795146795,274.31037851966636,317.3139424765012,464.87257867734985,406.1470450424347,1389.6650003955353,1187.3006785458142
2017-07-12,188.63591168021088,363.2460824017728,212.96650482762226,278.8568539515937,322.0161204456175,470.6616782759102,415.6421608328934,1448.7703586348596,1195.646126374243
2017-07-13,188.98952560128976,363.91951205444406,215.93293111491474,281.28680817355394,322.4121334224497,467.91209945790627,416.5838132606211,1432.0105949658844,1173.4763083816908
2017-07-14,189.87276873102928,366.5688304333465,217.78871320303114,285.2452216998794,325.09428986917715,468.4638703934097,418.4410146497672,1470.5232313784918,1189.332565826055
2017-07-17,189.86272202420972,366.76126780268055,218.54852794138182,287.47923725562583,324.7781390406649,472.312353152664,417.8132062054365,1464.2830074247636,1159.5430407691958
2017-07-18,189.9762328468503,371.5968679223424,219.30839064329265,287.2832658018174,328.43541129581575,479.0507299432504,426.0005383337937,1479.5277038877089,1191.0017384403193
2017-07-19,190.9969066321648,373.6859916264997,220.6821149699727,289.4781657570295,330.3721962129134,480.18234912747613,429.3486492409965,1471.8609265428975,1180.188917348887
2017-07-20,190.96755818466374,374.6301487344041,219.68842991225847,290.8888848086549,330.1791363716484,481.0381185203327,430.36881286354725,1493.2562999094305,1197.0975040917644
2017-07-21,190.89730663435134,373.99729644887685,219.58612363842693,289.20376637658387,330.72825255151764,479.62123097969396,430.107215971948,1498.6055307142615,1191.5822480030386
2017-07-24,190.69424252071684,377.41887848636577,222.2456071224448,288.4589633742894,332.2157745382139,485.83116918909093,434.2138936101024,1481.2213485764225,1242.8159540990507
2017-07-25,191.25167452967557,375.8471060992957,223.19542950438836,290.77140685667297,322.47200446962165,486.26139068858896,432.3305887546468,1474.0894426503344,1232.2208240936384
2017-07-26,191.30573448306868,376.95283992217384,224.2475341783833,290.222706458566,321.2340644784591,492.30768133034377,433.19381030590955,1491.1169864404026,1247.641699365963
2017-07-27,191.11965363931117,378.455939387097,220.0098097471427,286.7344670409261,316.9745027820736,489.12788101284184,445.82784784048533,1441.9067494474614,1213.5706048518796
2017-07-28,190.8633400945974,379.16037424477713,218.4608985169607,286.26419456945627,318.9112365710353,476.9885279915561,451.08548754699,1465.5308111272973,1215.7839532758317
2017-07-31,190.7243637918194,372.73590885112475,217.3356494137144,284.93164114371,314.6417560162797,461.90319766526613,442.71510988103546,1448.7703586348596,1173.6939994677105
2017-08-01,191.19146968618273,373.75181399167303,219.26467185820243,284.4613358846454,314.9945145901166,465.835876687794,444.31071437858236,1466.422665305523,1159.5430407691958
2017-08-02,191.28565991878565,374.95018296136124,229.62506465338026,283.20724317313096,315.35386869348827,465.6955614744657,442.84590832683506,1465.5308111272973,1182.474829468179
2017-08-03,190.86795818685027,374.45544109305564,227.33087164357752,282.7760863021954,312.9112731276525,461.50105347898693,440.9886667785099,1484.163313585267,1259.3979523075373
2017-08-04,191.2285275203427,377.00638911906674,228.52904934005437,284.8532787922624,314.73823480877627,461.80968986609673,443.68294609343053,1490.6706288366256,1295.0293219875134
2017-08-07,191.54351911070248,379.76721514110017,232.06545059456528,283.75594357123794,314.7249414934349,464.0027884660752,449.85609460217466,1536.4951263049302,1288.7157614393252
2017-08-08,191.0810501579482,380.0779140326138,233.9212806462418,285.28453402598217,314.2057864012196,462.86649567571027,447.89431871107513,1518.2187455771345,1325.181665521072
2017-08-09,191.01157143123726,379.33684831323444,235.35332866208228,284.03024458889934,312.83808320107124,459.20502851479483,447.76343994691763,1534.3540907772458,1319.0495661165953
2017-08-10,188.246785572175,371.0306734865553,227.85695995324514,279.8757940335758,307.3505770640972,447.47252896231043,437.876009137418,1468.6513536188256,1289.5502958410957
2017-08-11,188.4869075199695,373.8887684582673,231.0256245919725,284.14788647885496,309.5136295467452,452.6490650691734,439.6547394909201,1390.3781048852113,1298.5125869852757
2017-08-14,190.3800237539586,379.71106085059927,234.50243112297863,288.41984777375507,312.4553891036484,459.80828047059646,446.63874198159243,1501.2798878078786,1320.0292279090456
2017-08-15,190.28506069775415,380.16091246951476,237.06968068079956,288.49863636393445,312.17254825569336,459.54641582126277,447.29265389223264,1488.6203458001412,1314.6954329640312
2017-08-16,190.55528506729502,379.51417604872984,236.1160931593831,290.1929353225348,314.23242416003825,457.41407410109565,444.676925931314,1472.3067675290772,1316.7999877503346
2017-08-17,187.61369224769336,372.39599550076673,231.58303310642773,285.2676812022818,308.7050125129722,449.179322789119,436.59428878244694,1439.4997419602732,1276.9232785554425
2017-08-18,187.26935220983253,372.41540006166076,231.05497829079334,285.6222790394809,308.2124440514395,448.1973303541175,437.90215276290627,1439.7670915667022,1260.7404325766872
2017-08-21,187.48708112253948,371.2406183031605,230.62951753035148,284.28264349326906,306.4454045456236,445.77508234778065,438.86998897530145,1418.8166981570205,1225.9073673561732
2017-08-22,189.35084890902755,376.3357063832814,234.39971715888572,288.26227059339647,312.9445831082097,452.13935658892393,443.7352333444072,1450.4032146529971,1238.5706145841348
2017-08-23,188.69690819666135,375.5958279792927,234.69308627463369,286.528560945909,313.6700657929635,447.9775638364206,441.3026713986227,1479.4023380175122,1280.0074951341967
2017-08-24,188.305463617821,373.9545585495537,233.65150960209488,286.41042724203214,311.77648415072525,445.3822853737801,438.7653743141691,1473.9601160452278,1280.5881085076392
2017-08-25,188.6204740575369,371.8662162371103,234.51710797238908,286.92256947199513,309.65006497746975,442.0201073876958,435.05101169505565,1461.646707827456,1262.8812173052995
2017-08-28,188.71234581933533,372.9042162624959,236.8790255291445,286.96198016088215,308.86141348077666,442.375479836199,437.4574701745308,1471.9966247650332,1254.2092847532024
2017-08-29,188.8713966863963,375.02983945999557,238.99146062770268,287.8288185908285,311.3971133821377,446.1351284024232,439.57618813691835,1469.5869480869274,1260.3776140999876
2017-08-30,189.7430663114694,379.14940112321085,239.6369542204006,291.6113922465207,314.01942434576114,452.46201379445176,444.4676966090493,1478.3319063566028,1281.4952066047497
2017-08-31,190.82858188188578,383.3316000371499,240.59056572359717,294.6058504872565,317.88299862938254,458.54569328532125,449.82991081750737,1511.8815697210425,1291.3645958460397
2017-09-01,191.2069073088567,382.39106715038247,240.6639259888692,291.3355174243115,316.80143404195655,457.446789344071,449.96074942248595,1520.982649720892,1289.5502958410957
2017-09-05,189.76314087575238,378.8401450108129,237.77392963469933,290.0352925669867,313.3039883397173,451.3771306716195,446.56027094594845,1480.3840836576094,1268.4690370893654
2017-09-06,190.3568578952696,379.7389741263251,237.52447115828218,289.2078648259274,313.4836526093692,452.5601951997605,450.14379496008326,1479.4915406559214,1250.1090726289663
2017-09-07,190.32289135551562,382.8104099457617,236.57083567330557,292.91155152865605,316.10261468008935,458.01729038051445,453.0734873819358,1486.3625546955427,1272.1700969838703
2017-09-08,190.03952898474918,378.194998647163,232.7126708754291,291.49312739226485,313.28064834566607,451.67171056392857,447.161895605612,1460.5750707254872,1246.0089643154533
2017-09-11,192.0994243218143,384.01901110130143,236.9230320955957,294.56650537355887,313.90630334502,457.3111834132648,453.85819773837557,1507.9556203958475,1319.6301794900376
2017-09-12,192.74563679816544,383.6195135644699,235.9841454053697,294.25121986246256,315.0243989855666,459.4716024466506,452.4195754712956,1513.398875603326,1316.2193743768923
2017-09-13,192.89156851335693,385.12852642369535,234.2089420983302,296.3395601347439,316.2856534067124,467.43043261449293,452.6549082598696,1520.17982597521,1328.8463916625456
2017-09-14,192.67924936586053,382.32106554412877,232.19914901852468,294.6058504872565,312.85472540931585,463.9747468292392,447.1880793902793,1511.524759167406,1370.2470422702988
2017-09-15,193.0351629083878,383.69593903791406,234.54641370764975,296.7336014484248,311.2440868713045,461.44026092279285,448.9667695846025,1607.088165636212,1378.1207741736569
2017-09-18,193.31620680834973,381.39356812576057,232.7712823459505,296.14260505309295,309.4004574178681,455.5482706364016,444.70306955680223,1673.4738712578185,1396.952454559127
2017-09-19,193.5308255772945,383.52603475098107,232.8593914059732,297.24584204117207,311.76651416421925,453.5234932102046,451.2685732437663,1671.6894740779046,1361.030726287068
2017-09-20,193.653591433797,382.7197621430895,228.95717207808542,295.2757010479571,315.32060984106687,455.09000750006754,450.3531046007058,1658.215398325621,1356.712926887535
2017-09-21,193.06373853228735,379.48185716015314,225.02545516069623,292.399278148314,315.3239076058343,451.087188709067,447.5804345684992,1612.8882313973268,1329.753489759656
2017-09-22,193.18880401023821,377.1051640319495,222.8249589656754,293.1873935632706,313.896307794446,446.6214688519759,446.0894447320846,1597.1835730672178,1273.9117294827513
2017-09-25,192.7595287736364,366.80415025265233,220.859148470541,288.65631190707734,310.9079705057122,439.46221777417014,426.0266418001031,1525.8014864595066,1251.7781414325075
2017-09-26,192.77343959846348,368.7814022096863,224.65872577967616,288.65631190707734,311.956199548513,438.90577323252734,429.53173493777285,1534.3673506289012,1252.7215732826494
2017-09-27,193.5609468483971,374.292437054067,226.2576869848901,290.98088679951763,319.43374055615396,444.64342748717235,438.6083519245233,1568.0062166317502,1237.1918005619534
2017-09-28,193.79411338377798,375.5012291255578,224.864153707862,291.05980654007595,321.0676679600807,447.2293587375341,441.35491849042046,1567.5603756455703,1232.2208240936384
2017-09-29,194.51214190700068,379.08332465799793,226.09640951383594,293.50261349917736,324.0327163828991,449.5440781262835,446.95266628334724,1595.1317401779424,1237.6635164870245
2017-10-02,195.26568261718032,377.42676467882865,225.6416669999135,293.97544340303756,321.95287494147425,448.5340083780633,443.2906310743896,1597.1835730672178,1239.2237916529173
2017-10-03,195.6872296177671,378.2815499390003,226.62456025659066,292.5964299555335,323.48697466000107,447.5566895492013,444.5723112701816,1600.4851039235493,1263.2078058396905
2017-10-04,195.93119683421293,377.59490890251783,225.15752282361,294.29072891413387,321.7232840470885,451.46129125851024,440.5440645084923,1613.8696326256927,1288.135251876606
2017-10-05,197.03757864186997,383.4337900727471,227.95955400843764,299.3340183754796,327.84968737062184,458.66260479157006,447.9204623365634,1612.9770896240047,1289.2963748127677
2017-10-06,196.82603231797506,385.3050741311623,227.82751032730394,299.45234880492495,330.66168371853905,462.7449105633221,450.51000651281487,1617.7060349007477,1294.920424539142
2017-10-09,196.47087274969317,385.1491317095529,228.6196525052057,300.5949636942963,330.2191185739443,463.4042457927957,451.2162859927896,1654.2004185678825,1244.339895511912
2017-10-10,196.9271591136354,384.7934780208751,228.70768961988816,300.5949636942963,328.7182265797028,461.6319858036538,448.83597113880285,1685.7874516814559,1290.2397028521866
2017-10-11,197.2823186819173,387.3424446120516,229.66132510486483,301.1071059242593,334.6583701040496,465.2793964697684,451.8440944371204,1703.7218315600614,1286.647540406053
2017-10-12,196.94955214872292,388.00526751995784,228.85438616865224,303.86523118205184,334.6583701040496,468.05237899485184,451.3470442794103,1704.5253441292061,1290.5662913865776
2017-10-13,197.12249499125485,389.954136184377,230.30679471578264,305.32313158251947,335.39714610414467,468.9922732982165,454.45986255721806,1736.2899214902698,1290.1671391568466
2017-10-16,197.46760785271715,391.470761135307,234.54641370764975,305.9535058791436,335.8895867453375,470.58219129515885,456.5001094839616,1766.0923852180638,1272.133763230839
2017-10-17,197.6004204160392,393.59018001896004,235.41203605972402,305.71714010860563,336.4387029252068,471.88684093568804,460.65915469145045,1764.4863933149684,1290.820316225629
2017-10-18,197.7471061054761,393.12198001346536,234.3703394782848,305.79599427397443,337.0177546286621,466.2146171669938,460.44992536918585,1762.9697762561477,1304.9712749241437
2017-10-19,197.81196673993412,389.6462655763093,228.8251523787318,306.97792148944865,333.39046902523313,461.35610033590206,456.60472414509394,1764.9327509187451,1276.5242301364347
2017-10-20,198.82413946563207,390.4197579154092,229.2211155496723,310.5240637994134,334.46533582685254,459.62590280201414,457.70335880328855,1756.9021025798054,1252.1772936622385
2017-10-23,198.03431374489395,384.6681239711148,229.10379668150918,310.60288517718743,327.96618282833435,451.8587618386502,447.9989333722074,1754.4037398808875,1222.8594845304506
2017-10-24,198.35471510046426,386.0694815983639,230.46814413217703,310.7212483942276,328.9478686022245,456.34788540282074,449.3852683883108,1772.7849939808668,1224.0205036558893
2017-10-25,197.4297771949557,383.72701106350576,229.455897176679,309.8149009126099,329.9362521619213,454.94972796312203,446.24638680337256,1727.9925262654306,1182.2934721351905
2017-10-26,197.68069982381508,384.1355021053161,230.92293460965965,310.32707593016767,329.92288215437605,454.725252162903,446.32485783901654,1746.1058280384514,1183.490825013661
2017-10-27,199.2765805609229,404.6072022536257,239.19691253766865,330.22494913004675,343.98273607362245,514.8234745960519,465.2890261128033,1801.1590100530555,1164.2599923984599
2017-10-30,198.6403959420352,407.8216759400676,244.58084614794754,330.54013627835883,343.8031229321066,519.452877697168,470.4943384091523,1818.826643045762,1161.3935707164485
2017-10-31,198.8280035836396,408.4250939861257,247.98424445012145,327.74260033167934,343.7731618444526,516.8482520222489,470.9913484076836,1845.327059299628,1202.9392449041588
2017-11-01,199.1445596705585,410.13153712136636,244.83020869724436,327.74260033167934,346.9545078463155,516.1000469233624,477.79230536075846,1848.8069954327777,1165.0219631048906
2017-11-02,199.18239032831997,405.7700890392534,246.61999292657396,331.17057615017245,347.0775988335627,511.67638952152527,468.0093687348544,1837.5638466700498,1085.8492618992716
2017-11-03,199.79927320652618,408.4848720432019,253.06025200414237,331.5251739873715,349.4136944922599,519.8036122159145,468.0093687348544,1862.101804878915,1110.6315805455072
2017-11-06,200.05326828043545,410.24447345219767,255.62745359840315,332.8254644198858,346.98112004106616,524.04021834303,471.27904876559217,1870.4896081832228,1098.6214065756049
2017-11-07,200.01543762267397,411.1136628663126,256.44890151156557,332.03738179252406,350.21239266766287,525.2139356588924,471.48835840621473,1891.9037519891124,1110.4864531548274
2017-11-08,200.30419090929482,411.60052536058214,258.5467796696138,333.17996389430067,352.17581534357913,529.7545045669784,469.68352458640317,1866.2958787369344,1104.463251198722
2017-11-09,199.55066904847132,410.0048093858823,258.0186768904193,331.3281861181258,348.6583274120561,528.0009390023938,469.00338873191674,1832.0322498534904,1099.3833772820353
2017-11-10,199.37154361712734,408.7928849291092,257.1647816288053,330.4613476881795,347.47031404562756,526.2333526193912,466.8061997338852,1928.5774019623937,1099.3833772820353
2017-11-13,199.56765231834828,409.73116091659836,256.134116666204,330.69771345871743,346.48865383580534,528.0196334269511,467.61701355663445,1897.258148969913,1144.412420278231
2017-11-14,199.10672901279702,408.58279965291143,252.26206641765984,331.17057615017245,346.63503368896784,531.6062515368717,465.78595579297667,1911.0883464523708,1120.1018175570664
2017-11-15,198.00652979395204,406.72854529732814,248.93471434012721,328.5965532368897,344.89458081383464,526.8599369295067,465.47211180957964,1873.6127337627358,1129.5357208155942
2017-11-16,199.62940280904417,410.1173675213057,251.9086709063656,329.4677852045323,348.9079094075898,531.8166708422899,469.76195546286823,1888.1567245583324,1133.8898539681584
2017-11-17,199.105183365594,407.8510179034936,250.50998154661977,326.29981501239047,344.72153763778556,528.3516378447576,468.2186382162979,1885.9259697746418,1143.1423998936978
2017-11-20,199.3591784395033,407.1156105692533,250.25973167145992,326.8145474623385,344.31225690967995,526.6822328670638,467.5386228393483,1910.1963200682796,1120.2469449477462
2017-11-21,200.66321459558424,413.81379534382853,254.91217302566548,331.5270100926774,349.51689663463105,532.8454350150674,475.6996507055014,1927.7738893932487,1153.1569165256678
2017-11-22,200.51266478813986,413.26359830105224,257.5917052778322,329.111384049622,350.0559916998584,540.6406176152675,473.11010652925,1919.112967586013,1134.252776255581
2017-11-24,200.92493790550856,417.08260734642755,257.6064300908028,329.7053969036707,351.58674252548195,554.5943287573318,478.1062296625133,1937.2383237696295,1144.9566998986418
2017-11-27,200.84773094278262,418.87422717865803,256.31086238541127,332.1209573715366,356.74148118976706,559.1910166154724,478.76010141397455,1912.0587265053348,1149.5285241372258
2017-11-28,202.82578237551272,418.4028556955673,254.80907535309126,336.1204209664865,353.8396782710918,558.1482316242771,477.16453707560663,1881.432257710383,1152.213588486249
2017-11-29,202.75089388359126,405.60131933854365,249.5235389864904,330.02219064412543,345.2173783000176,543.0301503786291,458.09575414068746,1753.8366659652866,1115.892811795182
2017-11-30,204.411616405801,409.66666223535213,253.01288798847966,333.30898307963383,344.8146931014468,550.2688884371862,463.4579281899666,1792.1423109273771,1120.6460971774773
2017-12-01,203.99777879187315,406.1657709844351,251.83507082329274,333.6652858717598,341.1208897931752,543.5351852527391,458.01724294586455,1765.0873917861031,1112.2280856537084
2017-12-04,203.7831411735722,397.3314471799527,249.9947569833295,321.072816657672,336.7282415589684,530.2548301585664,448.5221271554058,1666.6899933862182,1107.4022365760732
2017-12-05,203.02111825313216,399.69141788909343,249.75913599401989,323.09220461819825,339.30057476972206,533.8180802377902,452.0795075440524,1676.333005245283,1101.95964799341
2017-12-06,202.99795239444313,405.43460925729624,248.83159268577293,327.8046016733477,343.66668750138206,538.8590104138469,460.5283562456509,1689.9054105468558,1136.6475858232443
2017-12-07,203.59321506116333,409.96615799703466,249.28798994252105,326.6561505921112,347.6100472411194,542.3380642297973,471.20057772994824,1714.2809786244086,1129.3180297295744
2017-12-08,204.71426166789283,410.93265318033303,249.36159002559398,333.26934287758354,349.2107157926248,543.3715020087141,468.2186382162979,1709.816885969043,1143.4327584857804
2017-12-11,205.369748027462,414.0500947437879,254.22015477960773,337.5065165344561,350.0726083440351,546.6074212762709,468.3232930366092,1738.1215030773728,1193.432777950291
2017-12-12,205.68784976158395,412.5159718913843,252.79199181214062,338.8923825892626,349.0077370929897,544.8117932564322,462.88252747414924,1704.0128594730177,1237.4094916479733
2017-12-13,205.590568234575,413.55258186682164,253.63121022434413,337.9816415699487,349.879599630906,544.3675509385163,466.3876206118191,1662.4037893900738,1230.1526030603661
2017-12-14,204.7536379728573,413.75200130522194,253.5577060683916,335.36810960499474,351.90286778992623,549.1045183336025,466.62303371875106,1664.9929045801916,1226.0161609938216
2017-12-15,206.59116745560647,419.1296695392023,256.134116666204,343.9215405972719,356.7381578609317,551.3864868029939,471.3051923910805,1710.4416488496379,1246.1904254591645
2017-12-18,207.6990760611104,420.8934947363337,259.7412162083979,342.0605167193782,361.0942750420177,556.7360176897777,472.97930808345035,1767.0519163014915,1229.5720934976466
2017-12-19,207.0281520788672,417.8095939235421,256.9732871148473,339.88243680027176,359.32715884399795,555.2396431683874,469.5526859814246,1751.068801086619,1201.3790735489888
2017-12-20,206.85675488353831,415.08189681919185,256.69358761374633,338.6548036777189,357.25731295314705,550.6757062296048,465.31516973829173,1757.229982548012,1193.6866989786192
2017-12-21,207.26750120306016,414.6790723446328,257.66523341556484,338.5756872115921,356.35546376350885,549.3383056697174,464.1642478291203,1749.1042765712305,1203.4109608292297
2017-12-22,207.1725381468557,413.6265727073283,257.66523341556484,338.61522905085815,355.6933032751022,546.3455566269372,463.5102957593012,1743.5682024021642,1179.9712262628673
2017-12-26,206.95326358694578,411.19866455701396,251.12835174604444,338.1797114298211,354.69160083599616,550.2735620433256,460.34523038969564,1762.9444619938965,1151.270156636107
2017-12-27,207.11695139561576,412.65123902462085,251.17255016673633,339.40724618958967,352.8113380731672,552.8454367988866,464.6088902583169,1760.5330632571342,1130.7694074470958
2017-12-28,207.49680362043352,413.27511371483183,251.8792452622045,339.44682081645044,351.39708270525614,554.6411004951079,465.39364077393566,1762.5876514402598,1144.2672928875509
2017-12-29,206.4213159074806,410.0605713895599,249.15546662578572,338.7339857190352,350.54850903325513,546.8646123194652,461.5746634936899,1727.764353493438,1129.7171819593054
2018-01-02,208.13530671012575,418.3869178501507,253.61650939315362,340.3576274109538,357.14081749543453,556.0018690856919,474.54876895550893,1779.9985254872752,1163.026409577681
2018-01-03,209.46712681714862,423.5023421155505,253.57238291780203,341.94162890082214,363.23401309468255,563.1049655370603,483.04994506726314,1897.1475928041627,1151.1250292454272
2018-01-04,210.31099364192366,424.3432905148904,254.75020008298895,344.9512350103314,364.6449706978262,565.6254306250886,482.160620049691,1907.1479318344607,1141.582228538528
2018-01-05,211.7902722619849,429.9061913138625,257.6506285114947,349.22788493128047,369.4802352047637,574.7673609974545,488.7523075213223,1923.3094523261514,1148.6939897354553
2018-01-08,212.1423405358608,433.6414255308027,256.69358761374633,349.5843516613802,370.78476959297274,583.0581955831033,492.49277360674506,1982.2410548470302,1220.6461361064983
2018-01-09,212.41874749421373,433.2321635521996,256.6641619695852,349.34670717464707,370.312192232588,585.7844063704106,491.42028257403877,1981.7044613696503,1210.7767468652082
2018-01-10,212.18248966442678,432.9072668777944,256.60526271770283,347.76277125996825,369.4303597081657,586.546632287715,491.3418115383948,1997.2417355983428,1214.8042914833813
2018-01-11,213.67490628571363,434.6556787938128,258.06285132933107,348.7923345226487,370.0659335658897,596.9978859067496,491.15872584161843,2000.8132852520205,1226.2339558905642
2018-01-12,215.11712707161493,430.54041728511345,260.7276587685272,354.81151395407244,376.2556335217022,610.334359950977,469.186474428693,1990.991695910272,1219.9567290954076
2018-01-16,214.35894941982622,428.4755258153215,259.40261745541443,349.86150519978463,376.27225016587886,610.1753146367088,466.62303371875106,1965.3650522187381,1233.8899967079024
2018-01-17,216.37714998112236,430.4366121914828,263.68701043069535,356.9497897331549,379.06760430555147,605.5646416365328,464.5566431665191,2006.5282813155022,1259.6518733358655
2018-01-18,216.027400178051,432.1221432116591,263.9225834564448,356.7915240133065,378.0259707922854,604.7790476885316,470.3112527123761,2004.027679940331,1250.254200019646
2018-01-19,216.9747311186471,434.1639011229277,262.74481425481804,356.395482656346,380.53183742633234,605.3682074731498,474.2087010282657,2054.65517120761,1270.0293122552582
2018-01-22,218.72500693185071,441.8380550575903,260.59520739713207,362.7710304550852,387.4070123005348,620.6733756699022,484.88096267174194,2086.6214016373547,1275.6170282286012
2018-01-23,219.20059503647445,448.32147166042614,260.65410664901447,363.91941596113224,391.4036731219773,637.1475162236121,495.29158726444,2133.230641235448,1280.0800588295367
2018-01-24,219.0778480293281,443.98619679151386,256.5021890269087,363.6024582827038,389.77971570455657,634.7954436621308,487.9675570057035,2105.4617565751696,1255.0438191549729
2018-01-25,219.2098689196925,445.59753378206403,251.92344368289636,365.6221413315829,393.3903590997409,644.3535033628112,490.40015911066695,2110.3720346284467,1225.109062896711
2018-01-26,221.80557605423036,451.49491523618286,252.5123162928197,372.4728469534095,395.19403191494933,655.623101849205,496.99180642311933,2172.696953732051,1244.0133069775209
2018-01-29,220.312386609342,447.97204501368446,247.2857031598813,371.9184743014111,394.8346266834418,662.931979676235,486.47652701011,2204.126590684416,1268.2513460033456
2018-01-30,217.91124252882207,447.99018612008837,245.82811454825313,367.245717448312,391.80298386357686,672.34975983997,489.4585066829392,2167.250598818991,1254.7897943159217
2018-01-31,218.0177979390491,451.3336362591804,246.50533603600002,376.2347972120053,393.41697129449153,678.461552320441,488.85684186409674,2194.7515311523102,1285.5953149182626
2018-02-01,217.87650316546663,453.24855552188865,247.02065652641062,373.26483130454625,393.2073203731178,649.9883026060081,505.0745238903442,2147.427809417616,1267.2353504578637
2018-02-02,213.25565890657523,445.2192520075714,236.30243159062334,363.44415977526074,372.4453091916501,668.6695982544973,497.72422952858244,2085.102890314012,1247.2789846999863
2018-02-05,204.51660731946885,426.7222082684853,230.39850104281774,348.47560635738347,353.5401696508242,649.9883026060081,474.1302299926217,1908.1300218862893,1208.7448595849673
2018-02-06,208.08356522753718,438.83981777746357,240.027353618362,361.66218678830427,360.87462857007006,674.6971944716947,484.724060759633,2014.207285276775,1211.7927424106902
2018-02-07,207.04281687793969,429.85036885346693,234.88894547256666,354.85105579333845,351.21736730746835,662.5110697126329,471.3051923910805,2042.9579155771507,1251.814475185539
2018-02-08,199.27117079571238,409.106619838806,228.42563990433908,336.6352845668136,335.3438961505754,631.5174262629372,448.8097471949566,1942.2388376965098,1143.79557696248
2018-02-09,202.2475029786695,417.9500689711857,231.2196611746192,349.18834309201446,348.1758056292333,626.4204128132086,460.65915469145045,2072.2454837666373,1126.3428144099146
2018-02-12,205.06169300015964,423.33799302823076,240.5328655607189,352.95022777542073,350.93452645951334,648.2253898291449,461.44386504789037,2036.0820797732908,1145.609876967424
2018-02-13,205.59750479763238,423.170071085256,242.94253084161838,355.7222549733863,350.7947676999535,661.4496259732629,452.91654531064785,2077.156106231646,1174.3834064788014
2018-02-14,208.35301677347653,433.8616202611692,247.4216558711684,361.29224435676315,356.9710976482208,678.5363300186704,469.5787894477339,2155.6425458269405,1169.4849937058261
2018-02-15,210.8676528272809,439.43192632623226,255.72973589045458,368.65260035135185,363.18076314111323,683.544509275369,470.72979167526324,2201.0017430462467,1212.1555608873896
2018-02-16,210.94640543720988,435.86109165297034,254.90190882379022,366.02664188798843,364.55848745590356,677.4327881476635,463.9287945630094,2177.2507656434227,1217.307894688693
2018-02-20,209.71418532800047,436.48524362587204,254.04441629516393,368.8912612535222,367.25063945320505,686.6261638639448,460.39755779985126,2224.0385827242003,1214.695497845733
2018-02-21,208.56149065232157,437.92860594428,252.89130036346185,363.99761437460614,370.6316919540036,693.4393540291435,465.3674971484473,2156.4455417784884,1209.3615990899953
2018-02-22,208.7645359165999,440.2539094986463,255.00543816840593,364.952585859235,369.3504719957778,694.5709375369864,468.19253474998857,2163.5046046234047,1256.0597108897318
2018-02-23,212.1106924669114,449.0793320741928,259.44019690480354,374.2225569471339,375.40371095679785,701.4262258338217,479.44023726846103,2197.276930172136,1277.3949944805136
2018-02-26,214.60448113283124,454.75298367091864,264.569899664429,379.6333953456042,380.59835513117497,711.6904638545174,483.73000060339166,2203.0845729913394,1296.8797481240429
2018-02-27,211.87752593153047,448.1227554291122,263.71250306292296,374.7795198191174,371.8828996964395,707.0282741576605,474.6533836166413,2198.4381143242454,1273.548807195329
2018-02-28,209.5265776863961,443.48715385956865,263.3133742970116,373.0687614879535,367.36043712511093,707.2480406753575,466.43998818115364,2162.16449857688,1244.7752776839516
2018-03-01,206.7347618506373,436.2745737832147,258.70110242444406,369.4084527730764,356.5418513830353,698.3633370225685,460.2145122622539,2074.6945955879783,1200.7622302332381
2018-03-02,207.78323843624986,438.6617186506136,260.4898554372301,370.20430606039344,360.77812421350546,701.5431016636878,461.9931622973982,2113.3813321307625,1215.965414419543
2018-03-05,210.07550863573826,444.38310287159106,261.3916183318885,372.5514388180203,364.3121776610693,712.4666392374744,471.8806332660767,2105.429726284158,1209.5430602337065
2018-03-06,210.62986819964712,444.26530454787365,261.1698108479064,371.27842766433633,366.35543692123747,719.0273833183834,470.2588851430415,2163.5934628500822,1190.8565072389165
2018-03-07,210.5279497310291,449.37088618687426,258.74539677225624,373.4267692350064,371.06093821918915,722.4690126088364,480.5388317674767,2160.7341566567525,1205.7332067015532
2018-03-08,211.46755243561012,449.7909590084854,261.5689875773779,375.694588800938,375.83300835011937,725.6768902395571,476.95522743498407,2154.8376556108706,1194.122184961382
2018-03-09,215.14261140110844,457.8254731645802,266.06295732879903,384.0893278346351,386.3022099753294,738.3166045288135,484.5147109598315,2191.9163337801715,1187.119217402103
2018-03-12,214.86852291356007,460.41363980068263,268.635171115097,385.0044623916452,387.996033990496,747.4351311941001,483.2853180150162,2231.4964743539726,1253.6650051327915
2018-03-13,213.50119061958023,453.2099800448596,266.04818455226825,375.6150133084847,379.3371007100292,742.6607035971338,475.752018274836,2213.1803140712104,1240.3485808360476
2018-03-14,212.27899836783425,454.1785593939568,263.78641490913697,373.38699788257713,382.3254891268989,743.9794454088465,481.79436833778044,2222.3826511200646,1185.1598938172021
2018-03-15,212.1130109377159,453.8205801671708,264.09681108874344,374.69994432666414,382.8978430445475,739.9204719914084,480.9311467865177,2227.744108541357,1181.4226039803887
2018-03-16,212.4743342454537,453.6986580589112,263.16555060458364,376.371029668183,377.5101645929734,734.945043654068,484.1485395662788,2237.9292244655026,1166.001624897341
2018-03-19,209.45630728672754,436.0885943732051,259.1445974835079,369.56760375798297,366.0792682950211,722.4362616894782,451.3732280640776,2153.2294250315217,1137.7360412533433
2018-03-20,209.7666807848344,433.8995511695826,259.05588887898307,370.52250966742236,364.6582895772355,741.8798189316547,439.83782518769647,2229.887554951161,1126.8144265242627
2018-03-21,209.3798731476031,433.6599498327939,253.18701969365796,367.9364209192724,364.05929790076823,739.7054147562335,443.081361592946,2220.7744205407157,1148.5125285917438
2018-03-22,204.11127076515757,422.1550400670264,249.60956163164596,357.2340909672144,350.4653235560999,722.4316237597218,431.31042513209604,2160.8233592951615,1121.5531952745878
2018-03-23,199.8316940990771,409.4624644434347,243.82944901440578,346.85009577256426,341.61340712657193,699.3500030637094,416.92384102868544,2081.48553390007,1094.1221460323607
2018-03-26,205.2585745249821,422.29423234130377,255.40454295253724,373.108631203167,350.77812549170886,727.5473316340077,418.67642775669924,2184.3211940754722,1103.701280492291
2018-03-27,201.7124640047983,402.99842762787546,248.85569437475573,355.9608830879619,335.08766749737106,700.0467628186805,398.16898239552114,2014.9221118251078,1012.990017431118
2018-03-28,201.12413790113553,398.6084348837129,246.10601541584796,355.6427450561225,334.50194357217714,669.3570107971897,400.2877003579086,1977.6655449965854,935.3412576383606
2018-03-29,203.89356070180676,410.00760039526153,248.0278193445312,363.12234953280955,345.1375417157657,676.8014588786431,417.97014827672444,2069.1549050957333,965.6388323733221
2018-04-02,199.33910387522027,397.29746595891675,246.4016628007038,352.18122752820227,336.9810957552016,641.5665356956926,406.4608488666527,1974.9853329035361,916.1105288338824
2018-04-03,201.85373992902464,401.7136150974938,248.9295582574095,356.9158545725907,338.9944194917838,650.9469270103128,408.3442340404662,2013.403600501765,970.7186024792856
2018-04-04,204.1884777278835,406.45016529439124,253.6897257677452,367.33971948245437,342.664985062276,659.6072262156482,405.7023222948803,2021.355378554235,1041.1468074374673
2018-04-05,205.58979541097347,413.9585769098532,255.44881331856936,367.53860903219544,343.6400241784955,678.8636965067202,416.7930425828858,1977.9333251176784,1109.2889964656342
2018-04-06,201.083215948968,405.1752576653737,248.91483344443893,358.9847190135918,336.0893188083412,657.1100934819337,411.1954152674958,1914.2302424712402,1085.9943892899516
2018-04-09,201.75413993121114,406.6529621268774,251.38346992256103,361.1329950090723,339.46367352333317,657.5075997384564,413.1048235892608,1924.5944524956667,1051.0161966787575
2018-04-10,205.12887210542218,419.4328136137967,256.114019934495,369.52783240555374,344.9245419014886,671.6015547410835,431.70282046949495,2036.2759835780182,1105.5880403818521
2018-04-11,203.9954603210686,418.30620949553855,254.91660965498073,365.4697118035997,341.11756646433986,667.3135389464353,435.05101169505565,2021.355378554235,1091.9087976084086
2018-04-12,205.67857587836588,419.2471483059827,257.42980428049594,372.31274512825524,345.18741721236364,677.3439539546333,428.6424099202007,2096.0477785174257,1067.0539152668332
2018-04-13,205.08485885884866,418.97536854021,258.3019017131924,370.32348896730224,344.7714642625195,669.0623952284978,430.34258891970103,2068.3512203207224,1089.7680128797963
2018-04-16,206.7478998518629,420.8816438559545,259.9133334440492,374.6601401866401,348.1192323468287,674.0705744851965,431.1535232199871,2068.262189888179,1056.640246405132
2018-04-17,208.95214355820428,431.1939912243159,263.49079150606116,382.21948409375415,359.18740008443814,703.217180247521,441.1718327936442,2122.315716852658,1043.8681017287988
2018-04-18,209.1258592243377,430.54031000853143,262.89935284566906,383.69138479717924,357.8663001801883,714.4446806022779,435.15566651536693,2111.8623041898227,1064.4051846708414
2018-04-19,207.92837847848372,433.07388150106647,255.44881331856936,382.378602291066,362.54516371932135,728.0383100133171,439.7070267418969,2046.3718968637543,1088.8245810296544
2018-04-20,206.15339115938806,426.17319899566155,244.98256494610783,377.96231000408534,358.50854625965087,714.2809973582531,434.94631671556544,2043.4237324437465,1053.1206476543384
2018-04-23,206.16498351341065,424.7819408222218,244.27294407346963,379.3548319406256,357.3405239943703,709.7778529756646,433.7953948063941,2000.26997574588,1028.193201617423
2018-04-24,203.40638024316044,411.2382546159542,240.87290322050725,370.48267273980355,340.3122983234701,682.7636246098899,417.7085915443041,1976.325266744195,1028.519790151814
2018-04-25,203.7800498791662,410.41980475231946,241.9224658258135,367.25998005202734,340.42871708897866,682.8010134590046,417.7085915443041,1935.7623472951034,1018.4690435775356
2018-04-26,205.90633264853625,430.200740988728,242.7650896507887,375.01824629647723,347.19077096243984,709.8246603898233,455.5583767378759,2012.2424163496553,1035.8492424347612
2018-04-27,206.13563506590958,433.2281661358344,239.95636754931806,381.22467568150654,343.24403676573127,735.3845766894618,454.0674672198192,2022.160096564439,1067.0539152668332
2018-04-30,204.44790141635946,429.38721130188844,244.30256157187137,372.0740842260849,338.96116063936245,732.3498008678101,449.90838185315135,2009.3829379504593,1066.400738198051
2018-05-01,204.96904841475973,435.5700911965468,249.97916882627592,377.96231000408534,346.33882283346765,739.8924303545724,454.773706540615,2029.3965314509799,1088.244071466935
2018-05-02,203.49206941614685,436.7866349102112,261.0220111372586,372.03441123643984,341.4470361722614,734.0098229568425,460.5545400303182,2021.9813468758896,1092.7071020678707
2018-05-03,203.03346458140007,434.6327425151055,261.495075731164,374.26236108715796,341.5301960853487,735.1320592524067,455.19224550350225,2081.663594765157,1032.1119525979477
2018-05-04,205.63456263179236,441.9520232436807,271.75438532329446,378.5988155809273,349.7498619859881,739.2798668628749,461.966938353552,2135.896560241648,1067.0902490198646
2018-05-07,206.3456357426015,446.56787501265205,273.72048359978993,382.81618553057217,352.56510497053677,748.2534760614594,465.52443921973526,2221.84743528961,1098.5851766332964
2018-05-08,206.29082181496307,446.8847418530692,275.0361960004506,381.1849699042668,352.2755919008431,744.6293977496587,468.0093687348544,2237.2147423289016,1095.6823173875305
2018-05-09,208.28817498837466,454.3373350991919,276.9727727056646,385.68067374572695,362.3787672009429,751.92892836441,477.79230536075846,2285.282221197358,1113.3892085898701
2018-05-10,210.23996926800973,459.3330959738574,280.93458675705716,389.53993758553463,367.8762688884909,752.43396323852,485.29946147545024,2324.1475352228263,1106.7491633180139
2018-05-11,210.59897410494304,459.5922589226379,279.8661025272659,388.7044440961673,367.1807472913911,749.5487428133272,489.1184789148749,2274.114498603787,1092.3805135334796
2018-05-14,210.7850360993444,458.9818988089508,279.2131266191824,390.0173905402543,368.2523418923111,748.9081376847937,488.20297011263546,2281.5296831788773,1059.397874449495
2018-05-15,209.3428153134431,452.80594007207895,276.67547057798305,387.192640889934,361.0210084232326,737.0212664241802,482.13439610584476,2193.9710941691633,1031.1322908054972
2018-05-16,210.1928647270302,453.0097255764546,279.25766078479535,388.1916133267146,360.76148200526086,742.2398649862972,479.20470368399225,2197.9917567204684,1039.4777386339263
2018-05-17,210.01296647208477,451.9325050508626,277.49173842664777,384.3156278135855,359.81970174146267,739.6586073420747,480.6696302132764,2213.1803140712104,1032.438541132339
2018-05-18,209.46017140473506,449.4811256026163,276.48260910256045,385.03495485476077,355.95282969307397,736.202921556821,477.84459261173515,2197.366132810545,1004.4268785166694
2018-05-21,211.00740195366035,454.2482750808457,278.44146488147095,389.98961944750283,360.7348442464422,741.3888405523453,482.57907869422024,2182.1775754598034,1032.2570799886275
2018-05-22,210.34573300527916,452.1560344465071,277.74400277133446,389.59013539309376,357.8396624213697,739.4902861682931,480.77428503358766,2168.418326793995,997.8593969401529
2018-05-23,211.0290221651464,458.24640919902686,279.5247938331332,394.22515372463795,361.3837881117114,749.0577644340178,488.88302564876403,2213.029117321166,1012.59096901211
2018-05-24,210.60206539934904,456.9294373312562,279.2131266191824,392.82663165825886,361.2139915722937,749.623591864322,486.34576872348936,2214.3699121911527,1008.1641683534829
2018-05-25,210.10562990684082,456.4873082625599,279.851281787175,393.02650483584233,360.75813311235754,752.934288830108,483.70385697790334,2228.584989783349,1011.7926645526477
2018-05-29,207.67592905177747,456.46851622367535,278.8421524630877,391.6279499818684,355.4303512720233,754.206223227662,485.848839043316,2222.4157146462703,1029.6083493926358
2018-05-30,210.3125392891267,460.6678189340176,278.24855544248817,395.3839328982201,358.55847288438486,759.8269659760581,490.8971691091981,2261.752700537767,1058.4907763523845
2018-05-31,208.86568156161638,465.1514618614632,277.31364972775583,394.9445791285975,366.0559538650378,762.0388303533593,501.64790178831834,2254.6006465253968,1033.1279481434296
2018-06-01,211.13171345736586,472.5357199248475,282.31471421901927,402.73625593209556,377.70319887017047,767.6128370403621,507.42869511884254,2303.1454800534484,1058.8535948290842
2018-06-04,212.07749875075893,475.4691185115104,284.67418563420625,406.25249595565015,383.7065112064566,778.709333717687,505.5714937296964,2367.782090697601,1076.7056134221036
2018-06-05,212.22650291100032,476.9754408195117,286.87060492661305,408.33040977280166,383.03430403934004,793.2428931084735,504.6822088713032,2369.749026095108,1056.3499916237722
2018-06-06,214.044730653068,477.4597609497,287.8649135106094,409.5290586615973,381.67986859046505,792.9623340345823,500.49693971996805,2370.463680437575,1159.2890159301446
2018-06-07,213.89186237481908,471.7513817414821,287.09315584577774,403.0958374836963,377.5101645929734,789.9461812847226,492.2311365559668,2350.34882988805,1146.9160234835426
2018-06-08,214.5604678862577,472.6429269589008,284.48132415878365,406.0926892188487,376.94115956822804,787.4631763985744,494.63779583133663,2344.806728513686,1152.61274071598
2018-06-11,214.7897703036311,475.84551294545844,283.783814085087,403.77513087168444,379.66659598201875,789.8620563742146,501.02005318480866,2329.9660270115664,1205.007465937431
2018-06-12,215.16423161259448,478.655518916477,285.3420302459409,404.814038598868,382.0925237755419,794.3652007568031,503.2696499113536,2347.4881460477945,1243.7230521961612
2018-06-13,214.29795290337577,478.1289754509096,282.9972836437245,402.9759660372979,380.77472163605944,797.2223081923945,503.295793536842,2345.8787100273858,1251.016170726077
2018-06-14,214.82760096139256,485.41161349917905,283.1457068806545,405.2536218816538,386.0592746374664,806.1070831979489,514.8050527877348,2386.1989914117707,1297.9683073648648
2018-06-15,214.60909922508412,482.4914562974053,280.2371486287008,400.0989201733546,385.7797315542787,802.4175744001974,512.2940198063063,2371.4473203421944,1299.6011462260974
2018-06-18,214.15281286114188,487.77079008887574,280.0886774282107,403.01599969048516,393.8695575537283,806.0743322785909,518.7287250474707,2369.9279479895235,1345.5372873194033
2018-06-19,213.29118994288834,485.3220570993602,275.56254810969915,403.01599969048516,392.24227680747225,811.2134438599563,516.583783141237,2325.942609166411,1279.2091906747346
2018-06-20,213.65637736863366,492.32150997203,276.76461085454935,407.05175915282103,394.0326051792035,818.36798565524,528.3807829092173,2345.074508634779,1314.2963845450229
2018-06-21,212.3006185793203,488.2699757532225,275.22121543378637,404.13474521087994,389.1640818198447,809.0811378161719,527.072918928758,2298.5859853485094,1260.9218937203987
2018-06-22,212.695908426812,486.0007523957855,274.41988823411305,401.2178952069127,389.1141551951107,802.277294863252,527.7007273730887,2243.5152383356085,1210.5590557791884
2018-06-25,209.776727491654,474.2422635182433,270.3388847357109,393.1463434946461,379.12750091679135,777.7180297467895,513.6018837867656,2137.7536282968676,1208.309373602205
2018-06-26,210.23919644440826,479.5286357444417,273.6926647348943,395.9033867618119,376.9111729165061,790.7832205766391,520.5335990264612,2163.411785661817,1240.929090398767
2018-06-27,208.43022373620252,472.92004782568443,273.2919531714975,389.7498765547058,371.6932398762137,776.4834841983504,512.26779586246,2107.357570950162,1250.0002789913178
2018-06-28,209.71804944600797,477.4408057231336,275.28061830305046,394.1053150658342,374.9677413417378,795.6277879420784,513.2879594850108,2153.310017376648,1269.702723720867
2018-06-29,209.87710031306898,475.0240466097976,274.70179405898165,394.02534612224395,375.76973728190814,794.8561791361125,508.2918363517474,2117.9067300743013,1244.3761254542205
2018-07-02,210.52099431861558,480.5141943400121,277.7736442515164,399.6195655381395,380.06923005245363,801.393519509942,516.2437553731727,2165.6468455921486,1215.7839532758317
2018-07-03,209.47947314541656,470.7095606697051,272.9359196643942,395.7835153154134,371.4736189683339,792.1252947426658,504.13283130343746,2117.3708254203843,1127.939319518116
2018-07-05,211.28535455921627,478.5811780633934,275.1321231207802,398.62052752616944,379.79633362693664,794.8234995695199,519.0949366002022,2170.0272461968066,1121.7708863606076
2018-07-06,213.07732514818892,486.1935506871793,278.94601755262454,404.2147141544702,384.3854161593797,799.9205130192486,531.5981756889785,2211.151728973798,1120.8274545104655
2018-07-09,214.95730338095248,491.4098631232152,282.81929087195294,406.9718229968255,388.4452713568295,813.1961231545164,535.5479915742027,2228.3163486329277,1155.6968534840112
2018-07-10,215.70390752807472,490.9929676885034,282.47793421426,408.0507315896016,388.3986936249989,815.090039608812,532.4090698300855,2264.0771353123732,1170.0655032685456
2018-07-11,214.17366024902637,489.7806991284567,278.81251098290585,407.49124407282255,389.8363401150971,820.6686842255714,529.7933418691669,2212.939742476891,1157.329692345244
2018-07-12,216.04747474233403,499.93694679683006,283.4870395565673,416.3219925414779,399.7530511034666,840.130935892305,541.2503138690829,2246.0187672104967,1149.1657056605263
2018-07-13,216.28064127771492,502.5064732176852,283.93228528557717,421.27675549700416,400.80468016730657,847.8044977037342,542.296621117122,2228.9426613663136,1157.0031038108527
2018-07-16,216.05827542339898,501.35843923848586,283.30899882123555,419.19897283023175,398.17237365310916,852.2281551055712,542.0611276918321,2218.9299235136887,1125.1815876630299
2018-07-17,216.9168258966026,507.7527203657188,284.1103260209089,423.3545709513714,403.68651754890186,862.2539321840128,549.2806637669731,2268.0108339015233,1170.8638077280077
2018-07-18,217.38547743816895,506.15444702639866,282.552133841835,420.0380401674265,403.6299698305652,861.7816482292607,547.6327318592705,2250.2200737148733,1175.072813489892
2018-07-19,216.52615414136375,502.342517780874,284.7484572071215,417.16109266626756,399.0342917685874,847.7764560668982,544.310764577556,2253.1697879876724,1161.9378503368591
2018-07-20,216.3207904062809,505.1812702393761,284.0955772261582,424.63322157135207,398.62828324118124,848.1178076969833,549.1498653211736,2242.978472652363,1137.808604948683
2018-07-23,216.71839872457718,507.0141774642637,284.347865552625,431.42608987604325,402.9943448447053,842.6466916978114,551.6872025648061,2229.747379376518,1100.1453479884663
2018-07-24,217.75451013256563,513.7616767381134,286.4105384575123,430.1873417588708,418.68485396717904,855.3845873923766,561.522346123329,2223.489590424493,1079.2092166274153
2018-07-25,219.73642568330328,522.9359263934028,289.11141449395234,442.8540092998734,424.604955262242,871.4565837598072,568.9248875768885,2251.740307096873,1120.2469449477462
2018-07-26,219.07011979331307,480.3927963414942,288.2061262776218,438.01918336593513,427.7863779563087,845.4524251422529,461.05150986967044,2278.291868492838,1112.663467825748
2018-07-27,217.63253594902076,474.8781750046048,283.41281594721227,430.26721233967686,416.93440554147185,849.7872483510599,457.46794569635665,2253.0804131433974,1078.3021185303048
2018-07-30,216.38024127552836,465.4342852058794,281.8250542332968,421.03707817939664,409.33042465368044,831.9943659856373,447.44967628187845,2182.5436851301847,1052.86672662601
2018-07-31,217.43720007140138,467.89457270148836,282.38886588303404,423.87399202736844,408.3920188468535,831.1620359762427,451.42555547423325,2189.0699430267655,1081.785383528067
2018-08-01,217.21098894843402,471.1364023709037,299.0244751452531,424.67318964934975,410.3121359916385,840.3880912591168,448.9928730509119,2203.4637703075114,1091.5822090740176
2018-08-02,218.2810668961764,483.4266076271627,307.76518647722577,429.8276946320805,413.02093019718467,857.7647729434595,461.33925038675795,2240.564490827616,1268.287679756377
2018-08-03,219.29480411843355,484.59516779846837,308.6556299716853,431.7057680592432,412.0325977656238,852.6022576550146,465.0274292212041,2253.7961007210583,1263.316599477339
2018-08-06,220.07071901434455,493.20773954389796,310.2583563163722,432.06541518603353,411.8694990120127,864.0401773151899,485.71804059751634,2271.0499230185965,1240.8928604564583
2018-08-07,220.6922388341598,495.66967709879793,307.3496781555181,435.0622341335911,417.91611687943,870.9282165313833,480.800428659076,2297.155643428382,1377.249906018855
2018-08-08,220.6343336121153,498.3936522512266,307.557432316372,437.49966392715385,419.7430785605538,882.1697020281755,484.38391251403186,2310.2973618599526,1343.7593210674909
2018-08-09,220.31625072734954,496.476763826852,309.9763066008231,438.21885981795015,420.78463538161594,887.7811689170585,478.9170434852625,2292.7745540002616,1278.846476008758
2018-08-10,218.74894561414123,492.0672949283138,309.0529840858706,435.5417854943746,416.8079400972534,882.0668826931103,471.5144618725241,2277.84516647733,1289.8768843754872
2018-08-13,217.8726390474591,491.8492430022166,311.04850800652713,432.38506144723135,415.5200990454249,886.6962501178434,470.9652047821952,2289.7347760597254,1293.2151257932924
2018-08-14,219.26468284733093,495.3842422969086,312.3590883062502,437.77944047313815,418.6815306383437,897.6618858232669,473.73787481440183,2337.2069392506137,1261.3936096454695
2018-08-15,217.59779658566535,489.06480931371493,313.08868600169706,431.84288578047915,410.0559073384341,880.3459966951183,469.60501339158026,2316.198340258341,1228.9189164288643
2018-08-16,219.3210424221724,484.7213805154466,317.67556116915733,431.762654536131,407.3404153470815,882.1697020281755,456.97093569782544,2301.5360440330396,1217.1627672980133
2018-08-17,220.04987162646006,481.98245618949045,324.0194134907945,431.52202637827577,404.6083067115521,880.1589810967794,454.6167644693271,2188.712099237935,1108.490795816895
2018-08-20,220.5841566260859,479.9245736079101,320.8623080700669,428.6741614736581,406.63824709231096,877.582432735079,451.2162859927896,2215.7113958846026,1119.1584895176475
2018-08-21,221.0404429900281,480.2411440740414,320.2368872272979,425.10405143193265,405.1274362396994,880.7200992445615,451.5301701353655,2264.7029314281626,1167.9972822352734
2018-08-22,220.95243534623722,483.6077077709381,320.251755930949,429.4361779631953,406.57170382340036,890.7645707475602,454.1982656656188,2349.633831133852,1167.0539541958542
2018-08-23,220.57874686087536,483.3245689606408,320.9070820534807,431.4417623463328,406.3753206533,889.8292786975695,452.2625932408287,2385.5726786783844,1161.4661344117883
2018-08-24,221.94607915485517,487.0378042052811,321.90482003202885,434.81114673301124,411.5633948622103,890.9936844775359,456.8401372520259,2433.671154602659,1171.3355236530786
2018-08-27,223.64849645283394,493.0175040718657,324.5555981298768,439.62452957998437,418.0592245318931,901.4168964597344,464.1904316137876,2466.5698797949244,1158.4544815283741
2018-08-28,223.7087201456829,492.11063330375913,327.1764949297421,442.2718655551235,414.59501211800733,903.8204143651311,461.05150986967044,2452.9814593478454,1131.5677119065579
2018-08-29,224.9841806778643,497.74244794262586,332.0610799151453,449.3315265182788,420.84785532169116,934.3464831425971,460.1098172827637,2491.0870010940453,1106.7128295649825
2018-08-30,223.98742672548423,499.37807989706806,335.11398450141485,449.0507663444521,417.4502117407839,936.34792821448,464.6612176684725,2485.0041733015255,1099.9638868447548
2018-08-31,224.01754799658679,497.8874422435673,338.9859148410586,450.57515998706856,409.9161485788743,941.1783677323529,459.66513469438814,2510.676451547458,1094.5575282044001
2018-09-04,223.6469508056309,492.74181825664726,340.0730329139739,448.0881225626522,403.0974958589406,953.7105534040219,447.7112330142988,2537.690385692706,1048.4399259673828
2018-09-05,223.02004006996125,482.41490854684025,337.8541187118499,435.1720725759967,399.0342917685874,932.8126840957093,437.30052810324287,2490.4603439489283,1018.6504009105239
2018-09-06,222.20550284333115,474.80366550909787,332.2397921403193,436.17484837376804,394.0060185485208,915.7399651923372,425.13731678253095,2439.47414786349,1019.4123716169545
2018-09-07,221.7136854430758,472.66264403102423,329.55925265338914,434.0490646682846,391.87622491829404,912.8220652005517,426.47132438847865,2431.7824006681585,955.1525998162809
2018-09-10,222.13445962006108,474.8532091075135,325.1363648981323,438.7419858921537,391.0342723398958,906.7149820026028,429.45322374294994,2457.4538178847633,1035.921806130101
2018-09-11,222.96520729296668,481.99281974369876,333.3567435476571,446.20283586464495,396.0026489487225,929.2260659857889,434.05699169799334,2440.1896632352855,1013.93344928126
2018-09-12,223.04473272649713,477.91242994257857,329.2167448702523,448.0881225626522,389.88284115472385,930.5587929395368,423.7509416072487,2399.0429659016245,1054.2092068951602
2018-09-13,224.2229117316696,480.07790639029366,337.1691031455762,452.9015054096252,393.3903590997409,930.4980003833426,422.0769062332367,2427.130603619229,1050.2904559146352
2018-09-14,224.28468107172162,480.16641775256153,333.34182688044586,454.7467584544452,392.00601369134785,921.2952774547826,424.58797937384406,2472.6601124396675,1071.1177936380377
2018-09-17,223.03547769263523,472.17369464358507,324.4662420172898,449.81301234715244,385.9660680456692,892.2281586732096,420.03657898813526,2450.2976309316173,1069.8115433111961
2018-09-18,224.2329584384892,474.1636147830933,325.00235471103184,454.1048757120646,388.38869807442495,907.6688971243855,419.3041558826722,2424.2681977203174,1033.9624825452001
2018-09-19,224.51398348909498,476.0221702023164,325.19581573095655,448.04792497149117,390.7713714649527,900.8276653223508,426.52365179863426,2432.854898799456,1084.9784975551925
2018-09-20,226.27430600911816,482.35807923208387,327.6680015125309,455.5489069599539,396.5284251345405,909.1886396764723,434.26622102025794,2381.868702714018,1082.474790539158
2018-09-21,226.19091645758022,477.1745657018732,324.13857895602393,458.3166717706023,390.0559098948409,895.4921909303678,426.183583871391,2356.5544404627817,1085.2687523365523
2018-09-24,225.39569982098766,481.96031675759787,328.79979764173964,459.9611335851858,392.5317898771659,904.5405778271816,432.6706968410689,2376.6808288053057,1087.373203312133
2018-09-25,225.10153676915627,484.34819028754316,330.8846776749832,459.0787210477341,397.3005111151928,923.3341113757803,431.3627525422517,2400.9213874841853,1092.1264886944284
2018-09-26,224.36111521084604,485.99618995911777,328.24874429900626,457.19353271251117,397.3570843975975,923.4743909127259,436.6989034435793,2387.5935145118424,1123.2948277734688
2018-09-27,224.98108938345828,491.51985389365905,334.99481903618545,458.91835692182195,401.78301704829346,941.3046621272631,441.6426590075081,2391.8876399778073,1115.820248099842
2018-09-28,224.9795437362553,484.6286021816733,336.1713172034678,458.75776328274645,401.68983602056426,936.6378345006498,430.185687007592,2513.7176071349195,960.7040858473156
2018-10-01,225.79871790449445,487.41064396604565,338.4348135347651,463.73164140601074,402.1723833674549,937.2738016994267,424.90186351642006,2588.318565783448,1127.3587061446735
2018-10-02,225.70914576414444,482.21037619744675,341.4430880283014,461.8865850867593,401.87622364009064,921.81900675345,416.7669391165764,2562.557601516703,1092.2353861427996
2018-10-03,225.86974227840838,484.70582222912293,345.59797939113736,461.96675075591804,403.1707369136577,913.1447224060795,424.87567973175277,2564.794211299826,1069.6664159205163
2018-10-04,224.02450340900032,473.57804146915316,339.5220035530206,452.42021630632007,391.7031817422449,892.8781823667872,415.5113222279148,2498.243188047191,1022.6054856440801
2018-10-05,222.78610071097887,467.84934607637496,334.01197374306844,449.7727163932072,388.62828451938464,883.6333613065904,411.5354430355601,2413.8910722559667,950.4718781293257
2018-10-08,222.69807421783182,463.93041889521965,333.23755410064757,444.6384085688412,384.6649336784994,871.8353955917726,411.32613339493753,2377.3066249210947,909.143895027635
2018-10-09,222.38230980387056,467.04567765296775,337.8541187118499,450.29426866286286,381.08754913573637,874.5943216220553,413.0263927127957,2375.24962585585,953.5560947080796
2018-10-10,215.07388664864294,444.2284532237071,322.2026497588722,425.82613263106674,363.4469873448916,820.7855600554375,395.97175323831067,2197.6919463083636,932.0756837266181
2018-10-11,210.64916994032862,443.1184024275268,319.35824276863895,424.82332404570064,362.97443554857483,804.0028187910005,401.12473812450406,2103.2322072325387,915.203326926049
2018-10-12,213.64169372020507,453.87129289850566,330.76548822797366,439.50419910725935,372.8912232291483,836.3852724681162,402.1449419062337,2205.2946630711517,938.9697538375256
2018-10-15,212.38014401285074,448.45015764809364,323.69182237486893,431.6021592598397,366.8679453557821,823.4510139629334,401.5694608720586,2105.4688170156614,941.908739214877
2018-10-16,216.94538267114604,463.1308051629628,330.82508295147846,445.2401920828451,377.0642761195432,851.045126253813,415.32827669031735,2198.9442273634045,1003.5923441148988
2018-10-17,216.89056874350757,463.19233419204704,329.39538515008604,444.0768882211877,375.23731443841945,856.548993172343,417.0022719051504,2174.1663863836825,986.1395815623332
2018-10-18,213.7690965183166,450.89854153415587,321.6962984542124,435.21223737956296,365.36048339607396,828.0196601842382,405.2314559218374,2142.590718857242,957.5836393262529
2018-10-19,213.6918895555906,450.4917323709618,326.5957521432667,435.8540217591594,367.7797645319264,824.8912695342689,402.9557958881619,2049.9205431373002,943.3963468747069
2018-10-22,212.773115389538,453.9552668250039,328.5912520821431,439.7448600527094,369.8396404362713,836.707929673644,404.86520420992684,2068.2580569474035,946.8434857408836
2018-10-23,211.60034614957604,453.7492835143826,331.68885870648637,433.6078420057614,371.0176582521259,827.0750209219686,403.845161064913,1977.3769279657483,1067.271606352853
2018-10-24,205.0694212361747,430.38383665875347,320.311422599794,410.4231763703739,351.7863978962817,778.209008126099,382.00362777942934,1783.7183443912818,1046.8071909168732
2018-10-25,208.8888474203054,451.11720302761097,327.3255177111741,434.4099905112701,367.25063945320505,833.3738290007785,394.8469749546276,1859.1243654617458,1142.45309669333
2018-10-26,205.26937520604704,437.06003655244416,322.1132936462852,429.0349889538593,360.6483098763837,768.2067061075024,380.2511213697734,1773.6994071274933,1200.6533327848667
2018-10-29,203.9228902999517,422.94607212728437,316.06719910615107,416.56032556770083,344.33554577559534,719.6071958907229,371.67139390401735,1660.3669384111104,1214.9857526270926
2018-10-30,207.11770536986114,427.3837906772717,317.64563190761453,416.07890531401665,349.25394463155214,715.6511845138813,382.4744941524722,1815.8306053951023,1197.0249403964247
2018-10-31,209.36520834853064,442.4792994628505,325.9257012077644,428.4334021654239,362.92118559500557,747.2573914552744,397.0441237934802,1885.8698306624383,1223.9480437712723
2018-11-01,211.57565349304014,446.02301270702156,330.92933174949667,424.8634560616722,361.3904092053141,778.8309188300751,396.9395492915268,1950.989306553886,1249.2019745318557
2018-11-02,210.23919644440826,440.95575880887543,308.9786165858351,425.82613263106674,356.5684380137179,778.8309188300751,393.277554241748,1922.4551390266388,1256.930579044534
2018-11-05,211.4166026259792,436.3074490554201,300.20718459357687,431.2412006292595,351.3238672146069,761.187734566642,388.9092395528155,1894.2777820530275,1238.7520757278462
2018-11-06,212.73992167338554,439.51254195023955,303.45364612689156,432.08351393833436,355.92951526309065,768.2067061075024,392.2049828906838,1887.9266575218178,1237.5183890963444
2018-11-07,217.25189205124536,453.9041631705313,312.6568940513135,449.0908983604236,368.7980580511412,820.897797955547,396.36402809817275,1912.346999124441,1263.2803695350303
2018-11-08,216.70682521991074,449.4340861850918,311.56601083892525,448.2485194761591,364.26894882214197,820.6265860939346,386.7904412720701,1842.5760705957946,1275.0365186658817
2018-11-09,214.71333616450661,440.9039005818344,305.55850298294376,439.50419910725935,358.408744138319,800.7621902409218,379.17867049624596,1839.713664696883,1271.8071746964479
2018-11-12,210.48316366085407,426.421952479493,290.16625309087675,428.6741614736581,349.20409469902205,765.4196670876183,370.2589152624257,1695.431152363983,1202.032146807048
2018-11-13,210.17124451554423,426.99013471397984,287.2670956967154,428.9547577095111,348.74148732514334,762.7636317451664,371.8545197599726,1782.8235627133402,1229.0641476302674
2018-11-14,208.58079239300304,425.4269958189523,279.1525966062544,422.8718064063026,350.941198681252,747.7250374802699,377.2429980714558,1763.8599083757167,1248.1859789863738
2018-11-15,210.79044586455495,430.3437233991951,286.04179460696525,432.1776471228557,356.42205816055537,757.2784592511938,376.2752020182397,1810.3740903359683,1264.2963650805123
2018-11-16,211.25909740612124,425.7381160892436,289.20983571941053,436.2463581179134,355.4968945409339,745.1063909869328,364.97513193043267,1470.8226973788653,1285.5953149182626
2018-11-19,207.74308930768387,406.8404379542937,277.74791180148793,421.4618414693564,341.9028946321976,707.1732629771282,344.101475016523,1294.3382047861392,1282.54743209254
2018-11-20,203.97229446237958,402.12615242106153,264.477641756452,409.7388336927946,342.9112692930423,699.303267002316,346.4033188348658,1333.5171917958974,1260.8493300250586
2018-11-21,204.59304145859335,406.5303413571494,264.178756831285,415.3787590157688,347.2307020365998,709.2494857472406,352.6550186976117,1294.4277518362796,1227.1047202346433
2018-11-23,203.25196631770854,400.4405823085716,257.4689425455904,415.2175424123932,342.7947738353298,702.3894881678831,344.57226107120795,1297.0217748935686,1182.2571383821592
2018-11-26,206.40895072985649,414.886002052897,260.9509291410943,428.9146256935396,351.3937593764208,739.4575352489351,356.7355527102778,1369.0288826906735,1255.442971384704
2018-11-27,207.08219318290415,413.8059855177461,260.38299262518296,431.613700493191,350.17578492233827,739.4996333805718,353.1257244339388,1375.1113660714623,1247.8957242050142
2018-11-28,211.83969527376897,427.41084755858856,270.3954577549253,447.6470966256975,363.3238707935764,784.5452050540234,357.72949238898224,1431.8223739547238,1262.22814404724
2018-11-29,211.3772263210147,427.5306834555214,268.318227909528,443.900589324228,364.2523321779653,782.5905673962993,362.7517591477339,1408.990200948101,1237.9175413260755
2018-11-30,213.10433627552933,432.0047044463161,266.86864921244734,446.72048641052567,369.2672609545547,790.3530347535238,367.8001695319739,1463.3405247220355,1271.6983810587992
2018-12-03,215.43600162933836,439.8462512140319,276.19372457968785,451.5546565925689,371.50023116308455,828.7864883549165,369.05570610227755,1522.5261308947547,1300.7621653515362
2018-12-04,208.46343630171108,424.0849339587221,264.0442670085829,437.1729355454905,353.5668074096428,780.1729929961017,360.78990293827644,1406.7514385916575,1305.1526322571317
2018-12-06,208.1461073911907,428.29587458724586,261.1002876674475,439.8720431327367,358.7614771480879,794.5709821324648,365.2367288220319,1417.3173877876982,1317.3442673707455
2018-12-07,203.29211544627452,415.47880949041496,251.79032082165898,422.26749824750306,348.2789310794006,761.8096452706184,359.45589533232874,1321.6890597075408,1298.875509272698
2018-12-10,203.6503474596063,423.8391669458388,253.44902064105815,433.42639545642623,350.47526797853794,767.3743047453424,371.04362561886546,1359.743370208708,1324.9276406820209
2018-12-11,203.57777743848936,425.2527747859981,251.99946592575756,437.4548760727281,353.2939621122618,768.407778200642,371.64529043770796,1326.8826164098198,1330.769485305138
2018-12-12,204.6810679517404,429.63598205906777,252.701868282591,439.4289187897181,357.31388623555165,777.9004074153718,377.97530069938216,1333.240026455126,1330.1889757424187
2018-12-13,204.64014599957287,431.26148046756646,255.46646390870998,440.9194756345547,357.25066629547644,775.4874709449309,379.3094287828667,1333.1504794049858,1367.1628256915449
2018-12-14,200.73423896949816,421.1022581468515,247.2921062951633,427.14193159589684,349.98604840990856,744.4049219494395,376.82445910856865,1311.3027212293775,1326.9596317729845
2018-12-17,196.5642901586946,408.49634745554414,244.990766714896,414.49247754213695,341.31392407037225,711.2041234049647,366.7015348737792,1285.6049565153282,1264.2238013851725
2018-12-18,196.5812734285716,414.8851156574101,248.173868385233,418.8433257900007,347.22405537892917,725.4991505007314,375.7781518605296,1315.6901822745274,1222.895714472759
2018-12-19,193.55476425958506,400.06683774256766,240.43286153777527,417.71526859269744,344.57845554939036,699.1255272634904,348.5220769564322,1240.2082184173096,1208.1642462115249
2018-12-20,190.50199793750343,393.9570204732445,234.3656630311687,408.933176914648,340.6250491309431,683.1096141697317,348.9406159193194,1209.6756018191397,1144.339856582891
2018-12-21,186.5798993105094,376.2814078412807,225.24982869514716,395.71971065603384,329.8663344360394,644.1196803503136,326.83752590141546,1160.160474341057,1160.2687815333181
2018-12-24,181.52129760475577,367.3746039323946,219.42168057240195,379.2027958637794,327.6766697586407,628.4591753814407,324.5094982984054,1137.8652392235454,1071.8072006491286
2018-12-26,190.52361814898947,396.1863835347581,234.87371704221434,405.1061760680723,348.7015562509834,687.8185399279819,350.98086284606296,1191.7679999526435,1183.2004664215783
2018-12-27,192.15501107305425,395.9505068772617,233.34943510017698,407.6037383104028,350.38213807894465,683.4884260016969,351.87026818199297,1174.4864525107346,1147.0611508742224
2018-12-28,191.91643477246282,395.68439140593125,233.46898427388774,404.42124321378753,348.31226662402577,691.1480026710907,348.41746229529986,1196.69257109277,1211.4298201232675
2018-12-31,193.54628204932462,396.0705164167977,235.72554987074122,409.17488706312986,347.73983601417325,702.3474613890118,342.8982658563749,1195.3494514435963,1207.547402895774
2019-01-02,193.79179491297347,400.91218061799464,235.99457747970555,407.3620281619209,350.97448309774126,719.724071720589,354.90449494661993,1219.7039243026065,1125.2542551690929
2019-01-03,188.99414369354264,386.2412723167177,212.48768460649706,392.375998956043,341.25400189506433,701.5571581584885,344.59848501505417,1146.013159756996,1089.8405765751363
2019-01-04,195.48339268053113,404.913633946353,221.55867301376452,410.6251807416161,358.7581538192526,736.6799147940951,360.84223034843205,1219.435455358051,1152.7215343536284
2019-01-07,196.85381626891697,408.7955459338171,221.0655596517102,411.1488642049303,358.04264112100486,761.987385009444,361.1038272400313,1283.993281818666,1215.3849048568236
2019-01-08,198.76237012558008,416.01841410712257,225.27973397490993,414.1299451070089,361.187404941611,774.6457937232577,372.8223961315466,1252.0275680065179,1216.7999488213136
2019-01-09,199.5769073522102,419.7491488442026,229.1054274425548,420.05187653241023,359.9494905145165,775.9738113944836,377.2691416969442,1276.6511986335465,1228.338406866145
2019-01-10,200.47867939902977,419.41893788793203,229.83766313381074,417.35280173275885,359.0110847076896,774.4774011967107,377.1906706613002,1300.3787560386409,1251.7055777371675
2019-01-11,200.44934980088485,416.78731264479126,227.58112151873738,414.1299451070089,354.23234235502076,767.1545382276455,376.14436341326115,1332.6130248982774,1260.014795623288
2019-01-14,199.3954822994179,414.5989292376042,224.15896946453898,411.10853546339035,349.9195562691339,756.2356385836156,380.3034086207501,1347.0289806327598,1213.3529137658597
2019-01-15,201.53333857345436,426.326901109498,228.74680390320256,423.0328262841097,361.56677571019856,783.0535041387725,389.6154788736113,1341.9253153923523,1249.7462541522668
2019-01-16,201.98114272713616,426.4054559776388,231.54116091840385,424.5234159165411,362.5650781282654,787.3649949932657,385.9272598799863,1332.7023997425522,1255.6243287176922
2019-01-17,203.51446245123435,429.0483091242281,232.91608433408803,427.5045296062144,365.76314303057677,791.7793051828241,387.91525971493206,1358.4898837126077,1260.1961529562764
2019-01-18,206.1974044059616,430.1246118895698,234.3506744186172,433.90997969136384,368.4852561155322,793.1727533400007,392.46661994146194,1405.139936100861,1096.7346466860438
2019-01-22,203.27820462144746,420.35850369449514,229.09043883000328,425.7321305969244,358.94449031064306,763.2312064173964,386.0056907564514,1332.0760870091663,1084.61557526777
2019-01-23,203.7260087751293,418.26126265320573,230.01690295814657,429.8813351370882,360.86798191239933,766.9020207905904,377.45222739372053,1336.731758690073,1043.5052832520994
2019-01-24,204.00627985148972,420.1211231193226,228.19378405450243,427.8267660873973,360.7314953535389,773.8741849172919,381.45433052992144,1413.2879427372445,1057.7288056459538
2019-01-25,205.73802674761333,427.1278285253225,235.75543116872387,431.73452277983716,366.5584411849406,781.187772026844,389.7723807857203,1433.971589261027,1077.7941726629256
2019-01-28,204.12363594278165,420.32257694900574,233.5737366892877,423.3149635369159,359.3538221668845,765.906007537171,385.74421434238894,1235.7317269396167,1075.399363095262
2019-01-29,203.82638159654425,412.2910194900619,231.15272802640922,414.69395731186313,356.09261401670176,745.3261575046297,377.1644868766329,1178.336975666773,1079.3181140757868
2019-01-30,206.99573118631628,429.4892488320056,246.94839942302232,428.55202768322204,365.38704446268866,781.1222701881278,393.46055962016646,1230.1800681397085,1120.3558423961176
2019-01-31,208.77535544702096,447.0933027563103,248.72672036147256,420.6964150699655,374.67158161437345,803.7082032223088,436.0187675890929,1287.126998058917,1114.006051905621
2019-02-01,208.96296308862534,440.30838963808145,248.84629351696344,414.0493204115237,372.25227491445304,760.4535859625564,433.45536703832977,1295.9018340462835,1132.837628480368
2019-02-04,210.37894557078772,448.94443313600465,255.9147793055704,425.97377517021687,379.8396391580679,763.7642829283425,442.71510988103546,1335.7469994473267,1135.3050017433713
2019-02-05,211.36949808499966,455.0065075534361,260.2933487312349,431.93587139918435,383.31717045136304,775.6885430380705,447.7112330142988,1342.64151958761,1166.001624897341
2019-02-06,210.8993197455865,450.8755184341472,260.38299262518296,427.14193159589684,373.6732791963066,767.0142586907,445.9586864454639,1369.9510451012543,1151.0162356077788
2019-02-07,208.92590525446536,442.76779346557413,255.45152325971867,424.08032436111733,368.02267430572147,754.9076209123896,435.2079537663436,1319.9882684754023,1115.7840181575336
2019-02-08,209.06718117869173,442.56633804492463,255.7516312556698,425.6917362801949,366.8479542546342,742.6794693744566,437.69288328146274,1326.7032640007405,1109.5793550577168
2019-02-11,209.21543136468773,441.03590532511737,254.2808766467764,423.99979802841636,366.76144544864366,743.9794454088465,433.6646365197734,1311.3027212293775,1135.123644410383
2019-02-12,211.91226529488594,445.61508895832293,256.47209189290527,430.6064327949391,375.23399110958405,765.962090810843,431.70282046949495,1353.5651403666154,1131.3862507628467
2019-02-13,212.55308685538265,444.4166483951531,255.40643751316375,430.2841307385668,375.58340079051766,766.8926735783118,429.16560370339914,1368.876566602502,1118.178723914474
2019-02-14,211.98947225761188,443.4838564683574,256.336954562141,430.6467615364792,375.7730861748114,758.7795073787233,428.85167940164433,1383.6503661258148,1102.2135690217385
2019-02-15,214.2956532819274,442.3770891992537,255.76669181356158,435.96435201548627,372.5884168441132,751.9055246573306,425.0588859060659,1408.8109346419544,1117.1264984266836
2019-02-19,214.61682746109915,443.3519437738364,256.5320943066714,435.7630689713286,374.87793477097983,761.0848438788113,424.5095083382001,1402.5431577497213,1108.9987416842744
2019-02-20,214.99822533311996,442.6635065364481,258.1830000475439,433.49741338665035,372.9078398733249,758.5223520119117,425.2158279773538,1419.6453527825508,1097.8232059268655
2019-02-21,214.24004768133128,440.39540708303235,256.72718608764177,442.6406604208484,367.45694148167547,757.2784592511938,418.62410034654357,1394.7534254168322,1056.7128101004719
2019-02-22,215.61356256412316,445.4471140588999,259.59372826089106,448.9519117462869,371.56672330385925,762.9460094137487,423.4632010901611,1425.3757612710083,1069.3398273861253
2019-02-25,215.87916884141114,449.2281146930768,261.48476356572854,451.460326682479,371.82300308519956,763.6193654616403,430.60422597047915,1420.8988392786512,1084.0712956473592
2019-02-26,215.70852562032758,449.7658333329254,261.6348175637042,454.57550884707666,373.38041723370964,765.2092477821999,429.3225457746871,1406.6619776444497,1080.7693879825852
2019-02-27,215.59116952903565,449.7655644596277,262.4452098762486,453.806803688211,373.6732791963066,767.4023463821785,425.8696595696362,1391.5299899205754,1142.0177145212906
2019-02-28,214.98201488684447,448.37645022686195,259.8638590317392,453.2404635641296,374.8912280863212,766.8131865975603,422.3123193401686,1382.6563077663232,1160.6678299523262
2019-03-01,216.46438480131178,451.0434844696154,262.5953358195644,455.26322864691497,382.20232144744773,781.7301957500687,424.4833647127118,1402.2857960835004,1069.6300821674847
2019-03-04,215.62438209454422,456.6293435935414,263.91606041226237,454.1709755030765,383.83300221474303,793.1587681979654,437.7974979425951,1405.2436901349179,1035.4138602627218
2019-03-05,215.38039602874224,459.74108040655483,263.43577730255214,451.90538549358774,389.0808963426894,791.4098405631374,447.9727495875402,1402.9132281550133,1003.4109867819104
2019-03-06,213.97523307700092,459.2952480229703,261.9200328742241,452.10765216558787,387.66658984664247,780.4302197156788,451.242429618278,1362.8478114517977,1002.3224275410886
2019-03-07,212.23653076846375,451.6524038497148,258.8884241086677,446.60550031574456,382.97773075693544,760.3226536378895,442.4013060568174,1337.8405922590234,1003.5923441148988
2019-03-08,211.78410852252904,452.52400039577907,259.5037246402418,447.0909534435827,382.68489435840644,757.9144264499707,443.6306186832749,1350.2097090743343,1030.9871634148174
2019-03-11,214.89014312504605,462.7498378374259,268.4934867583702,456.47699261688945,392.43193662769806,781.211104381158,450.0915077091066,1444.3226255367308,1055.5880209173417
2019-03-12,215.52478209673075,464.296130672584,271.51013089315524,459.673094565325,398.4186323198075,782.3708008786023,449.6991525308867,1456.6921728667057,1028.1569716751144
2019-03-13,217.022589633872,468.07171088471813,272.7107067676403,463.2332699658419,399.02094732511017,790.6522882519723,453.4919460264651,1511.367190800332,1048.4762597204144
2019-03-14,216.8342091686661,465.04365935146757,275.742363496757,463.59744178070736,396.8479248559561,788.5059257133871,445.12160851968946,1483.9399625775127,1052.1047559195792
2019-03-15,217.91510664682963,463.119884770564,279.3292943619015,468.93778685046954,396.1058255270257,800.7294393215636,434.1616063591257,1522.0339665307138,999.3833383530143
2019-03-18,218.7226884610462,460.76084545852734,282.1808719043794,475.6536370950978,395.523476058803,814.6597824329313,419.7489187894056,1514.325343160548,977.8303636762129
2019-03-19,218.6941316865028,463.16472274534857,279.9446428570358,475.97728344285485,400.15241297320205,823.8718525737701,422.6261633235656,1574.9163214028752,970.5009113932657
2019-03-20,218.05021883160003,470.2671688642953,282.39100026146133,475.4513376355029,408.12909240784245,840.4348986732757,432.74912771753395,1563.174636659077,992.7432930811581
2019-03-21,220.41660469940837,476.6333767100529,292.79146661115686,486.3747871265411,411.35701614153595,850.7177597657633,434.4232032507249,1648.682770426441,994.2672344940194
2019-03-22,216.23430956033687,466.5196960257706,286.72822509826386,473.54988665328494,401.879546968926,825.2373304468762,429.8717627058371,1590.9603974941892,959.8332176925134
2019-03-25,216.05288450754455,468.005935339409,283.2614429513322,476.0177105471791,398.4618867228028,829.6749729907485,434.9725808185906,1557.6173811685353,944.9203920982912
2019-03-26,217.60473314872274,469.73951808621194,280.33482641897643,477.02910948236917,395.9527478880565,834.1173961699085,438.6083519245233,1585.3130783359102,971.5894706340875
2019-03-27,216.5941060702278,466.4030395612651,282.85617484971965,472.41704246714846,392.0159836778539,825.6722255525135,433.873906001217,1581.9969099809982,997.2063236820936
2019-03-28,217.37156661334183,466.65520680412567,283.231417762669,473.06433516266253,390.1058365195749,829.2821760167479,433.0369083938005,1588.7191381526939,1010.9581301508772
2019-03-29,218.83540761072913,469.6231348133411,285.07734333917153,477.15062030850504,391.643285131005,832.7098201651656,436.0187675890929,1609.4243104096834,1015.4573906941213
2019-04-01,221.3670269344105,476.08653660608223,287.01341642700373,481.51989518461716,398.9943606944275,848.3469927797245,441.2764474547765,1633.804011428012,1049.2745641798765
2019-04-02,221.37089105241802,482.1905173020454,291.185550689719,482.20764777205017,401.1773531500875,848.2487400216503,455.6630717173661,1640.2574262434205,1037.3006201522826
2019-04-03,221.84647915704173,483.6474960188179,293.18169813665764,485.3633226161615,402.93109934056207,851.3911871664202,453.93666877401955,1690.6300528295308,1058.8173648867755
2019-04-04,222.308948109796,484.31272719507774,293.6920304168111,482.8954659346727,405.8063156285546,850.5307441674242,460.42370142533963,1687.4036037306248,971.6257005763961
2019-04-05,223.33966860193004,485.8214814086457,295.65800878440615,485.039741843594,403.1440991548392,859.1442359586008,459.6389910688998,1711.5144913926667,997.6780396071647
2019-04-08,223.57360796091248,486.1719226372985,300.31049810217183,485.20148304848567,402.08917232623173,865.0268433563307,457.5725201983101,1719.0438484566857,991.2919153636367
2019-04-09,222.2170763479976,486.91349610219527,299.40995827829767,482.5717212241314,400.2289517926867,858.4708799107091,464.50431575636355,1696.3669190379505,988.0625713942028
2019-04-10,222.9899187988587,489.24361301133655,301.09088920783324,486.25340745078415,401.4802106632585,863.8438145045724,465.1320840415154,1721.8218734814268,1001.6692504723064
2019-04-11,222.99841985847527,488.18995060497787,298.5845773532017,486.8197803624603,402.5251163772239,862.3193626699633,464.3211899004083,1716.8027613210559,973.9479464487194
2019-04-12,224.472288713326,490.7265317511123,298.4645245621092,489.32806414827337,406.89785020248655,861.8470787152114,468.48031542625506,1703.089319415512,971.3354457950364
2019-04-15,224.33101278909965,491.47590276892333,299.0047621220254,489.7326958550578,408.1623768243317,862.6934652194066,469.91889753415614,1655.494545648277,966.5459304704326
2019-04-16,224.4452775859856,492.13752427002333,299.03483527424874,488.5998188813266,409.9527307601309,871.1900811807171,467.8785702890547,1686.9556962740571,991.872528737079
2019-04-17,223.93493126865027,494.1499884014156,304.85794722317667,492.64557856006064,412.691460489263,872.0224111901116,467.6431973413017,1678.7094461913175,984.143924224401
2019-04-18,224.28854518972915,495.2976237299268,305.9534589191208,499.11873502836454,413.1340767619938,870.5588232644623,466.33529320166343,1669.835850139998,991.5096064496564
2019-04-22,224.515529136298,499.98037517550944,306.9590389397559,500.6965068752307,417.2239186111655,882.5391666478623,474.6010963656646,1689.2866748715587,953.3746335643684
2019-04-23,226.50051713208552,507.03612098002554,311.3864352696682,507.49344084167063,422.8245713129488,899.5884818441551,480.721957623432,1709.0047631066152,957.5473055732214
2019-04-24,226.00408163957732,503.5707473689884,310.90617614173806,505.75366548915486,419.31710449606766,889.2915642568666,477.5830358793148,1713.4862485544127,938.534267854763
2019-04-25,225.92069208803932,516.5441076273764,308.08462378792336,522.5029459653881,421.7430578536588,889.5253872693644,505.5192064787197,1675.303214168668,898.5125350799141
2019-04-26,226.9791965311153,517.0889212948955,306.6138451972499,525.4967484542289,425.0974214675027,912.14870915266,500.88937521654583,1596.248495216713,853.1931853969976
2019-04-29,227.22240977331575,520.9079967062919,307.07918765796876,525.0112625387959,431.3470691626911,906.4437701409904,509.4951258302534,1607.3623173743342,876.1612559436505
2019-04-30,227.43859303881968,514.1407644506562,301.16595217949117,528.3691384797179,398.98771403675676,900.8744013837442,505.8854581906302,1622.331484452232,866.074227521702
2019-05-01,225.73231162283344,511.3521437935237,315.94889698500464,517.3648019924366,390.45524620050844,893.860139125406,504.9175818190561,1617.5811856481478,849.0930770834846
2019-05-02,225.25285940020217,508.9411435234819,313.8927471242998,510.60842628069986,388.18906826769313,888.8566691512293,503.60967767941787,1641.9607144606107,885.7040566505497
2019-05-03,227.4239093903911,519.4514693693751,317.7948465432872,521.491415879819,395.85624353149194,917.680617708026,511.2999998092439,1640.3471454994267,925.3630747594219
2019-05-06,226.40709972308412,516.0901808620301,312.8872150672248,518.4572190742488,397.1574290267977,912.1112489507798,507.1410349201129,1612.0232413341434,926.4878639425522
2019-05-07,222.6687446196869,505.7716555444058,304.4527031033442,507.8169560390487,392.2988500898769,898.2932150922873,496.39022192263474,1551.6120460155598,896.4443140466418
2019-05-08,222.3112665806005,504.89549769807826,304.5127534806706,507.7765617223192,389.60999585734277,896.7827483997136,495.7885571037923,1558.8719008998294,888.3891209995728
2019-05-09,221.63956977475584,502.2909827472644,301.24099116936895,507.73606904280547,388.6748878152832,888.4124268333134,493.46060981914013,1525.4393375240347,878.011785890903
2019-05-10,222.4641348588494,502.15148682571254,297.06772976298987,514.3305723992717,388.56509014337735,883.7876973383367,492.64971567803303,1513.1596816559315,869.0858284997546
2019-05-13,217.09595132794655,483.98054412248933,279.80238293758697,499.03784803212136,378.2323239488918,852.317060651367,474.8626530980848,1420.2119961834874,823.6939151214981
2019-05-14,218.83618043433063,485.82095684434216,284.23172179168597,504.6209196658026,374.3288441551785,860.4722536298267,472.7438949765184,1452.3897815191895,842.9246958313377
2019-05-15,220.11395943731657,496.73502651601103,287.6365590006648,511.7270406507157,389.6166680790814,874.9824806662992,487.2351339002404,1430.340284171967,841.6184455044961
2019-05-16,222.07193630576373,502.01529465923704,286.3710404657166,523.5436570102828,394.1756872675986,892.0131014380347,489.1184789148749,1435.8075620977042,828.4834823514634
2019-05-17,220.7756283856978,495.62412568928676,284.7439246506859,520.0515486564627,388.94443534789696,873.9770488478357,484.69779665660775,1403.0029474110192,765.7113701159813
2019-05-20,219.28553023521548,488.0699235648131,275.8400652688127,512.5392221602173,380.91785485259055,869.2868888669082,477.94924743204643,1360.158902962533,745.1380572316301
2019-05-21,221.14854404745813,491.92829470639185,281.1281676858823,515.3005278147002,384.17239078103466,868.6088235364945,483.442300245483,1389.8271322180492,744.1220616861482
2019-05-22,220.52393293323692,491.5400534831207,275.37294815636767,518.4272184250544,384.64164481258405,869.6188932847148,484.7501642259424,1364.1922226449637,699.310761681334
2019-05-23,217.8965777297496,482.72471013338406,270.6723993513168,512.3767924158359,381.14412241814097,848.9502090591433,473.11010652925,1320.452191077476,709.3252783133041
2019-05-24,218.1915136051825,482.4941379846746,269.6329330754253,512.620437032408,378.9045566800763,852.597619725258,473.6070763686023,1301.0021412723108,691.6910027116659
2019-05-28,216.36401197989676,485.83828223961723,268.51804410117455,512.2957086940243,379.2206819445206,858.7468010548437,482.1082524803564,1284.6892518247096,684.6880870577485
2019-05-29,214.86852291356007,480.789057398394,267.2374170447744,507.3415687027982,372.6915678583485,850.6850801991706,476.5628722567642,1257.8892834675373,688.8970928196329
2019-05-30,215.3194183616479,482.29094954720784,268.6235879153172,510.5495397605325,373.1807362988419,849.343006033144,478.70773384463996,1248.2877732220954,682.9464545588673
2019-05-31,212.4781983634612,471.504809472391,263.7573010281169,502.22516290516455,368.21900634768593,830.0537848227139,464.216535080097,1215.5349925009727,671.8433786860754
2019-06-03,211.8906450833999,447.45425777184255,261.09062301007435,486.632104170123,345.66999012332235,791.5314256755256,429.3748330256638,1200.459660506899,649.3832540068018
2019-06-04,216.4319639087608,458.7181391040875,270.6423022173134,500.1135106530174,350.91123759359806,808.7724657526794,438.13756586983834,1283.1943327049612,702.4674900500667
2019-06-05,218.1984501682399,462.5295440125895,275.01135087628523,510.95558133389113,347.63336167110265,812.9530242825056,439.89007227949423,1267.7601236868632,713.3165410838072
2019-06-06,219.53722568767634,466.6435995688648,279.04904327985855,519.0363135726872,348.67167185553336,820.3694307271231,440.3086112423814,1290.1935540115626,747.2787900548808
2019-06-07,221.84186106478882,479.0424080457093,286.4764403891787,533.5734806064655,355.5301789574232,843.5959688898375,453.4397390938463,1305.6277630296609,742.0175588052061
2019-06-10,222.87565400197278,486.0521728798246,290.1374749547779,538.4464713006904,360.318916860666,870.0631356026306,457.2848198404014,1331.9198962890175,772.4239790831774
2019-06-11,222.79767421564532,489.6068937922577,293.4972024354217,536.4160011331393,359.7464606867454,871.498681891444,465.86450714697844,1352.7380355938762,787.7360088124923
2019-06-12,222.3437063225076,484.9192980816986,292.5631121012122,533.9389967127157,359.10086571437955,867.580059363717,457.8602205562187,1311.9090580823479,759.2890159301447
2019-06-13,223.25473340318905,489.5822129054077,292.5028458878652,537.3093975148315,363.0642676834008,874.5849744097766,464.216535080097,1330.3943245251826,776.1612689199909
2019-06-14,222.89495574265428,492.75981026678465,290.3785398081661,537.8372777902734,361.4969346765206,874.2903588410849,474.3133960077559,1297.9106154691453,779.8259950614644
2019-06-17,223.10263794854163,502.44999232453955,292.11107952843906,539.4615096588975,364.02269015544357,881.9405882982,494.40226224686785,1301.4102691739124,816.509590229231
2019-06-18,225.27061549368062,506.49682660173835,298.9810921050841,548.8417782155286,367.79973006900633,889.113824518041,492.9897836052763,1371.8513368287538,815.4573647414405
2019-06-19,225.94308512312682,506.3359517301655,298.10733992956193,550.9939559347843,367.5567947311433,892.5835667980955,490.40015911066695,1374.004943384631,821.589412240556
2019-06-20,228.0832598679678,510.22618174379136,300.50276003309244,556.110197794444,370.44860209924457,896.9791825630965,495.76249379666183,1382.7988942230852,796.8796572896604
2019-06-21,227.79605222854994,511.9489061458795,299.4783063515325,556.191642179798,374.4985895664603,893.7573197903406,499.97378609594847,1361.8010580974158,805.0074140320694
2019-06-24,227.40153520465972,513.8640154154153,299.1769752847971,559.4806313841545,371.6133521638258,894.9730995614569,503.79284369455206,1369.8773409907542,811.4660500655759
2019-06-25,225.2420398697811,502.3444419409232,294.6421885436758,541.8166098020482,361.9228831769388,878.3118720566426,493.9576198176713,1359.2885745175142,797.3877069677627
2019-06-26,224.96410611358132,503.38499205794045,301.0150348374326,543.8471783323836,359.50687424178574,887.4585117115307,490.8709853245308,1429.10152127738,795.6097407158502
2019-06-27,225.82418338463185,505.7664130833028,300.9246954718622,544.7404435636968,358.2789042371292,890.474593108625,495.6839826018389,1464.726093117093,808.5632946305332
2019-06-28,227.1243554227053,508.34306566931104,298.1826906825808,543.9687875213037,360.3321590478714,885.4945268415279,504.8391107834122,1473.6997407763579,810.8129249021551
2019-07-01,228.86692184925002,513.1788503410589,303.6515437761315,550.9531681669177,366.0559538650378,898.8496239575472,504.8391107834122,1491.1076873236573,824.274476589579
2019-07-02,229.53707300789165,517.0682760076006,305.4292891518598,554.6077390527139,370.24897229251275,904.5171741201023,510.07056670524963,1455.7522732519624,814.7679577303497
2019-07-03,231.29816835151638,521.7146338727375,307.96035020353634,558.1814557298617,373.7065380487279,906.7102727200806,515.8251762511065,1460.4187077994727,852.322369147557
2019-07-05,230.880466619581,521.0257416189992,307.6891402525845,556.5569615604796,376.92781512475074,908.5386873356601,513.7326420733863,1437.8055806539626,845.7911694187105
2019-07-08,229.76405695446053,518.8174106768622,301.34648701995144,556.1509855623104,371.6433132514797,912.9389410304178,512.0585665401954,1410.7063185022826,835.7766527867404
2019-07-09,230.04817329947235,523.9690012418137,303.1844986090268,554.1205809699488,374.1391587708847,929.763851779257,521.082936435148,1411.6031666506121,834.7606572412585
2019-07-10,231.08584920401998,531.8131028740598,306.18258084602803,559.7648998306192,379.6699193108541,943.3761756148534,530.290311708519,1436.2801810959934,866.9087619234725
2019-07-11,231.61393276547764,530.047471930225,303.9528268793067,561.9983252096603,380.7247950113255,935.735293370017,526.3667197671409,1492.0947713455896,865.7476389873109
2019-07-12,232.6840295625762,535.2769380207249,306.2880527148304,564.028729802022,381.14412241814097,940.3787886423165,535.888019342267,1504.0296710706523,889.2599891543748
2019-07-15,232.72495151474368,536.0516894959779,309.16562650691765,564.028729802022,382.86458419212624,945.0502541986866,533.3769060424805,1500.9781831312516,919.8114849176644
2019-07-16,231.93280732320102,533.719172955157,308.09594318812225,556.6383403706441,383.8462955300844,939.8644065559278,533.1937400273464,1499.2733450612704,915.74760654646
2019-07-17,230.41799766682672,529.8441255325369,306.3633794860693,553.349154440719,381.6100275567871,931.5080701315629,527.8577096035556,1522.8734701257804,924.746231443671
2019-07-18,231.24335442387795,528.8179591141826,309.84368735696745,553.9581512255676,381.7764240751655,924.9005899892605,525.1896140733024,1527.0909639815288,919.9566123083443
2019-07-19,229.8150256134476,524.8771070542987,305.2184413413753,554.7701687970953,376.5550910138339,918.6438800420874,518.8595234932703,1511.4775747602168,936.792635355882
2019-07-22,230.46510220780624,532.595233932663,312.19387782326254,562.1201639117436,379.1041864868081,928.5153210887826,529.2178608349917,1537.32102563661,927.7215505740539
2019-07-23,232.04320800207947,535.0067792222887,314.63447960046835,565.6124362035375,382.04597160777917,932.6584194167285,529.3224353369451,1576.265209948548,944.0132940011805
2019-07-24,233.1310608926565,538.7128933019554,314.3784740980887,571.4189880830208,379.2772296628572,935.6137082576288,535.3387220927591,1603.1854641028801,961.1032380770465
2019-07-25,231.9042316993015,530.233527706615,311.89254675652717,569.2669415141443,378.0160263698474,922.9927597456951,525.0064882173472,1555.805775461848,830.2614486033759
2019-07-26,233.6174685277013,534.2212332682521,312.97726665143426,573.9368130589055,414.38198673966224,908.6041178216109,522.4953749175608,1570.9710850207266,827.4312568636731
2019-07-29,233.2399159243319,529.6422273687058,315.90002211719667,572.6779005709632,413.25721887737694,894.2950342310432,512.5293927540592,1568.7270703853806,855.479149421651
2019-07-30,232.63847066879967,528.9750620320373,314.54416421667804,569.9167916420487,408.6515963929611,887.7858068468151,515.4066372882193,1574.3811055724202,879.0277814363849
2019-07-31,230.10607852151682,521.4329414780502,320.96219218411005,553.349154440719,405.3903626787104,872.9389374627794,508.05646340399437,1513.9897139283871,876.66920181103
2019-08-01,228.0354013527429,519.1375949092093,314.0167808908859,560.617639594824,403.2539479548809,867.580059363717,504.13283130343746,1479.8914026759717,848.5125156154036
2019-08-02,226.37467883053316,511.2521642919023,307.37282057329764,555.9073737333333,398.10915371303383,852.5789253007007,494.42844603153515,1446.4200929804044,850.2904818673162
2019-08-05,219.63373439108383,492.31438767065214,291.28248504481206,536.8627648991749,384.27559292340584,825.4056516206576,475.3596229374371,1353.0969987208334,828.4471485984319
2019-08-06,222.49271048274898,500.0646102477551,296.7965917573783,546.9331139624661,389.70982354274264,836.0205884837171,482.63136594519693,1367.0954413340357,837.264312351932
2019-08-07,222.66333485447637,502.368799861623,299.87000076561833,549.3291330238621,391.3171131878508,838.6251784822535,484.3054816375668,1380.914445435226,846.9522404495109
2019-08-08,226.84101190129496,515.099383441851,306.48383996742314,563.9881387597239,401.3937018572679,857.0914168955678,497.4103855451855,1420.128045823981,864.6591316518504
2019-08-09,225.3400942203916,509.1343493295188,303.9583666705057,559.1964940880688,395.63992038837955,845.2559909788698,491.367995323062,1383.5168204769993,852.7214694719266
2019-08-12,222.5645076802644,502.7305649062617,303.18708864127564,551.3998007825743,390.8479614125732,834.6598198931332,484.88096267174194,1359.0195889553615,830.9508037091053
2019-08-13,225.93228444206187,513.5476310923362,316.02652600713134,562.810605081946,398.2455891437584,853.0933073870895,492.9374160359417,1400.2970766439876,852.685239529618
2019-08-14,219.314105859115,494.4987527516319,306.6200804600713,545.8616809412925,387.43694782412075,824.3909439426808,470.0758396054441,1346.6362651561342,796.8796572896604
2019-08-15,219.85455459819673,497.3081884748871,305.09256097772277,544.6395561346574,389.1241507456847,830.5447632020231,477.60913934562427,1334.9707815078882,782.4384957151476
2019-08-16,223.02620380941715,503.44671541218906,312.29119588683693,554.6214442673186,392.41531998352144,838.237090790775,480.5126078236305,1431.7935294722267,798.0408321311836
2019-08-19,225.72612903402137,511.56141540412057,318.11356440058233,563.9104321601712,399.48020580608556,849.2494625575918,486.97357716782005,1532.4748081653563,823.0407899580774
2019-08-20,223.93956821025932,506.6548013691027,318.1286489402541,559.2250848706891,393.85291534548367,842.3567854116417,480.800428659076,1506.3623717268104,819.5211912072838
2019-08-21,225.78635272687038,509.51129991981475,321.57672529872156,565.4587279593591,396.5317740274438,852.7192048376461,480.12033296376853,1536.512691303227,801.2701241952561
2019-08-22,225.67208792998446,506.3136400193552,321.3045320947863,561.3436225177333,396.5118340544318,843.8905844585292,476.1705572377232,1538.7560171151104,806.0596914252213
2019-08-23,219.8167239404353,490.7129767185892,306.4536469062994,543.4579567951307,383.8862266042443,818.1529284200652,464.9489180263812,1457.6370664515528,767.0538503851313
2019-08-26,222.23096832346855,497.9811551563772,312.27606338360494,551.8507613607376,389.74310795923196,827.1545079027201,471.77601860494445,1484.6468676560253,780.1162498428241
2019-08-27,221.51912238905788,498.1020667737817,308.75239645431776,553.0324262754539,389.6233403008201,823.8625053614915,474.234884812933,1451.8940008319696,776.7781122357417
2019-08-28,222.9690714109742,499.0293910041086,310.82420641741646,552.2989677809422,390.59832828890364,824.9941602220998,475.4380939730811,1448.1216591389384,782.2570864767977
2019-08-29,225.79794508089296,508.3025087574474,316.0870560200593,562.7289639710236,397.4169554447694,835.351870365582,485.4041564549404,1500.0396611634337,804.4631863170201
2019-08-30,225.94308512312682,507.7027962990864,315.67874223237635,561.6696623599067,396.1823899105782,830.6242501827745,485.6657131873607,1504.6199927781165,818.614093110173
2019-09-03,224.38428106953506,501.7885406022673,311.0812671181197,554.2544855068994,389.2006895651693,836.9604471106991,477.08598572160474,1474.618803481357,816.437026533891
2019-09-04,226.81707321900447,509.4758813744044,316.35924922399454,560.7327896275789,393.4336135027362,842.0013772867558,489.5108340930948,1515.8476430129354,800.7258445748452
2019-09-05,229.76792107246803,520.3168722837946,322.5445340157269,570.592281669046,403.39033225746954,860.7528840564833,499.34605796997556,1614.4728697730811,833.0190247423774
2019-09-06,229.97714892555842,515.4402093249989,322.51431697282305,566.7218372594292,401.4369562602632,857.3813231817376,490.42634289533424,1604.682449693016,825.2904202296994
2019-09-09,229.95552871407244,515.5912229331393,323.89058336819187,560.2844520569954,401.08749545119366,856.3712534335174,493.74835033622776,1621.299626905229,841.0379359417767
2019-09-10,230.02964438239238,512.223561924086,327.7166605443181,554.4175710031758,401.2306031036568,851.3209760451821,486.97357716782005,1645.3719404533645,854.6446150198803
2019-09-11,231.69268537540663,517.5929666793195,338.13648019054006,554.5805253490731,405.98937991924566,852.4619781180689,493.04211101543183,1655.7011926870625,896.5894414373217
2019-09-12,232.35976408899836,519.3861802051792,337.3802867009818,560.2844520569954,410.97107540748164,862.076192445187,490.3740154851786,1655.1625327392949,892.1264108363861
2019-09-13,232.19143933871936,517.8859531161954,330.81690516447037,559.4696147523192,412.6549038720744,860.1075696454276,489.64163253889444,1634.2338372686856,889.6953713264143
2019-09-16,231.4633829580332,514.244000432928,332.55606385604597,555.4362815719946,409.8595497324017,845.3775760912581,487.10437561361977,1618.694668775471,881.0233349635942
2019-09-17,232.06096409555795,517.9121658762716,333.7658727158629,559.7548012514369,409.2772002641791,852.2562680951728,491.96966014190446,1626.419479497008,888.2076598558614
2019-09-18,232.14048952908843,519.2449574033941,336.8963823424791,564.3586385803759,410.19896386276133,849.8760825440901,492.1265218948346,1616.6285427993462,883.4908120373206
2019-09-19,232.14512647069748,523.6362224660018,334.1590300185337,574.7479125777803,412.22892980758826,851.765218363098,497.3580179758509,1589.3228919176793,894.7752452431008
2019-09-20,231.00864224129398,519.0177392388387,329.27432512423013,568.1069819871512,409.2638813847698,838.9805866071395,496.80872072634304,1551.1486400310832,873.0770393648963
2019-09-23,230.98624920620648,515.9241176222072,330.77157960011465,566.884594879758,410.87786881568445,834.8374882791934,488.6737963264993,1570.4599780114636,875.2904915995714
2019-09-24,229.04218316258644,504.78927206292565,329.19871057163033,559.7138823331915,405.4336170817057,814.4072649958762,474.18255740277743,1549.7112376704638,809.9058268050447
2019-09-25,230.4527558795383,511.8516799250091,334.2649335593776,567.7809421449775,414.62162431275794,826.901990465665,478.15847675431104,1600.909591382388,829.826014525975
2019-09-26,229.89300539977506,508.5332861408042,332.54090737103394,568.5142694891102,413.4069476234428,813.5795729162384,471.12210669430425,1592.9154506869668,880.1163406772067
2019-09-27,228.67081314802905,502.1813292616673,330.9227607417541,561.1399459791589,407.9693936752706,806.8505790143133,463.24873902688086,1542.7947612823095,878.5560655113139
2019-09-30,229.82505347091103,505.7113365588017,338.71117956843466,566.4366507603115,406.3687251237653,811.7418824411457,465.8122198960018,1563.543673829175,873.9842412727298
2019-10-01,227.00777215501486,501.44344183831083,339.64879522431625,558.4509697586898,401.3304307890567,811.6202973287576,459.8744844941896,1562.9149502136697,887.8449451898847
2019-10-02,222.9436059308368,494.299137397101,331.13451985988166,548.5915432924122,391.9860481542679,801.1362927903649,456.7093789654051,1554.2920859027436,882.1845617104789
2019-10-03,224.72089287138087,501.3599597476672,333.9473428457464,555.2324738830414,395.81633802139993,806.3689478472826,469.21261805418135,1628.5749803174078,845.5371445796594
2019-10-04,227.91572679064643,507.1151624565605,343.30851079201085,562.7289639710236,402.9810004012281,813.4907387232083,472.0114718710553,1634.5038560660323,839.7316856149353
2019-10-07,226.89505300533193,505.4875698819038,343.38417330817083,558.6547118724536,402.07917677565786,810.222139889059,469.9972882514422,1655.7011926870625,862.5545768655469
2019-10-08,223.3643801078221,499.5665103042395,339.361445535369,552.7472397763361,396.049277808689,797.5262709733651,464.9489180263812,1591.928022253303,871.0088183316241
2019-10-09,225.39799944243603,506.215492856302,343.338823762035,563.2179581590946,400.1324474361221,805.2326550569177,470.44209131735465,1623.1861421634762,887.2643318164424
2019-10-10,226.84408434634486,508.18551591721865,347.9664679556354,566.7218372594292,402.48515973899595,804.4236574018371,470.9128372128606,1644.024257348751,888.026302522873
2019-10-11,229.32552668399677,515.1759984675608,357.2218043063963,569.0847080625351,404.56172897972147,809.8760789764517,481.79436833778044,1670.612326388235,899.4558631193332
2019-10-14,229.00742494987486,515.02007604667,356.7076109596495,568.5551228321663,405.24722946217923,811.9850526659222,479.4140133246148,1675.46284900613,932.3659385079777
2019-10-15,231.28734882109526,524.9606400558627,355.87577893571137,576.7849402642812,413.3903309792661,826.4578195005147,494.08837810429196,1763.8483705827177,935.7404098680917
2019-10-16,230.82487986834104,524.9017461214644,354.4391503998752,572.0588707821219,413.64323630363515,831.1573266937206,495.8147408884596,1744.4466245228687,942.4893525883192
2019-10-17,231.4626101344317,526.3415783130255,355.81527290456347,569.1256925559701,416.90447001788596,835.8569052396922,498.0120503640279,1745.1652396002455,950.5444418246656
2019-10-18,230.55542832240167,518.0039664476386,357.5242145532353,559.8364423623593,414.1124647711166,821.8424372178166,486.1365394012246,1711.0328315864303,932.3296047549464
2019-10-21,232.13971670548693,524.817684464541,363.72463184819964,563.9920732710938,414.06918480405335,835.005809452975,496.3640782971464,1760.6145166315887,919.8114849176644
2019-10-22,231.3112875033858,514.8267472816694,362.89291973316193,555.599104767513,413.04424462716787,825.6862106945487,476.95522743498407,1757.0216134505695,927.3587320973542
2019-10-23,231.96986515736106,520.4997679466334,367.7625400877937,559.1439027860931,418.511759662994,824.0214793229942,486.92120959848546,1752.3508737564182,924.0930543748889
2019-10-24,232.41535084023832,527.1083945031426,368.367408545032,570.144009673652,419.0043025604587,832.7238766599663,487.52287441732796,1768.2489192736573,1087.373203312133
2019-10-25,233.36190895723288,531.249736039876,372.90440160992085,573.3626366996793,420.73143655618264,823.6286823489937,491.47265014337324,1837.2332114079927,1190.6025862105882
2019-10-28,234.66438061675473,538.3193950716043,376.6398036755555,587.4594007608033,428.94430241474356,830.9936434496958,495.42238571023967,1857.443808418822,1189.0786447977268
2019-10-29,234.46904473913528,532.8366439708067,367.9288537326651,581.9184283987785,419.5201343238387,824.2739967600493,495.1870127624867,1822.681815760173,1147.3877394086137
2019-10-30,235.23185933253302,534.1847096831349,367.8835521500895,589.1706509058885,419.53337651104414,832.3544120402797,492.41434273028,1823.400603043416,1142.997376313741
2019-10-31,234.52078622172382,537.2452932944408,376.20117691784844,584.118607156745,418.9011259821555,830.7972806390782,501.30787402025413,1805.6155256503328,1142.67078777935
2019-11-01,236.7867992681172,542.3231071174879,386.87803328299356,585.5444740771441,423.37703638572134,837.7086522095855,506.4608589064475,1819.7179806063907,1136.8289431562325
2019-11-04,237.66387865840085,546.4044924089242,389.41873501026333,588.9260554490687,429.15403002832113,843.8905844585292,509.33818375896544,1890.767537687523,1151.9233337048893
2019-11-05,237.38208078419353,545.7683540962305,388.85919211738076,588.5594245645972,429.76301725536246,842.511121443388,508.2918363517474,1882.7733969921017,1151.0162356077788
2019-11-06,237.5488410379134,543.0521005848973,389.02555372581236,586.9297499552449,429.61990960289927,839.7334296357824,501.0462771286549,1864.9888362166155,1184.9784326734907
2019-11-07,238.19737198506905,543.8225764519708,393.51539861105925,587.744456109542,434.92113037661875,836.1936189400208,498.090481240493,1871.365619421808,1217.4893558324043
2019-11-08,238.80731830021787,545.9955454416404,394.59242035455986,594.6707043496679,435.6066052950087,835.1087001408057,499.1891158986876,1866.3358304977664,1223.29486670249
2019-11-11,238.33866675865153,544.768499986984,397.71700648149573,595.2816683902013,432.0391907387517,828.4544839371101,495.97172311892643,1869.928905884651,1252.1410637199301
2019-11-12,238.71158242041187,550.7790377798397,397.3531069505254,599.192966142874,431.6831344001475,831.4239006255765,508.68427184832524,1882.7733969921017,1269.702723720867
2019-11-13,238.8814339685378,548.8579782964968,401.16031046572675,600.1708233686368,431.3403713768845,819.7849088722614,505.3361207819434,1873.4317453979327,1255.842019803712
2019-11-14,239.0813879384101,549.9967864896436,398.38453933008935,603.226496048767,435.6564552275388,820.4816686272326,505.23142580245315,1884.3902378647333,1267.598272745286
2019-11-15,240.92123589196376,554.7688634176567,403.1169359390896,611.0081726358668,443.7729445498749,813.4159610249789,510.3321635968488,1834.0895933304669,1277.830480463276
2019-11-18,241.04245610126327,557.6169234833333,405.1496795824341,612.5157462423778,439.2139509254257,819.5136970106491,516.3483700343049,1906.7561634900962,1269.9204148068868
2019-11-19,240.89961568047778,559.4680372715221,403.9210929888127,612.719422780952,436.8012653191079,819.6352821230373,521.3706367930566,1868.222001344282,1304.4995589990726
2019-11-20,239.99475233925222,555.5620564646556,399.218841477376,611.6565145344128,433.23057856215155,816.2403175412121,516.6360703922136,1896.8755075364281,1278.0118377962644
2019-11-21,239.61490011443445,555.1066364638352,397.4288653938057,611.0842398556821,432.6581990804349,811.1806929405981,517.7347050504083,1887.8932495838808,1287.4820748078237
2019-11-22,240.1360471128347,554.8472994178899,397.0800504025072,611.5340200804345,430.50509102022494,816.3292230870079,520.0627728125972,1894.2708938184016,1208.418271050576
2019-11-25,241.93881838287226,560.6705554812128,404.04224894178896,618.2383618793062,434.4884329622581,829.4786101801309,522.600029737872,1986.9677614475195,1220.3921112674473
2019-11-26,242.4700120880921,561.01878117571,400.8873018812687,621.5088588802249,436.9377263139004,840.2805626415294,520.4550878316383,1949.1522143790821,1193.4690078925994
2019-11-27,243.48218481379,566.1398083697109,406.27217078097084,622.6943271559319,436.64823880827475,850.3670609233993,528.3807829092173,1961.73684683526,1202.0684805600797
2019-11-29,242.50552427504903,563.4644890565253,405.37717074829567,618.851621051472,433.97255007074216,842.0855735500293,527.4391304814894,1948.2532997603648,1197.1700677871045
2019-12-02,240.4124540711876,557.7556848330354,400.6900757218711,611.3702788322632,428.9043713405835,833.1073264216883,522.3645764717611,1880.926661288821,1215.0583163224323
2019-12-03,238.81657333407978,555.3913557854698,393.5458075082037,610.3892739974045,430.8611473588291,827.6642520593523,520.0627728125972,1866.6340910570802,1219.8841654000678
2019-12-04,240.3267460488451,556.8475158364618,397.0192805717784,612.5967316014052,438.9143400488861,823.3294288505454,519.7750322955097,1882.4544717289093,1208.3819372975447
2019-12-05,240.68729653298138,557.6502674087421,402.8439273546316,612.9236894962318,441.58327987247617,813.8788977674523,521.47521129501,1876.3421967333625,1198.730342952997
2019-12-06,242.88614932346832,563.6324500918139,410.6253914650883,620.3640472220054,445.7196994534786,819.0788019050117,525.8958132349193,1907.17410712604,1218.7593762169374
2019-12-09,242.1179438142162,562.9839649718299,404.8765750708557,618.7697176397916,446.9176828064132,818.1014830761499,526.6544201250497,1907.17410712604,1231.966799254587
2019-12-10,241.85235638628438,562.8278811815044,407.24290527514626,617.8295005727992,446.8844495180598,813.2850287003121,525.4250271802343,1923.4441173130936,1265.7477427980336
2019-12-11,242.55570126107847,566.0311290100258,410.7162824116006,620.1597805067257,447.33708690543256,817.732018456463,529.0609187637037,1953.6469596785348,1279.7534702951457
2019-12-12,244.6356711624266,563.7233097202793,411.76303914863723,626.4553921494695,448.74801894450826,823.1611076767639,514.6481508756257,2014.1421914595576,1305.0800685617921
2019-12-13,244.65342725590506,563.1090762855954,417.36024272918894,631.72894888873,448.20887275114495,823.4463046804115,507.7425792614185,2013.422887558718,1300.3994506855595
2019-12-16,246.4021574219057,571.2540635021913,424.5044629792961,635.8169717770942,452.8112741629973,827.3135532169885,517.7085614249199,2023.8502971358396,1384.2527697674107
2019-12-17,246.4847741498422,571.7265786627412,425.33888503548314,632.3832581295202,450.877812574735,837.343896872421,518.9379945289143,2052.075527340103,1375.1454550432743
2019-12-18,246.37821873961516,575.6479691142266,424.3225851591512,631.0748363735084,449.88608012213496,834.2436192120532,529.6886468896766,2063.0417690708578,1426.5241847192433
2019-12-19,247.4768911606133,581.7413567022783,424.7473024844105,636.5528565536172,451.39359320997903,838.1014491835862,539.0007171425378,2116.52529462002,1466.0380754374357
2019-12-20,248.70061021020615,583.0456367503617,423.86745893674737,643.5026462867721,449.65646366368117,835.3986064269754,539.6285657460476,2151.6719951825407,1471.66212516381
2019-12-23,248.91602065210856,585.1158315925362,430.7842839481133,643.5026462867721,449.46023387798857,838.4381628839147,539.3146012851138,2146.7284813971924,1521.1178650079096
2019-12-24,248.86737046392602,584.0507628672273,431.19389275192066,643.3800206824147,447.3969068244686,836.6659028947728,536.5418910937282,2144.9301355421608,1542.9974282191024
2019-12-26,250.14360381970891,594.0687210210344,439.74886519715517,648.6535118464858,453.4002702888906,873.8695202302482,543.5258935844005,2150.054293280581,1563.6433047987935
2019-12-27,250.15210487932546,594.1879730333504,439.5819520077816,649.8391768477613,450.7946270975797,874.351151397279,544.3369082030445,2129.1996463322034,1561.6113137078296
2019-12-30,248.70601997541667,586.9419258453428,442.19097782650607,644.2384654881057,445.82614823248116,863.6380331289107,534.684729863761,2088.300236621622,1504.7173279431347
2019-12-31,249.43871329771184,588.6590152722241,445.4218991663274,644.6881145624791,445.7196994534786,864.0822754468265,536.8820393393294,2115.087375641803,1517.8885210384758
2020-01-02,251.52871105652338,601.7852882979033,455.5848499660867,656.6252909079344,455.46671615870224,887.5426366220388,548.7312861991074,2156.5261341236146,1561.1759315357901
2020-01-03,249.7529509138262,597.5304199545759,451.15560703910813,648.4491139808271,453.08404276817447,876.7687257974763,545.82785788028,2122.0088460000616,1607.438661163487
2020-01-06,250.63542121996426,605.784584276015,454.7503799463396,650.1252158243425,465.1606107306964,889.8199314852908,556.1078045047154,2130.907239696035,1638.389309156508
2020-01-07,249.93283031941553,605.8246398062263,452.6117327621513,644.1974809946707,464.2621359980295,891.6810970202283,557.3110136648635,2156.7062614590895,1701.9596739460908
2020-01-08,251.15811386556754,612.4890415487051,459.892601195168,654.4584243462317,467.56659855120756,884.7182801058054,562.9609683904091,2160.751205037452,1785.7043032010167
2020-01-09,252.82963706884217,619.2094121204752,469.66114763969216,662.634732423718,472.4751552409982,888.9641977688168,571.0174619137877,2184.4818621481286,1746.517001017215
2020-01-10,252.10776327696811,617.8723727134426,470.7228690075002,659.5685677132685,475.52663577760336,880.5985141321732,570.3897337878147,2196.1675799855884,1734.9423130300754
2020-01-13,253.86652130043217,628.8665350357816,480.77967644861496,667.4993622812822,479.21052022750484,884.4049701125563,580.4603707716275,2265.022373308952,1904.4270212564134
2020-01-14,253.48203213400535,623.3687115752119,474.2873769082677,662.7982769463208,476.0691564279379,874.1828302234973,573.0054617487334,2222.7739028468322,1951.814540067241
2020-01-15,253.9560934407822,624.7719910897015,472.2548730827241,667.0908288507227,478.9343260372205,870.7130879434428,578.4723709366817,2207.403496101959,1881.3501051667504
2020-01-16,256.0808305629492,630.0067882808528,478.17050673920994,679.3141097479486,482.5815516136615,878.157607377662,580.0941592188959,2237.6063384674003,1863.1716018500629
2020-01-17,257.0698562793143,632.5813657922981,483.46434080171935,683.1158969341632,492.3519338770044,871.9756751287182,581.0619151129331,2240.752023015314,1852.3225508163223
2020-01-21,256.38811276665007,634.6073735921688,480.1880459339821,680.6631881214479,493.2603785961773,884.7322652478407,579.2308975084542,2228.7074281538294,1985.4865861623161
2020-01-22,256.46222843497003,635.3609379424755,481.90197579291106,677.3926911205292,493.7994736614047,882.609306416335,578.9170535250573,2248.213186556534,2066.6188185742817
2020-01-23,256.7548458395984,635.2943900966882,484.2227885786053,681.5626174205737,494.0723956509896,881.2625229677863,574.8364793532123,2272.9323053360677,2076.1978492234894
2020-01-24,254.43322719260894,629.3393470251789,482.82728879561046,674.6945343735307,487.9093590180637,870.5354195573827,570.0758094860599,2251.538826234057,2049.4198732393215
2020-01-27,250.43081145912674,617.8813939466905,468.629643314788,663.411470543297,476.4484249402535,854.9637487815401,562.0454997473486,2159.1333309296265,2024.7463482307342
2020-01-28,252.94853880733714,628.3663911551854,481.88677134433885,676.4114895601019,482.6947493066066,866.6120877471336,569.6833739894821,2228.9767581277133,2056.9669127975653
2020-01-29,252.7292642474272,638.7473891721661,491.97389175547767,686.9587997641916,484.7579229757189,868.8332993367137,583.9130963399626,2207.1339939222094,2108.091825255929
2020-01-30,253.52140843896981,634.2541304446536,491.2609613971881,706.3361371098522,483.94263372020714,874.7626427958368,548.0774144476461,2209.5603745692833,2325.1457210582516
2020-01-31,249.03260391979902,627.3802311743692,469.4789820381863,695.9116492356884,476.7978346211872,939.3125642676589,528.1454099614643,2125.2451108333094,2360.5592958414854
2020-02-03,250.8392393078441,643.5692328884327,468.18967357739626,712.8769999613106,493.37689961795775,937.1989526484318,534.1093291479436,2160.301403316362,2830.1892482455664
2020-02-04,254.59691500127892,663.8338446864141,483.6464104761049,736.3425569209038,481.000874163304,958.4615059411433,548.862164963265,2221.4262197422186,3218.650842106096
2020-02-05,257.46128200879855,654.4641293711577,487.59026217421575,735.443258772157,481.2138228494452,953.8788745778036,549.5945077503701,2254.0556149605995,2665.8205400675006
2020-02-06,258.31751401119766,662.3116758999156,493.2934652227317,750.6915887360185,491.17056716824646,958.7233705904771,551.5301801751602,2285.4270463303737,2717.5622958416147
2020-02-07,256.92237891691974,664.346584928722,486.58830340237307,751.7547592833156,492.21552401034785,972.3076527892376,555.4014447063827,2261.5164340900883,2714.332951872181
2020-02-10,258.8046944698439,675.498289275603,488.8995234760343,771.4182011807469,502.0491517778339,997.8536552996063,557.3110136648635,2363.8101624062756,2798.5491932414548
2020-02-11,259.2416790931047,666.811533046345,485.9498604530194,754.0031358055617,502.5149802242761,1005.7516929112543,541.9565531898787,2408.03521179438,2809.7972926942034
2020-02-12,260.9170664143869,672.69257573155,497.4900848829111,755.1068318199673,505.36690764635335,1010.0537652007032,551.2947269090495,2449.8338805354097,2784.071749819272
2020-02-13,260.4916552957926,675.0638295733966,493.94735243845844,751.0187433564136,503.62313144238476,1005.3167978056172,557.5202429871281,2434.013499863581,2917.2719112968516
2020-02-14,260.9718803420253,677.2913596144995,494.0689880270363,757.7231507304748,505.4001409347067,998.3025355472788,560.2405856091791,2604.8923471175162,2902.8671353807317
2020-02-18,260.20985742158524,685.9495957280444,485.0222931629924,765.4086285145843,505.636455178967,1008.0289877745063,569.7096782516862,2665.837208413763,3114.6594885012105
2020-02-19,261.4343492947796,692.3618620469879,492.04670043980786,767.7043503236464,507.44337463080694,1014.8328307274262,568.8987841105791,2828.8057792288514,3328.8104212470444
2020-02-20,260.4368413681541,683.762818060374,486.9988714773838,755.9806867951897,504.82106366718347,1006.8271931454252,561.286933016397,2774.8721075468684,3263.4621940162724
2020-02-21,257.6975398385854,668.064891264671,475.97569422606864,732.0819401337866,493.6630126666122,980.112218278099,549.7775532879675,2643.3650317692914,3269.2313711333263
2020-02-24,249.06116069434242,636.7653184056159,453.3665353084648,700.5179128466386,472.4983674147096,939.5791381995145,525.0327121611933,2456.4855043021867,3025.3633732152502
2020-02-25,241.51958985309,622.3806710722781,438.0101861411811,688.9581872919217,461.33699308530305,922.4877248715851,514.7004381266024,2355.53997570821,2902.431545587246
2020-02-26,240.6069982758494,625.0654266336242,444.9585711751354,697.566504717807,462.71801516486073,925.6908932197838,515.8251762511065,2405.8781611211894,2825.835011282279
2020-02-27,229.98101304356595,587.8810882283188,415.87246105643703,648.4166542620267,437.5866446151017,881.1315906431194,496.3378945124791,2271.9534871956866,2463.7160112338775
2020-02-28,228.0863511623738,594.7430102500471,415.62909395216076,664.1167317063254,445.67312172164793,880.8744352763078,503.4527757673088,2429.083418135753,2423.766738343645
2020-03-02,238.58727091670636,624.7058678046243,454.3244635320762,708.3064748286357,461.33699308530305,913.701202624105,513.8372567345186,2486.2871070006527,2698.186439646457
2020-03-03,231.8810846899686,600.4196901374056,439.89558572769926,674.3648223207452,445.1640388722104,892.6771102736476,486.2411139031781,2391.48726134016,2705.044176004333
2020-03-04,241.6670672154845,620.5260676132414,460.2999077480875,699.1241777690927,459.7662856214516,923.9326183726771,501.5955743781627,2558.9610820125054,2719.521619426516
2020-03-05,233.46921834170527,600.6408621756167,445.3690912865859,681.5794702442741,437.52339911095845,899.7100669565432,484.35780904772247,2458.044311798093,2628.9554837560227
2020-03-06,229.48766884546373,588.1003951995132,439.4543689377432,662.3131516944302,431.193940395586,888.9828921933741,473.6855474042462,2392.8368387092955,2552.540410594767
2020-03-09,212.0535600684684,546.7612561374887,404.6971433922791,617.426541033347,404.58836673854,841.9967393569992,443.3690217916757,2207.554692852004,2206.096206847018
2020-03-10,222.52822266970594,578.6821190484271,433.8441672323869,659.6484382940746,424.34872660903756,884.6481403373326,466.0999202539104,2348.2246705352,2341.546154312304
2020-03-11,211.6536144300115,554.7594367152938,418.7765107337351,629.7651686888962,402.9610348641481,851.4659648646497,445.3047343756447,2216.818851806628,2301.2705005091266
2020-03-12,191.52267172281796,503.3215288684477,377.4203146901173,570.039286096027,369.8995370475112,784.0121285430773,404.0544305463566,1945.551389728243,2033.926330460934
2020-03-13,209.3096215972907,552.8600639203024,422.63839270752436,651.0811053616243,404.082530525734,834.6972087422479,445.4093490367771,2166.1810281874095,1983.3821351867352
2020-03-16,184.22584092161287,481.5694986235496,368.2672606314079,555.11817632775,357.07097646175663,789.8760415162499,381.92515674378535,1766.4746822398172,1614.913240837114
2020-03-17,195.27107353303472,504.73516011853906,384.4600223426254,600.8247391582901,372.0659384230626,845.3775760912581,390.8448718184267,1954.1859640380337,1560.9582404497703
2020-03-18,185.15002485287607,490.42429634553264,375.04842071284764,575.5323885697198,363.1242154227766,855.7399955172625,384.41012641808334,1824.2185809052758,1310.667888345858
2020-03-19,186.02167562859304,505.79391043499254,372.1747799326939,585.0015770833073,369.9394936857391,879.5557648173606,400.5493374086869,1915.510420876517,1551.6693607711995
2020-03-20,177.95586649453435,490.2195817168621,348.54706685143026,563.0296262148623,355.47690343978593,863.2639305794675,391.6557258003549,1850.571588938141,1551.2703123521915
2020-03-23,172.74285086332878,488.93907252292894,341.14254836030875,557.4137014112437,350.7914188070502,889.7965991309768,387.3920659317336,1912.9915656795863,1575.7986061593756
2020-03-24,188.95092211992676,528.2993927534358,375.367810059985,608.0802404248748,376.04265927149305,907.2246548064694,421.0828460769954,2241.192697825524,1832.3661850584447
2020-03-25,191.13047316973223,520.3373216549587,373.29998107238004,602.2593275788919,366.5950489302652,881.8517541051699,408.6058309320654,2209.173600195023,1956.640492955599
2020-03-26,203.0597217344951,544.2204593853309,392.94410464593625,639.9312903164462,386.99435711545794,914.42129473339,427.25599458573953,2313.6872343253644,1916.4009652840073
2020-03-27,196.21917729723228,523.6021603329674,376.67536865541774,613.655246310248,369.47026521825774,888.519955450901,410.1228439164315,2273.1231094352133,1866.3284859348798
2020-03-30,202.79566110441016,547.7636512471308,387.4248898142126,656.8201803711163,381.4669199043239,918.3773774629972,434.0831353234817,2388.789312042948,1821.9525161967435
2020-03-31,199.5483505776668,547.5624026520951,386.634258488456,646.490055194637,386.671585193343,911.7231612593013,436.3065482653594,2370.8904065726674,1901.3066785460737
2020-04-01,190.73980141449337,524.5433118783285,366.2906583352364,623.534279758185,366.754798790973,892.0738939942288,417.4731784373722,2186.23818977194,1747.3153054766776
2020-04-02,195.0942665724953,526.8085455469507,372.4028706430576,636.4469526225814,371.72317539979963,897.2784360615449,413.7849192845683,2297.7668020455903,1649.020669104229
2020-04-03,192.14110024822716,520.5109569850489,367.0509766909688,630.5849241327845,363.62667717861143,891.5548026253181,403.29574333786826,2193.7935499216733,1741.6912557503028
2020-04-06,205.65463719607533,558.0462702745464,399.0715214023298,677.4802339985062,393.73981990881043,934.1080222003427,433.0369083938005,2414.063105915756,1873.1498885397243
2020-04-07,205.324961957287,561.1062415911236,394.4493210728081,670.1834859377285,393.53009229523275,940.6593477162075,441.6164752228408,2329.7867607054195,1979.1368994825425
2020-04-08,212.31760184919725,572.3490037554096,404.5450989065567,676.9062543648486,401.6631982617456,955.3425338562183,455.87226088045185,2401.0214390921305,1991.4372244230815
2020-04-09,215.39353402996784,575.0715970400024,407.4642571053068,676.947173283094,401.52014173741844,955.2302959561088,458.2526560527965,2365.0445340512883,2079.100604658532
2020-04-13,213.21705542521227,587.5522736858616,415.46203687210675,678.4639929913237,402.79798723867293,1014.2015014584059,457.2063889639364,2427.1044283276497,2361.938109863667
2020-04-14,219.7356528597018,613.5141892940921,436.44407997468005,712.0367850582996,421.04091516295625,1067.720356738854,466.0475928437548,2553.9240604421066,2575.798787828141
2020-04-15,214.8947800666551,612.0973742932366,432.46046648519257,704.5761645989717,418.4019619910881,1079.111540337636,462.9086710996377,2525.9521450662214,2648.150086428915
2020-04-16,216.14475626934296,622.73159504555,435.89671982607933,725.7281632979599,418.44519083001546,1126.1117496688116,461.02528592582416,2650.612143419503,2703.955616763511
2020-04-17,221.93605129739177,626.0203127634146,429.982093404357,732.1229246272214,425.6232487814567,1110.5915242368844,468.8463663422708,2629.2060932892987,2735.450544376943
2020-04-20,217.96760210366352,619.9390060640068,421.0570341288909,717.6116597932939,419.68318194931385,1119.2938502210911,466.2306785405311,2581.806428767851,2708.128184961641
2020-04-21,211.28149044120877,594.685899106982,408.042026151052,687.9333126552903,403.3803878350315,1088.6696000383165,446.7695404273921,2424.0467409770854,2491.727673849547
2020-04-22,216.12622735226296,619.6827013997504,419.79516082451516,711.2988674509022,418.77138833723757,1105.2092424307425,476.798325522875,2573.7110310234248,2656.422970562004
2020-04-23,216.00964408457256,620.8110692177465,418.16833279084545,702.6905500250169,423.0176055901459,1122.024805967303,484.2531542274112,2554.4639258309335,2560.3415788027846
2020-04-24,219.01607868927607,632.3115956441908,430.2406649572054,715.521319477733,424.82457617012176,1127.0610268608377,497.1749724382535,2604.651775523196,2631.1689359906973
2020-04-27,222.23869655948357,632.4205568321846,430.5447059650901,713.4715046292805,422.9144290118427,1111.05917026188,490.4524865208226,2672.0190545790347,2898.2226436360847
2020-04-28,221.07363670618057,616.3762730454954,423.5658640704312,696.0908006533912,410.1789983256814,1082.1042893804163,478.4461771122197,2620.571518979508,2790.7116912804054
2020-04-29,226.9506397565719,646.2476009475314,437.47788655047214,727.326755267491,446.6481864019354,1109.5206619324701,507.9518487428621,2684.4309645519606,2904.60866406889
2020-04-30,224.85986917415883,662.9439577103985,446.70689090670254,734.6237000538372,448.1523250328083,1156.8856266008104,535.4695205385588,2628.8458386183493,2837.010650850411
2020-05-01,218.5505184421158,639.6274089754459,439.51537858627285,715.6030261638448,438.37529611179474,1068.9922911364079,529.0870222300131,2543.400732197815,2544.702908633717
2020-05-04,219.47932046563187,652.9846062079395,445.7340460158799,733.106945920797,440.2322188805725,1082.9974119460048,536.9081428056387,2619.941762128809,2761.9380579583053
2020-05-05,221.46353563781793,659.2867440242171,452.42385949698576,740.9772801640954,448.92441101346066,1083.8437984502,541.6426288881238,2641.978085727309,2787.4098874263545
2020-05-06,219.91785073609563,665.3738754783784,457.09176909934445,748.2740282248731,447.7296998612254,1099.4903182770377,545.3047042562606,2678.4044480775096,2839.550691619477
2020-05-07,222.44792441257397,671.6131078524774,461.8203526053116,752.6192370064401,455.6664737857739,1107.1358384516307,552.6026310486877,2742.0837663144875,2830.334375636246
2020-05-08,226.20096316439975,679.2633218360045,472.8124015060797,757.0462180493087,460.6780536694599,1112.7472339877481,555.4538122757173,2810.7102146599927,2973.2225690221276
2020-05-11,226.23106558614617,685.0866688116851,480.25212525036227,765.4906630766436,467.0840512043169,1126.4904901480115,557.6248576482604,2901.732552451485,2943.723298746628
2020-05-12,221.59325690673396,673.2949832867531,474.7637989513847,748.1509435941892,457.6298964616901,1102.1510629020115,549.5683641248818,2807.1130063323326,2936.9018961417837
2020-05-13,217.7236348872177,663.236814597165,469.03143405828854,736.8369938497029,448.69474342687096,1107.2808272710984,536.4896841611094,2799.017952999638,2869.957059992087
2020-05-14,220.23286117581154,668.428573878213,471.91294086230926,740.0344400895232,451.5334286617428,1117.0680007017545,540.9625733519954,2889.140170731353,2914.8408717868797
2020-05-15,221.0975753884711,676.1902382300858,469.1229964946432,750.8154602689763,456.9243281858804,1126.855245485176,551.6086110516253,3054.7250652633325,2899.746585048946
2020-05-18,228.0624124800833,684.1708431763516,480.17595911682054,757.9892548494491,460.9576734448515,1134.5616295687287,557.6510414329276,3148.0861309162806,2952.21397777646
2020-05-19,225.67131510638293,686.366839357086,477.4014110519674,752.742059336366,457.3702677874465,1145.3495255353264,567.3030992946743,3167.9631651653362,2931.822022225097
2020-05-20,229.42899079981777,707.0912694957499,486.6858133201881,763.1831377334722,468.9376506442592,1168.0804473889748,601.5432570078018,3227.1461882500707,2959.2168415250158
2020-05-21,227.64550242110553,703.8787795169516,483.05736999372095,754.0163819938399,468.1356547040889,1144.1383836939667,605.2576196269152,3157.080443279424,3002.903300441338
2020-05-22,228.18131421857828,707.1526807933309,486.16756705260747,754.3452415691618,470.29535829383366,1139.5277106937906,614.4650350594652,3247.3817551114203,2964.006460660343
2020-05-26,230.98547638260501,701.8192627857428,482.87458086593296,746.370642774565,473.0008547346124,1132.5041012231736,607.3763375893027,3136.392663814866,2971.2269116841953
2020-05-27,234.41036669348932,698.7632957039575,484.9784544690017,747.3572215005308,472.6381006102015,1127.1405138415892,599.3722517944376,3067.13731964799,2976.161658210202
2020-05-28,233.91624967178558,693.4430599882263,485.1918923117351,745.6717424049176,471.95927234948226,1122.7963434205035,589.7462572398215,3053.3756601000623,2923.839600494814
2020-05-29,235.04193322012412,699.6222429318616,484.719211426311,753.276693856326,477.0442211082254,1142.0949118432122,588.7784210274264,3193.1465509586756,3029.753943931569
2020-06-01,235.92363070266066,711.979545144548,490.6801706471525,751.5501646920884,477.4933817823549,1155.5015256559125,606.6178110175301,3168.233183962683,3258.7089086339765
2020-06-02,237.86076018322325,714.3724020353768,492.9517248565575,760.1003169248909,479.969210636544,1156.142130784446,608.7365691390966,3175.0676903587855,3198.694476348219
2020-06-03,241.1073167357213,712.9454407608475,495.6655990178022,761.9499307198123,478.9509426813971,1158.9431549463654,602.040267006333,3155.011562009449,3203.7741426434595
2020-06-04,240.29509797989564,703.1973168483598,491.39679419957486,751.9200743360348,470.6481424317385,1150.6195694413586,591.9172624531857,3155.3714722686673,3136.3575905686916
2020-06-05,246.59362918151763,717.2501690775953,505.3922732743025,769.5136353770279,479.2071457705336,1161.0942267674727,603.6358715038799,3210.6213133818487,3213.57096818941
2020-06-08,249.5630059520612,725.6692615980724,508.3804510361298,774.2820664316015,481.8760344659877,1180.2946137848726,605.2837632524036,3169.2288782778983,3446.735042464425
2020-06-09,247.6166214376366,739.7974792626618,524.4340944410893,780.2013420618282,483.2204999283567,1216.207602298237,624.3002187771671,3255.9727613371997,3413.1719976284444
2020-06-10,246.3010117768892,754.9100268423082,537.9264837332485,809.1402633630761,487.4202161416382,1237.9938848896159,619.2257049266177,3371.4212957307473,3719.340547573015
2020-06-11,231.78303033935816,718.6038168086822,512.1004567989517,765.6905362542271,466.52169283724214,1196.1468436346063,587.051937765722,3166.078888583343,3529.8992659673545
2020-06-12,234.81031233194622,722.1938994463021,516.5214499935819,771.7335522670327,470.1889095148311,1190.0958437103295,597.9073654243324,3215.1207082396736,3393.614680289575
2020-06-15,236.76210661158132,733.4233056761284,522.9096206448113,776.666314746483,472.7911782491707,1203.0301735682779,608.1610881049214,3301.954827172579,3595.4287467203917
2020-06-16,241.25168395435367,745.3215186652401,536.7676361561067,795.6983987194477,481.353607173073,1222.946014765206,616.4006673250764,3264.070914375477,3563.6074381940157
2020-06-17,240.38310562368656,747.9913927827652,536.0207475972205,798.4526878286547,483.3736286954617,1234.9683849274775,616.0868233416794,3324.360876764639,3598.658090689826
2020-06-18,240.52594604447205,750.812815982217,536.2342334035139,807.0027089110781,477.2438253508892,1241.0474978413558,617.1593143743858,3317.8824920987104,3642.8162655312194
2020-06-19,239.16709596075262,752.3817650860208,533.169841544585,802.1933589382589,474.0891682359809,1250.8814786861708,624.614102919743,3333.4492135304304,3631.7135010905963
2020-06-22,240.72050909848994,762.762169899868,547.1195633829154,824.4729885958188,482.74792256797195,1269.0296264709484,625.738881203426,3429.012103381639,3607.8382805414712
2020-06-23,241.75739333007994,772.0591966941407,558.797731011841,829.9812389382853,487.18052744040665,1292.686493162309,633.6384728146955,3401.3854607663916,3634.906303685553
2020-06-24,235.5067206436829,753.3481798118827,548.9336891190287,813.2507785414372,476.77129911864046,1278.6532593631107,612.1370476156341,3324.181093840896,3486.3938529518514
2020-06-25,238.08774412979213,761.5039374154875,556.2211765233482,823.5275910888564,479.5665765661091,1288.0898053041683,616.4790982015414,3415.7846264289724,3577.5770395595414
2020-06-26,232.31961496043238,728.0399758750763,539.1308487289866,807.0438901300814,453.42348246260207,1259.2330344752481,565.2105249577751,3295.206423709303,3482.3664121444012
2020-06-29,235.73138611944722,740.4079575624138,551.5559528803586,815.7173892943257,464.94766204455533,1253.3925252091549,577.138323171555,3311.403074197588,3662.3737904915342
2020-06-30,239.36397748557505,761.3091404159111,556.1602628019389,836.5582992943454,471.896077973475,1290.0724132459632,593.9575495391082,3418.5740170408467,3918.034271293493
2020-07-01,240.56609517303804,781.5729430939095,555.1082300732842,841.4499461299819,479.86613631451263,1346.1304280389968,621.3706066736725,3430.1813812094338,4062.5188659768532
2020-07-02,241.658566155868,786.6937216426121,555.1082300732842,847.8626094859758,489.16056676049953,1351.5548079767755,610.5675867435755,3459.7863248093227,4385.559565100548
2020-07-06,245.49652125707863,819.417374763583,569.9574125553852,866.1136929520442,499.05074224632233,1429.5253997560983,628.5115913948116,3541.490775416106,4976.706404978866
2020-07-07,242.84060927904795,815.4837552363107,568.1890440556691,856.0427209244529,495.8128485261228,1402.9085349413156,630.0287248567146,3553.189064281759,5043.034397812812
2020-07-08,244.741434899696,827.554594428343,581.4219984508969,874.8695545542953,500.3651954929015,1440.7808703949258,637.1436061115444,3677.0966952079953,4956.02440226759
2020-07-09,243.36021063024518,837.7991070864947,583.9225786600888,880.9945395539706,505.3768776328593,1488.253435033619,639.5500244318405,3782.5579782170344,5059.072324022333
2020-07-10,245.90726757660047,849.2206438564481,584.9438667466779,878.3224817323916,512.1488503646906,1496.3759484454863,641.0410142682551,3771.850561902358,5604.681967415631
2020-07-13,243.6049506702925,827.7687984889031,582.245388888246,851.1922553078199,503.23716514426246,1451.4846414510157,625.1634403284297,3618.1582044524903,5432.004041351444
2020-07-14,246.870808963472,832.1069134598679,591.8807884897528,856.4536806370237,506.10898141121584,1442.1322917732314,627.0729691277315,3735.0470687063735,5503.629702998819
2020-07-15,249.112902176931,830.9072212608144,595.9511680595784,855.1794891299288,504.7845070499948,1407.0001879253462,628.5115913948116,3681.1459439329988,5609.616298698746
2020-07-16,248.2643984105469,823.162808437926,588.6181152731024,838.2437128147691,504.13231654809414,1402.8056442534846,630.2118105534909,3647.8523506907877,5444.993669492352
2020-07-17,248.97160740334851,821.4359382050488,587.4288108352561,833.968603910773,504.77448593535286,1385.0689165144995,633.0891755651877,3671.8781686551956,5445.7195140671965
2020-07-20,251.0646964565661,857.2238450692033,599.8083496044715,869.8135107185926,520.4118217964611,1494.8982326722708,641.9565230704945,3783.1875628618677,5961.539632403635
2020-07-21,251.48624345715285,841.8103839496571,591.5299830107075,858.0982408143914,517.7761663893605,1467.519320322097,632.3567524597246,3717.590215693228,5690.7124049791255
2020-07-22,252.93155553746018,843.2381025241253,593.1918724068577,870.4299830750437,520.7478359057816,1449.5721019249281,627.4391806804632,3757.2726465512274,5777.686274392762
2020-07-23,249.81547422812355,810.8471568127657,566.1917454832866,832.5709998970469,504.74125264699944,1396.5629908011122,608.4226849965207,3646.052454982965,5490.095276183886
2020-07-24,248.2690165027998,802.3307617050376,564.7892430205076,827.4739715679093,501.8993463395642,1407.0188823499034,603.4789695917709,3669.358796840668,5141.510495328971
2020-07-27,250.10500033834595,820.5475317367775,578.1748174641797,837.9559688832611,508.960908833293,1428.669594686859,610.7768562250192,3751.0639362709144,5586.358129086818
2020-07-28,248.4859725919052,806.1935986889042,568.6768814261053,830.4335110202384,500.381863265214,1403.0067163466242,601.9356121860217,3676.9165678725203,5357.367038252824
2020-07-29,251.57425110094377,816.9077027661845,579.5774638176391,838.8192006777851,506.99078837157015,1418.5316510610737,610.2275589755112,3766.899987676518,5439.44228727204
2020-07-30,250.63078427835524,819.9523412590852,586.5905516942557,838.1614159519517,511.93595280668546,1427.112391932892,613.3926243451167,3820.3519995522647,5397.279769768578
2020-07-31,252.55324895984538,847.8239536696398,647.9998805707352,842.7242032122662,495.157232439115,1479.8596384073742,663.5364594643789,3820.6220183496116,5191.4380549088655
2020-08-03,254.36683976030406,860.2540821355316,664.3279235033975,890.1199829242207,493.4300217511872,1455.1741502487669,659.0635301143142,3962.9749639578504,5388.24491492906
2020-08-04,255.28559507700055,857.1153302608856,668.7644089279611,876.7603495682202,490.2820112939496,1467.7717664063866,653.4920062652335,4041.26147254312,5395.501699705943
2020-08-05,256.9270158585288,859.8507485517695,671.1883913315697,875.3216954858696,492.20882622454127,1498.7280210069678,651.6347647169084,4062.4978998956544,5388.317582435122
2020-08-06,258.5784644975205,884.3337982931278,694.6056403108303,889.3389824173245,500.8144072951669,1508.0663855427167,693.9052321687473,4080.044644370671,5404.8633507013
2020-08-07,258.74215230619046,875.8777689908679,678.8133503452087,873.4307693215657,498.6248448740401,1481.1596857945294,702.1708746960327,4031.0934049996745,5271.082472039555
2020-08-10,259.4516797697966,865.1670004879893,688.6797904160293,856.0427209244529,498.1089619825242,1472.1347026047952,687.9412728230889,4018.675984439047,5147.207212561409
2020-08-11,257.38407504607255,844.01721142868,668.1984868815766,836.0237303495747,492.69137357143194,1440.5750890192642,669.9712048647223,3905.297020138938,4986.902278943825
2020-08-12,260.98656399045393,873.4204397833764,690.405567274319,859.9069356910674,501.57652328931334,1478.7187076872526,679.8064689007821,4117.748429832299,5641.365354961951
2020-08-13,260.45227899082806,880.7618672168328,702.6241882991816,857.8925314449428,504.7079682305101,1478.1481709744262,683.4946075760491,4118.737580324619,5881.713754129234
2020-08-14,260.40751177000925,881.606898490154,701.9978801305496,858.7146475956528,500.70806077243617,1472.069200766079,683.3376655047612,4162.289476983879,5989.514961266273
2020-08-17,261.1131751156078,897.1874319766929,700.1649526788517,864.3874260885646,504.57150723571766,1488.1505443457881,683.1284361824966,4440.5200832400105,6660.523805550578
2020-08-18,261.7146203711401,911.5626512439823,705.999479955099,869.3612386366393,517.7295886575298,1548.978206100501,686.2149903572791,4413.073567960238,6847.207459111875
2020-08-19,260.5619256954611,907.0958525581589,706.8850311664216,864.0868294199154,514.0123686630031,1524.6574732790582,686.8688621087405,4369.072213991619,6816.14812129193
2020-08-20,261.3849451323517,931.1120437058592,722.5706981377969,884.1957235795923,524.5415947197929,1541.9078605684908,703.6619850099842,4369.97216184553,7263.535795818841
2020-08-21,262.2843987083667,936.3778247376155,759.8066325090176,877.7674533284982,524.3153015901745,1535.9924308986372,698.4304487697888,4565.236737323093,7438.245090109654
2020-08-24,264.9187093242675,941.8163692499522,768.8940004720814,880.5279065055178,527.5032431215722,1546.6261335390195,709.8875412472416,4578.464903099221,7308.419399992188
2020-08-25,265.87145003007413,955.7846775322067,762.5863126748085,891.9833019337467,534.3917880033198,1564.8771720116279,734.5539514975508,4589.17300823736,7341.583188787715
2020-08-26,268.5821759357433,998.1416422583345,772.9566579087204,911.2678503862707,547.1305675823843,1609.4692255076502,794.95158961576,4597.4509441993805,7812.664622720041
2020-08-27,269.0315257366281,994.1430749427692,763.7164300794115,933.6423673430311,541.9358978439393,1589.8994452233292,766.9893155500457,4545.350403957291,8123.1874096279
2020-08-28,270.8427980662822,995.9868166478777,762.4793539356409,943.2436242882633,545.5664556480676,1590.7411224450025,768.1400366633225,4732.336699061101,8031.206126182194
2020-08-31,270.2483082231636,1016.152729444795,788.3367490382857,929.3158474904702,542.2720142095316,1613.729271018228,766.9369479807111,4813.952291441207,9040.640833973823
2020-09-01,272.2819275577775,1021.1658795806668,819.73839595106,936.4857731347629,550.77446982999,1636.2496308609273,772.7962525060582,4976.151963066147,8618.470860265186
2020-09-02,276.4657871934082,1025.4772699549817,802.754403369584,954.5339013893415,571.5097921245032,1651.3677121065755,791.263370622135,5165.354892072664,8116.293547138437
2020-09-03,266.7546931598137,965.7897134035001,738.4853431453987,895.4035726674741,542.2653164237249,1574.935628656662,761.4961020998933,4686.137309423266,7383.891456546194
2020-09-04,264.5851699674717,952.5664400741592,738.9740438599179,882.8353662734997,526.1921132038284,1540.6219410289016,739.5500746308142,4544.6398825556,7589.261455480836
2020-09-08,257.2412534746432,885.1698983364349,689.2446572640902,835.0780705418543,507.02080058736004,1472.9202965527963,709.2857961100414,4289.189701443462,5990.748647897774
2020-09-09,262.4233750111447,918.6557479360699,716.7364106793505,870.6386433280196,514.8843590212592,1528.4591486241536,715.9821785611629,4577.944152561481,6645.139056409839
2020-09-10,257.8087133410653,900.127941273408,693.3380113792348,846.2448039859223,507.83603871473576,1484.736885339406,701.2555666896878,4432.757042816298,6736.938878711834
2020-09-11,257.94614399664033,893.1250914604952,684.2351511862378,840.7231107296092,504.4117829390779,1457.1989990277293,697.3842218401077,4379.741745015851,6761.975118386397
2020-09-14,261.2328496777043,911.6793536192283,704.762307884208,846.4095944371255,502.1056483680346,1451.0030102839848,696.1809725207806,4634.560619424498,7612.846421248602
2020-09-15,262.59631785367657,934.3353849836644,705.8618725009861,860.2959932903467,510.8543882192595,1475.8616002516612,712.5816599254465,4677.315547337509,8159.653209898923
2020-09-16,261.3833994851487,911.5304228132013,685.0293318154465,844.9262180755387,503.19053628429594,1439.3733657429486,689.3014642137039,4505.755453679044,8014.515022903889
2020-09-17,259.1845466946617,889.3081543077503,674.0939278792331,836.108387919214,494.8542982337402,1406.9346860866299,666.5445426035175,4487.393831047749,7681.967753015604
2020-09-18,256.28619429803206,883.0135426709994,652.7115329399642,825.7242943617797,482.8910302204351,1381.7675667609922,660.5544396323708,4388.652365328287,8021.590761779955
2020-09-21,253.320681645496,885.7159779585342,672.5055186572553,834.5834368874866,475.9193509896681,1384.3675188297718,649.0975077916337,4506.745637406558,8152.940393310281
2020-09-22,255.98509468314327,899.5892428256251,683.0743850666894,854.6920687464058,485.7961309038777,1463.1703692657238,666.3614167475623,4550.131527611326,7696.482153055156
2020-09-23,249.9127557551325,860.6020128194281,654.4221053496816,826.5483777681746,469.01418946374383,1402.7869498289272,651.373288302846,4365.068083203417,6900.581949936501
2020-09-24,250.65935990225478,868.6424371878928,661.1422797643718,837.262117803205,473.49674652498044,1412.106619940119,652.7072557496148,4445.808180962534,7035.37892795445
2020-09-25,254.66407525718532,892.7172704427605,685.9457715595154,856.3403667095747,478.88774830538983,1447.336905193313,666.5445426035175,4635.101345842654,7390.05947446081
2020-09-28,258.7668638120825,907.8224686674159,702.3185644938116,863.0155931243103,485.4101646057554,1484.24126903034,671.7760386845339,4693.158486977739,7641.510638068717
2020-09-29,257.52150570164747,908.1952575172604,697.0035785012694,854.0327102160244,487.85950908553366,1470.6009035579075,684.7763279310202,4761.835908259478,7602.86813455894
2020-09-30,259.64701564741597,916.3106982176257,707.5113872986137,866.6829511720582,487.7196736337699,1472.40113383112,685.0640282889289,4871.559975266932,7783.201478576128
2020-10-01,261.0213033538094,934.3245545944998,713.4983907326248,875.459796834948,495.14061579493836,1506.3175292606543,697.4365090910843,4901.802769393205,8130.626070791386
2020-10-02,258.5213320990775,901.6122636999856,690.4665769228486,849.6236311998883,484.3918455224727,1461.3046371537953,679.9371468690448,4702.968710732354,7530.661548105953
2020-10-05,263.1676606874624,921.8707034580073,711.7269046014981,866.8890539926438,493.45348956557825,1496.0019172488087,692.2574207385816,4911.884389592093,7722.787790249916
2020-10-06,259.49028325115955,899.1511452654281,691.3219590548276,848.4698357407078,482.8678180467237,1449.5955056320076,676.5891564393787,4945.727663957474,7510.523928825812
2020-10-07,264.0045720998239,912.761716147768,703.0517354744906,864.6227098684758,485.5698377742593,1494.360518231568,675.1765171610713,5027.637728367849,7715.893927760453
2020-10-08,266.11928136452747,919.6717271701898,702.3796700694614,867.7131373990388,493.65304268010624,1491.9569289734059,689.9293128172136,4982.542867152323,7727.142027213202
2020-10-09,268.4594100792408,935.3135074029423,714.5980512765232,889.2635709494041,502.64474343326197,1536.8950433820353,691.734307273741,4955.178666276333,7873.731903357927
2020-10-12,272.8663895434328,971.1016106377893,759.9898533088472,912.2978398876828,520.6613782279269,1609.9742603817606,721.2921055186442,5121.968657456164,8024.312263692731
2020-10-13,271.1454433283741,971.3027296827155,739.8293300647766,918.313838922416,521.4866374699446,1610.3016268698102,722.312309300374,5129.980707561614,8103.230836248576
2020-10-14,269.34960862139394,965.9936934603211,740.3790883913855,910.0726769825183,520.27873525864,1572.9296170077878,711.0122392125669,5074.893428785609,8369.014523509431
2020-10-15,268.93810832762665,953.9828418783492,737.44669225003,905.1280453937691,517.6264120792266,1561.211066920956,697.6719221980162,5029.798223158353,8143.687951195464
2020-10-16,268.9743933381851,946.0275323864712,727.1220083253949,905.1280453937691,521.6963650835223,1530.3763974327633,695.6054914866055,4972.731265750783,7976.598363968959
2020-10-19,264.58207867306567,925.9308793509696,708.5500861575426,882.7119537668684,509.1339264452742,1499.747509320232,683.7562044676484,4859.768350822094,7816.220762845312
2020-10-20,265.83284654871113,932.3603221962024,717.8971767988987,884.4836642366687,516.165527851349,1504.3300693308065,699.8691111960477,4912.963775958016,7654.936271246
2020-10-21,265.24915738665743,942.7192344195817,713.9872353378245,885.102038273615,527.7828117688277,1489.3335731975465,729.0870824687815,4869.488683114838,7667.636059848439
2020-10-22,266.6334729505142,942.6026947774554,707.1448977353946,885.4727348198354,534.6613355359334,1485.3402443243558,727.4913976528767,4810.531938537573,7724.783447587848
2020-10-23,267.55222826721075,950.6480684146696,702.8073131718908,890.994493651338,543.4200453736643,1498.4334767910414,744.9385529422974,4893.072620827977,7631.170259577415
2020-10-26,262.5785617601981,935.0426140326564,702.868466711101,865.6526993698881,527.2170789447817,1499.6680223394806,724.8495662256486,4731.411609150805,7624.820365276196
2020-10-27,261.78409909785097,951.3421315360293,712.3377685037569,878.7150148167141,532.0722578606633,1536.7453452800457,741.0149208417404,4823.402949348336,7704.6458283077045
2020-10-28,252.54629354743184,905.1598811753554,679.3478082961251,835.1604985550507,502.7612644550424,1478.9712964770733,700.1569721906721,4546.261028574872,7366.111586405623
2020-10-29,255.5635476825565,929.6954191663926,704.5179335451684,843.5664509461516,518.0957172389119,1501.524478591896,734.5800549638602,4689.198096479412,7453.37571060062
2020-10-30,252.46367681949536,891.6274921932088,665.0523171525665,834.2952995048418,537.8060737924717,1419.7567780444685,688.2289731809975,4512.776975645247,7039.914210818557
2020-11-02,255.5735755400199,892.6441105412026,664.5022710445966,833.7182378372779,540.538207992069,1404.9473688623132,683.6514693289793,4529.609065777798,7266.147673608187
2020-11-03,260.12260375203977,912.6251330581546,674.7048397450521,850.6126362078655,547.6395993036859,1425.4898300457398,693.957439101366,4687.577983695333,7690.4951810413595
2020-11-04,265.85753920524706,960.5649629369907,702.2575068817216,891.6536554561509,580.9807168957144,1515.6230715242798,751.7131654739893,4966.520489000081,7637.519323392851
2020-11-05,271.03117853148814,987.9935976119905,727.1832098281651,920.0854838170269,586.5214729862577,1553.425338562183,770.8081321935757,5098.206314466208,7947.933316663061
2020-11-06,270.9531987451607,984.2158582313626,726.3571334314469,921.8575877379642,585.5997349517434,1548.4544768018334,767.4861649118611,5242.94327807857,7800.255504141853
2020-11-09,274.12332115853417,951.7177413963308,711.8531446918519,899.8946206704801,586.162093318818,1470.067755694196,729.1916569707349,4907.652947061227,7642.599404930984
2020-11-10,273.7396048157089,928.0550465870618,709.7111880220122,869.4849790192181,578.2752204549356,1419.2284821688102,712.6078437101138,4597.746793876575,7444.849113060647
2020-11-11,275.8342206667733,948.3191492758402,731.2529179081484,892.3130795617217,581.4400009407577,1467.0984817112605,723.2016744771249,4831.054055959373,7567.672147051003
2020-11-12,273.08179998533524,942.5478037141639,729.5393717577008,887.7392100943824,579.9723677989376,1454.4213785728894,719.5396392681673,4845.005486371251,7470.247859779743
2020-11-13,276.7985348772464,946.4330287752211,729.8452353808717,892.1480923849499,589.769387821099,1463.0863157079814,724.4311075811192,4787.489416066054,7411.104814702401
2020-11-16,280.0226983946569,950.2287142552458,736.2098079605001,895.1150418336921,590.3584350751283,1464.1383408823071,729.6885866509082,4866.067641387743,7403.666153538914
2020-11-17,278.6808504301706,953.2972663346984,730.6408069533253,883.7011555004141,586.2420065952739,1466.2894840561798,719.3303296275448,4832.5846216933105,8011.794351476895
2020-11-18,275.4582325599631,958.460550956212,722.3179301757283,872.0505427330557,579.2468595501159,1452.167344711186,711.4045943907868,4834.924210584095,8828.739064351359
2020-11-19,276.54531262693865,966.5976569805249,726.051029990475,877.5864002303001,585.2136663973492,1457.5730302244071,713.9418513160615,4839.065072829628,9057.875905440369
2020-11-20,274.666861192022,955.1664434992252,718.0953142659396,869.19985809529,577.8292808533695,1449.3336409826738,705.4669794665114,4712.149694253867,8882.621812475532
2020-11-23,276.21486456454875,960.2965178364958,696.7372368516743,868.0429150270138,574.8942190822729,1448.8612856751563,702.144931866439,4730.962496253177,9467.527136447387
2020-11-24,280.6789575778276,986.1410037706194,704.8153076181902,883.5357748725054,586.9874036889718,1458.0593706739598,724.3524759087595,4665.345517615853,10075.836380286188
2020-11-25,280.2342447185518,995.0729610833343,710.078445002194,883.5769560915089,587.0638913803203,1489.3943657537409,720.8735665557571,4765.076133827636,10413.644777613425
2020-11-27,280.9059603737526,1004.2774136420766,713.5054893395293,889.1955694778969,594.6812167115892,1494.196834987543,726.6805035117696,4774.617027608368,10626.997405899798
2020-11-30,279.61504336954107,996.218717707975,728.5601477133763,884.4033346295362,583.8259465319849,1481.4308263033763,724.4833145137382,4825.113642417748,10297.534560211712
2020-12-01,282.76663686583464,1020.5233246737711,751.019660323266,893.2444439781319,597.4566053141817,1505.7656869723853,749.5421602606251,4820.973468995679,10608.855443957586
2020-12-02,283.2731190651624,1016.7011646060804,753.2229144229963,889.7740737996297,607.310070798408,1498.02662332224,752.0794171858997,4876.599752131183,10319.66866731557
2020-12-03,283.09631210462294,1016.8816647282954,752.3661413477724,885.1058416346058,606.2685395414139,1490.1706838422288,737.2481504941135,4824.557417471684,10765.241730405369
2020-12-04,285.59782900655784,1015.2068609117583,748.1434774744235,885.6013933416264,606.9074878561091,1478.8776816487555,731.6243393940562,4882.99375592294,10867.926314629798
2020-12-07,285.0450150898521,1035.1896371280889,757.3231273272444,885.3122067559494,604.6678709899085,1476.735957039927,747.0049033353504,4900.459563641099,11642.963053893465
2020-12-08,285.83947775219923,1038.2708314799938,761.1784862568512,892.4181965904836,602.7710171469707,1485.7563736526702,741.3025408812912,4807.991902019167,11790.277944127252
2020-12-09,283.5672821169938,1006.9148402300389,745.2671507349007,875.0252300541586,591.6329061194116,1451.5782562793331,726.9682038696782,4656.999388131034,10966.620414664148
2020-12-10,283.20286751485,1012.9439177799865,754.2020425402005,869.7370500476404,588.2352881025722,1450.3108884587705,724.875669691958,4671.945135211203,11376.453522057767
2020-12-11,282.8446166521621,1006.964001087429,749.122653555188,881.0568359839917,590.6146381642646,1457.2924711505161,715.5374558136084,4686.710754955897,11066.584327461582
2020-12-14,281.6116237193512,1018.4759256507114,745.2671507349007,884.9403954315077,583.1138849829124,1476.2543258728963,717.2115313467992,4793.13604640087,11607.948942772133
2020-12-15,285.25039767429104,1024.1252631919501,782.5977172103266,884.6512744210204,586.0488956258729,1480.0654197830358,720.7689920538036,4811.772854005481,11488.572424783617
2020-12-16,285.7560882006612,1028.8820477522859,782.1694985451753,905.9278004048613,584.7544334804418,1515.529599401493,721.0829565147375,4769.276234890954,11298.441839977588
2020-12-17,287.40137310019696,1038.3078737201113,787.6160485832494,906.5061080010256,579.2036051471206,1513.247595255719,717.9702185552876,4804.840190265955,11899.494299039505
2020-12-18,286.3922728195489,1047.5143936258662,775.1317094350738,903.0772469174742,574.4482283525709,1497.1475572514523,722.9923648365025,4779.899270331459,12608.856222538008
2020-12-21,285.2735446836239,1035.540961570296,784.7396259166061,919.6026536967685,577.2236680832995,1499.2658781532014,713.5495764561995,4801.59789822741,11789.915021839828
2020-12-22,284.68214613491125,1031.0257365989326,807.076975338756,925.1798235633951,572.4515723883013,1499.4248521147042,698.6397584104113,4782.150689819028,11617.20138488695
2020-12-23,284.8944652824076,1029.365194203937,801.4469167194916,913.1162838277811,575.1171377549201,1489.4879805820583,701.3077736223067,4685.270769507292,11719.523046823955
2020-12-24,285.9020199158527,1035.8990226182038,807.6277888636888,920.2635204565082,577.0906326736142,1483.6053731843285,699.4506525515185,4679.688888577962,12005.98915203898
2020-12-28,288.39580858177254,1059.1084411400454,836.5131714830975,929.3938819659704,590.335120645145,1535.6370941265168,724.5617855493821,4645.923795675588,12040.822217259492
2020-12-29,287.7534413740728,1058.2870252607431,825.3750735416276,926.0475144708049,584.9440677365995,1553.425338562183,723.9863045152069,4661.500505047516,12082.549975455253
2020-12-30,288.13947618770266,1056.9038582871328,818.3373803586462,915.8429657822104,577.7860264503742,1536.5208694798268,711.1429171808297,4734.431411210924,12604.864907862144
2020-12-31,289.9947617639303,1060.6200409104074,812.0341052089086,918.9002778420779,583.2403248630628,1522.9973798372605,714.5173323502366,4701.747426733131,12802.433323345878
2021-01-04,285.71593907209524,1052.3512847010065,791.9611154621389,899.358805797109,574.4184206493248,1490.12387642807,703.4788591540289,4722.81681439598,13239.661665282307
2021-01-05,287.73954939860187,1060.1040560060558,801.7526844155421,900.2265622797083,579.0506297644232,1505.031609721065,708.788866429868,4827.71016246009,13336.541153879543
2021-01-06,289.382496977977,1044.8246706132993,774.7645963455725,876.8840899507989,573.3367538056269,1467.5614184537337,688.752166964196,4543.102084175303,13715.169588441091
2021-01-07,293.67907576329054,1082.8611946399094,801.2019188541697,901.8377446856227,590.4616116534315,1478.681318838138,702.9558260075462,4805.830718405201,14804.792681551655
2021-01-08,295.2919209209192,1106.377569646063,808.1174008858509,907.3324209638635,598.2784900992282,1488.2861146002117,699.895375299073,4781.609963400872,15965.532763767153
2021-01-11,293.3563559369157,1064.6358743009343,789.3296426972572,898.5325584094606,584.4549248601742,1456.2589976952165,671.8284062538684,4905.772114596546,14716.802712781811
2021-01-12,293.47833012046056,1068.122146844744,788.2281595380725,887.9563951219928,578.1786905343031,1459.3547087785932,656.7878299214597,4856.521925842773,15410.7433457651
2021-01-13,294.1461816576538,1076.111454831006,801.0185062000996,893.7816359304824,581.4466475984284,1480.4254658376783,658.2264923477187,4873.448729201433,15500.910848259477
2021-01-14,293.04211832080136,1059.637235595588,788.9011362507449,880.0655358443821,576.0123402868876,1462.459695721483,642.5319639454908,4754.059780189975,15330.191207672962
2021-01-15,290.9351372921128,1055.501412438963,778.069237677367,878.5366503012852,574.914159055285,1451.6015172808818,657.4940290830765,4631.338303266369,14988.391495669859
2021-01-19,293.30229598352264,1078.3224379138962,782.2918535871556,894.1946284739275,593.8326430395881,1459.3218865064696,682.9714941112086,4691.032433360366,15322.027532420412
2021-01-20,297.3896469157458,1109.0263239137862,807.9950938074309,926.8325150642603,625.6462053144885,1526.0136039398856,699.659962192141,4813.664018822101,15429.067184093912
2021-01-21,297.48383714834875,1120.2155823373582,837.6149903872033,929.4353254857318,627.0039129640629,1546.4063670213227,713.7587254601062,4994.369277182023,15330.010161772143
2021-01-22,296.58822884098515,1124.7709687518297,851.077882089861,933.4840688355879,629.8025648685029,1539.5042713103285,718.0223451695485,4938.544612889286,15359.944191355346
2021-01-25,297.6606441088882,1145.914365763274,874.6394054580973,948.2743561008206,630.3750466064914,1540.3319633899664,727.2037776133259,4917.206584076016,15979.68424151928
2021-01-26,297.2174768968154,1155.2297404895644,876.1083374517044,959.8422785542244,634.9240702444347,1555.3565725128276,737.7712639589541,4838.694485806739,16021.230123328436
2021-01-27,289.58556109161145,1130.1623924800817,869.3761721469731,962.197149184212,605.3034448476324,1511.6109055210006,711.8493171383412,4652.316766232152,15677.797676274824
2021-01-28,292.41209744136955,1117.171011119602,838.9610397396682,987.1092292488953,616.7045078782705,1513.967687365004,693.1728090632841,4700.306408049332,15156.569849758635
2021-01-29,286.7651884813092,1083.6102788292321,807.5666832880387,958.3136553118856,608.1054200809077,1499.2751540127144,675.7256537738635,4678.247869894163,14396.411263307724
2021-02-01,291.36827664672217,1120.7335873142965,820.9075556936373,990.0837854196188,629.9723614079206,1563.1891082857596,685.3518089651953,4767.294834200731,15236.03405147429
2021-02-02,295.41777807182774,1139.9838299360117,826.1093956477506,989.5054778234545,638.6412391108255,1580.547095545545,698.6136549441019,4882.453029504784,15834.364178137645
2021-02-03,295.7157863923105,1139.4239616366306,819.6836215653519,1003.9239537642453,685.1503569830361,1548.9969005250582,697.4888766604189,4872.999271892074,15505.990099311824
2021-02-04,298.92528511064853,1140.832101325759,840.796892968536,999.8339636201964,683.4032063220963,1557.6338673760797,697.0702573791739,4921.168007809536,15420.720801968977
2021-02-05,300.09034496395157,1145.4531082799701,838.192087943106,1000.6188330632729,695.1169690320716,1567.5239314945666,701.2815095192816,4894.787791249897,15461.359793302468
2021-02-08,302.3108179659245,1147.1653134404376,839.111453464345,1001.7342670365982,693.6826714348766,1553.864871597577,697.3058311228216,5200.103969291389,15664.37204309754
2021-02-09,301.97418731472266,1144.3493086175006,833.5954521911523,1007.1050717818812,690.6443819573409,1545.4757842538538,704.8130273966923,5136.898217184962,15411.105437566737
2021-02-10,301.8699503753001,1131.1336210152804,829.7953952464155,1003.1801999649829,694.3349130649132,1536.8622211099118,711.1429171808297,5317.332079100612,14601.237294054125
2021-02-11,302.3717956330189,1132.5983536470353,828.2019498506205,1010.0796935277943,695.0903824013889,1525.4290820850242,707.2717329679651,5492.545347993075,14725.330140807566
2021-02-12,303.7962791747978,1135.5657248180603,829.6729922408749,1012.1453119969153,697.1801938293197,1532.7144848522091,707.5595136442316,5388.28192898553,14806.244370701344
2021-02-16,303.62333633226586,1129.9967574374634,816.3119751400071,1006.8159507713938,702.3948546689128,1528.6181225856565,716.636130630982,5521.176639628552,14445.213929893765
2021-02-17,303.52605480525693,1130.8840375016237,801.9089017309989,1011.2051605051125,705.0304589478776,1547.1779758272885,715.589823382943,5368.383541209133,14480.227210529312
2021-02-18,302.18573363861753,1122.3288119077035,794.9832993881229,1009.507484424253,700.7675483585887,1556.3385292714463,704.6560050070465,5340.6508197806415,14284.835498284332
2021-02-19,301.62521033525275,1106.0910929885551,795.9637225214516,997.8301169795806,695.1103223744009,1519.710015225788,684.1746631121778,5375.766695493211,14174.530376509812
2021-02-22,299.2927910071984,1068.6943410415731,772.2448786758748,971.0799643533269,683.6127805512662,1487.3696596803093,680.9573506507744,5170.211786307588,12962.629878568705
2021-02-23,299.66879796336474,1068.4185138576388,771.3869065116469,965.9452302902291,685.5629610399769,1493.804109366308,695.4223656306502,5093.229220537057,12678.522352979036
2021-02-24,303.07052241556005,1081.1666592052716,768.2612172228271,971.245541706804,693.4463571906164,1477.4514825722208,691.3679752434725,5221.802252775609,13461.903813396075
2021-02-25,295.65171743081015,1034.666553786853,741.5388952397306,948.2222894003608,670.8640821138315,1429.5814830297704,666.2045148354533,4792.6852114445865,12376.99787953622
2021-02-26,294.2473084533142,1041.0460030175,743.1937819560967,962.2599702157489,672.8474447627597,1446.3081410205355,673.868613021433,4939.266155466379,12255.082566507313
2021-03-01,301.24767658123955,1076.7692566494002,783.2157276830501,981.1423460310945,688.7376603841691,1471.1901346952911,692.93747627471,4985.094613669594,13033.928744060242
2021-03-02,298.8133387845671,1052.5841357952409,766.8514242989031,968.4298086450395,687.0138241532127,1447.056346119422,677.4783609794141,4828.250544466514,12453.558702952494
2021-03-03,294.90897740169544,1022.6291339774866,748.0968089303833,942.3007842136911,669.3532968252879,1405.1905390870895,668.0878196909089,4611.619009590252,11850.510586552644
2021-03-04,290.9521205619898,1011.4393309888923,736.2681316496605,938.863857381832,676.8475056052415,1392.3637378467288,673.9209002724098,4455.135883881585,11274.31290602158
2021-03-05,296.62451385154355,1020.1049587316747,744.1744449072262,959.0299986819387,697.8590220900389,1403.0675089028182,691.2894238894708,4487.998273636196,10848.151617637079
2021-03-08,295.0348345526039,984.5533621769625,713.1620702487492,941.5967689792632,668.0520857659142,1380.383465816094,667.8262629584885,4175.300318957552,10214.08070479176
2021-03-09,299.21094710286343,1047.5655045533274,742.1518215750766,968.0571448431342,678.9871669657024,1432.2422276547443,695.1084814880743,4510.7139493747045,12220.249501286798
2021-03-10,301.0152828694601,1042.2396231801872,735.3487181648615,962.4255475692261,677.5996516128818,1429.8059588299895,692.911212171685,4491.979673250133,12120.10371210276
2021-03-11,304.14448333066616,1073.1488874689583,747.4840744492778,981.9291827298558,699.0138021681141,1455.9691627618122,716.4007175240502,4681.213599312468,12692.31007795796
2021-03-12,304.45331118157003,1060.287814427168,741.7841329228531,976.2146984164249,682.1952018545198,1444.6995642754184,702.066460830795,4631.676171174783,12585.815224958485
2021-03-15,306.429798117741,1071.9162249942856,759.9258219560271,972.3222863183269,683.672702726574,1441.0474443267817,716.060569278449,4752.457232404193,12843.61628286761
2021-03-16,305.9488002479067,1073.3924816764943,769.6094249354995,984.3308084699538,693.4730972057068,1445.8078154289474,730.5256645766826,4788.485454793001,12280.118390938986
2021-03-17,306.8297437561979,1086.487016743562,764.645004604202,981.5564533527612,692.9173343681668,1466.3221636227725,742.8981453788381,4806.499221575673,12732.404270617426
2021-03-18,302.300771259105,1047.5791832266568,738.7196931003639,955.3860509768407,672.6578105066019,1415.941117557338,728.7993821108729,4583.579761720896,11849.784741977799
2021-03-19,302.11857338271113,1060.7889560708893,735.410015594752,953.8539522494584,674.528026590721,1437.9050685347772,758.8541903543073,4627.982699768221,11880.807538423269
2021-03-22,304.2409920340736,1079.3988384100223,756.2483598710716,977.2085559884247,675.7693154747867,1454.6972283642583,767.8262328391044,4750.656303461176,12155.299699610698
2021-03-23,301.91937338708414,1076.4841773148294,751.038845747332,983.7926328897609,679.3099900159532,1467.1498557024104,760.2143817449223,4709.044478084382,12013.064890915044
2021-03-24,300.2686787223379,1050.8556400494092,736.0228939665378,975.0137543959968,676.3815749025274,1443.5679094148102,738.0068377026018,4554.937448910017,11434.508630758624
2021-03-25,301.8421664243582,1046.397918053372,739.0874297161474,962.0941961367032,676.35831160068,1424.4844695800416,729.113105616733,4516.118802674142,11618.108275362614
2021-03-26,306.86216464874883,1048.141056143524,742.8873427702038,979.2375179266176,673.7858505695866,1427.1826030541301,740.3085208842289,4625.641388818781,11224.784394860693
2021-03-29,306.5958043972155,1054.4319194637699,743.9905526175544,974.1029150138987,680.7942398019501,1438.2651145894197,760.7113917434535,4664.911558834403,11090.169293229348
2021-03-30,305.62762606873497,1053.9777867819334,734.8583866892967,960.0651030481316,681.0205329315685,1428.7069835359737,753.3349537562034,4637.350354448105,11531.569995742462
2021-03-31,306.7347618506373,1079.1850898203738,748.6485337629589,976.297519880758,686.361633651312,1446.845855461238,770.4158573337137,4809.020659860589,12117.745132477405
2021-04-01,310.36196230091076,1094.7826320999022,753.8582877044994,1003.5444701426327,708.7442022291611,1478.1388951149133,781.2189174229895,4976.007998962459,12005.626229751557
2021-04-05,314.84303858406656,1130.1938554288113,771.6321921583296,1031.3714329555983,738.4213753443,1508.8753831977974,808.0303900570692,5039.325340469832,12537.194434759049
2021-04-06,314.5365292039672,1126.3231308887966,773.5318848857769,1026.3608327262164,735.1934004824707,1507.5145432544477,801.0986748173738,4993.930496636335,12547.534813250348
2021-04-07,315.0005438039245,1134.002963209317,783.8899514482866,1034.8081630618892,745.1002948687419,1533.5000788002103,818.9641281146079,5095.52920207874,12172.897693364665
2021-04-08,316.33004544014284,1145.0304640023232,798.967056768291,1048.6802009486107,748.8939002983454,1542.810330346358,818.7809219402947,5158.035453958878,12405.662926842118
2021-04-09,318.7720926234741,1151.6989636193225,815.1474198992057,1059.4464011352377,755.629316412988,1576.8996848794304,817.3161560477263,5187.937969294618,12282.658846950942
2021-04-12,318.7095881585329,1157.0570716049965,804.3605111452624,1059.6949966786167,746.960489838219,1580.261827189132,814.909818045788,5479.399496620728,12735.488694817626
2021-04-13,319.7595726926362,1181.7729569854882,823.911609393879,1070.3783754009103,750.2249701891013,1589.8994452233292,810.25368252141,5648.9082740075155,13830.191869466322
2021-04-14,318.4524829408615,1156.5730723954307,809.2024325438991,1058.369918824473,746.0586406485809,1558.5690167205396,792.1002879111936,5503.8981918922245,13284.291140805879
2021-04-15,321.9854554598197,1174.3674599771139,824.3406914031134,1074.5608265621486,760.4812231281702,1580.1215476521863,805.1790883525027,5813.822943310368,13404.393503369241
2021-04-16,323.1474428680728,1174.570031801515,822.257058422434,1079.6953638996777,759.6492661003458,1589.6375805739956,800.8892045400353,5732.852089691273,13421.265652548365
2021-04-19,321.43264154311385,1160.140976963406,826.4246121651537,1071.4136109174822,761.9820895583437,1576.8107793336349,790.5833150860065,5534.430291872798,12964.98845819406
2021-04-20,319.24615393025095,1157.3972720111237,815.8215957008823,1069.4259613486718,758.4047050155807,1559.3593199510626,791.6557258003548,5465.799021763054,13044.088076650723
2021-04-21,322.2170763479976,1168.2094923412556,818.2118117581348,1079.03292333539,758.1851096717688,1572.1393137772648,788.5690913072144,5533.981178975171,13500.002348717606
2021-04-22,319.249245224657,1146.9414999436754,808.6507556748836,1064.9126177812373,749.5893963313773,1547.3649200728619,775.6211294708837,5350.151072977079,13056.787865253162
2021-04-23,322.73822334639783,1164.4189079536177,823.237529519323,1081.3931055557268,765.3664653879775,1562.2539589412997,787.6798064488212,5499.665027302702,13232.948848693664
2021-04-26,323.3134302981912,1173.6866264220366,825.6891389335866,1083.049469267204,768.6942423711389,1594.107974037226,792.6760099004424,5576.3131692821335,13392.600605242467
2021-04-27,323.24395157148024,1163.0487023548353,823.6664196743167,1084.7885888678247,762.3880469576138,1598.050071624798,794.0622244390089,5541.637796173909,12785.561174166753
2021-04-28,322.9706359075334,1160.6279399158307,818.7020952701396,1054.1047773492803,785.0369419955133,1617.2550965719545,803.2957834970473,5503.807956018622,12597.9702148869
2021-04-29,325.1548238989478,1176.6077222939032,818.0893128254739,1045.6160690690356,796.2581873720918,1623.2453039400373,861.9147715801122,5521.100524635933,12282.29592466352
2021-04-30,322.81543030912377,1178.194573859172,805.709054602856,1044.249482119941,783.1933636702128,1621.4262365367365,850.3269208160384,5407.525245648976,12870.829641023818
2021-05-03,323.70255640622696,1164.222839090158,812.3280259055985,1042.9244042657972,779.7257512352877,1583.5818713671965,843.7876410729208,5345.287290507528,12425.61950022144
2021-05-04,321.5407614499,1142.8023366670309,783.5834642988335,1026.0710559638342,767.6626299725148,1548.6883711670966,832.7490072399971,5170.3750374682295,12220.61242357422
2021-05-05,321.7669537235112,1136.3204055721187,785.1156602282981,1020.605167193782,770.3049320372862,1529.361618402021,824.0124581804901,5209.013900780362,12172.353725176423
2021-05-06,324.39432777635466,1146.0627974604577,795.167287604915,1034.1043445530297,777.8189785339799,1546.1163893823875,837.0911783034413,5232.2513602918025,12038.100715346714
2021-05-07,326.7861979736565,1151.3897943282261,799.4035251657906,1045.408917045418,782.6709363772981,1539.2144363769241,834.6324727321685,5336.461395480996,12198.297270569543
2021-05-10,323.37597246184464,1109.033926914255,778.7750694287522,1023.5450340892622,762.6443523030222,1491.9289586893353,800.3399072905274,5139.572229866847,11412.193477753946
2021-05-11,320.57103747421644,1104.659241538309,773.0040938697234,1019.6112440465924,755.426337713353,1507.5566413860847,801.8048338198115,5154.162544040305,11197.389990803667
2021-05-12,313.6949808499966,1075.3901816410068,753.7265318047266,989.6725634062901,732.1951443353668,1473.9022533114148,791.3941289087556,4956.8225434698725,10701.92549426556
2021-05-13,317.5136342105258,1079.6527293511838,767.2330703471345,1006.3603999299656,741.775841214416,1478.3586616326102,798.482866538097,4923.227934374497,10371.73680400263
2021-05-14,322.25028891350615,1108.3317062270448,782.4585749222886,1027.5615800210758,758.1951307864108,1507.084428784098,826.4189568191441,5131.375575073416,10699.203992352783
2021-05-17,321.43497886327447,1102.6369225073493,775.2143026856776,1015.2632811070665,761.7025209110881,1529.2915499863136,825.1634202488403,5103.454460427899,10464.987900211423
2021-05-18,318.6972229809088,1091.294601311096,766.4963020994429,1006.5675519535832,752.900556670362,1511.470625984055,810.7767959862507,5049.502707130022,10483.85570672848
2021-05-19,317.7591659235308,1091.0104238271126,765.514056350828,1009.0576386243113,755.9055617314083,1511.2461501838359,820.2719519358883,5067.516818324426,10222.426256430912
2021-05-20,321.1130318605012,1111.6642296098732,781.5990679241353,1023.0031862984576,767.7025610466748,1518.6719751934975,833.4028789914586,5264.4962198121775,10645.503120615213
2021-05-21,320.86131755868416,1102.2062561232651,770.0570688425175,1017.5660850365941,763.4362760004146,1497.8162753695874,827.1774833909167,5401.129519798563,10538.463468941713
2021-05-24,324.04146782952114,1130.7613049096958,780.309951317586,1040.8501954468522,785.702579197163,1517.414025937979,849.1499355997366,5624.589706071494,11002.179324459506
2021-05-25,323.35278775379953,1134.6691662386797,779.0819402866866,1044.7517880714797,786.3115152960684,1523.9887551609233,857.4156584453799,5637.469671587271,10970.430683439192
2021-05-26,323.9596616238984,1140.0425947748622,778.7750694287522,1043.7970133124193,792.1151722615547,1526.8458625965147,857.0755101997788,5656.2934947619815,11232.404101925002
2021-05-27,324.3371765285556,1142.413826343181,769.1361684873534,1034.7489486657744,786.248320920061,1510.4558469533129,870.3897237480201,5579.9157159916285,11445.031716122312
2021-05-28,324.58655351021196,1136.6408679962803,765.0229574583007,1036.2844573030104,784.3082126741281,1507.1639157648494,859.8743640166529,5852.463184269425,11342.89026960034
2021-06-01,324.4267486689056,1135.1541909396399,762.9968807498192,1026.8215640076146,792.4046597671803,1505.0969688542502,860.9207515830498,5859.668966511879,11318.942381545152
2021-06-02,324.8961730340734,1130.5580639703423,767.7854666695524,1026.406538633295,788.8805507420547,1512.2702050740913,860.9730388340264,6044.759275034831,10978.23143640432
2021-06-03,323.71722120529944,1111.3289166520924,758.4537723310093,1019.8073794383747,781.2232943366258,1490.30154481413,852.8380742750038,6113.74976658033,10392.600267857619
2021-06-04,326.5769701205661,1134.276950327133,772.8813071557015,1040.8915733914241,796.5277349047054,1499.2845725777586,864.1118802597857,6332.978165910665,10868.108191016401
2021-06-07,326.3167736084887,1144.961936085387,772.9427484762726,1053.4260085628082,799.4329378444199,1495.4453656780177,880.4079931624981,6347.657682722532,10978.41331279092
2021-06-08,326.3738871575755,1144.1791406847306,778.0997425016318,1048.279339815222,798.1484456854947,1526.3549555699708,872.8222455346256,6289.293670734851,10950.47411005987
2021-06-09,325.77862449085535,1141.8749469798065,780.4938915708179,1052.5130051994568,801.3098517143457,1534.3230615973262,863.8503636865444,6255.149380516305,10863.209985864873
2021-06-10,327.2942258201873,1154.5986423579777,774.2320089735025,1067.661857600853,810.3579979295662,1566.3548877848436,869.6311971762475,6279.203784654413,11068.942907086937
2021-06-11,327.9319372369219,1155.1544296016248,781.8447852428596,1070.360079923041,808.7175005601725,1565.0362886786618,866.4921951137725,6423.437907139063,11064.76971602447
2021-06-14,328.5271999036421,1170.4437389873406,801.0609059872852,1078.6608497101904,814.9437826972419,1582.3567443838015,880.9049228426716,6493.164750966102,11206.279510631062
2021-06-15,327.86630377886235,1161.1839626224842,795.9037680712456,1072.3106139345966,808.1151088626661,1582.0106834711944,880.8527159100527,6410.193209599831,10873.732240742775
2021-06-16,326.09906354513794,1158.0744527076708,799.0349252059241,1068.2430505053553,803.8090461266538,1597.0305833115337,866.0213688999086,6418.031331780969,10973.696153540212
2021-06-17,325.95697709859775,1176.9655260598388,809.103147974358,1082.8528092739057,810.2714891235756,1631.6296820012383,880.2248673065429,6723.25245218462,11186.504813638341
2021-06-18,321.67896492907647,1168.3415434498409,800.9382152003835,1076.7515624928278,799.4063512137373,1630.5354159897445,862.3070464399742,6716.587396360322,11308.23908076643
2021-06-21,326.1832070709213,1174.543942682245,812.2344010361568,1090.033030222949,810.730773168619,1615.1320663876834,869.1864744286929,6640.371146691952,11263.24585246965
2021-06-22,327.8547302741959,1189.441565266335,822.5483890868752,1101.9862069146416,814.1782922461242,1639.2050624073584,886.8165949373532,6805.954663577006,11315.495865543313
2021-06-23,327.49957070591404,1200.7719433061661,820.829471017689,1100.9902509365777,812.824010181657,1638.4474387434277,890.8970887908403,6867.3949611487415,11911.650119453701
2021-06-24,329.40275249607885,1209.5361800467788,819.0490636643716,1106.8838866677115,815.3064856935167,1612.8500622419092,897.6719422776057,6920.818042439059,12333.457170874915
2021-06-25,330.49986042051785,1201.0505660450979,817.2073588811637,1099.9524579876156,815.3630334118534,1590.5821484834994,892.9374160359417,6857.936726183526,12189.225874355547
2021-06-28,331.26495578600776,1227.8419669134946,827.4600495019914,1115.3093804652822,815.5461232666123,1610.4232119821986,930.2641680830308,7201.715428730719,12494.922708375047
2021-06-29,331.35682754780623,1225.6628540666964,836.9761157658081,1126.4326375587143,813.7923259480019,1612.4105292065153,920.455208309175,7216.761399624698,12350.510365954859
2021-06-30,331.7969223148291,1220.9150907396086,840.8436094761366,1124.357313961548,812.5743514939194,1608.6789222771272,909.5213096149207,7208.021607530994,12331.279637150381
2021-07-01,333.5294420345543,1227.804154645708,842.7468994705962,1127.2625571569745,814.9370849114351,1605.3167799674256,926.9945683706508,7283.517347857463,12298.986197456039
2021-07-02,336.03094008713305,1243.1265652208378,859.2618084336607,1152.3728710195041,833.659185725638,1641.795595911094,927.8053018750421,7382.613557660175,12316.766067596613
2021-07-06,335.3515338946294,1246.0324678194966,871.9089359050354,1152.4141833888864,839.8655278896952,1718.8403142054703,922.7831555938274,7458.828429681618,11966.257881666936
2021-07-07,336.4779714172133,1244.5338376060743,887.5645297241874,1161.835633164521,841.7556328186903,1728.5853895044897,916.7930927818595,7341.083013451968,11695.394112867949
2021-07-08,333.5973751140622,1238.852273452302,879.3989254603707,1151.4182274108225,832.2382325719204,1744.872514459861,904.1327509850795,7172.076043957699,11843.434847676579
2021-07-09,337.3596688997499,1246.9210142927984,890.8794832214173,1153.5765691978906,835.3962641437998,1739.2283680043854,916.6099669259042,7225.228417627207,11918.543981943163
2021-07-12,338.52395592945135,1259.295338935328,887.1343925166293,1151.0028741605556,845.0934309164936,1738.8590460902296,923.7770952725317,7391.803840298432,12440.133069775211
2021-07-13,337.333430596011,1255.3931823567852,894.132947434516,1166.1937602584187,847.5293286965227,1719.59779516387,920.9782414556578,7297.208403000473,12128.812186029334
2021-07-14,337.7264019726982,1251.6917802646146,915.6823994538389,1172.5440616092021,853.4893866298136,1721.6179346603105,909.3119999742981,7150.005451391935,11853.776056653664
2021-07-15,336.62465710665026,1241.413570941106,911.5687567527447,1166.4013713083627,845.2897118303222,1698.0125846656306,901.0200130256297,6834.601453740392,11803.340655017113
2021-07-16,334.0868928928691,1230.5131701696882,898.737736991698,1165.2392478001163,845.0568231711688,1671.0918997754081,892.3881187864337,6544.424237760333,11687.593359902823
2021-07-19,328.78509679427117,1217.2268654845532,874.5488502565062,1149.716551243404,829.1367487183774,1659.8504142786157,881.3758293748933,6767.3957037865375,11723.877283787244
2021-07-20,333.77033680595025,1234.308181080019,897.2643923505556,1159.304168549221,839.9953422268169,1670.8861183997467,893.69610324443,6706.9459343540475,11982.948984945238
2021-07-21,336.5212118401854,1240.7987870320967,892.6596987204941,1167.9368799455988,848.9104530323523,1676.5021518656206,905.6499647653403,6994.511131763857,11888.427245487575
2021-07-22,337.19986405844355,1252.768458952555,901.2548646291467,1187.610223696644,854.7172799422661,1701.2064771543162,918.6240300679805,7060.816589452068,11779.029844674504
2021-07-23,340.6209091006765,1278.6125366901927,912.059807681712,1202.2610325338187,885.2897067175086,1709.908803138523,967.2770359875437,7047.844666004034,11672.35394577421
2021-07-26,341.43233618354446,1288.2694327791664,914.7001057416638,1199.6881243987575,892.0783983497882,1730.10049412682,974.2609581598582,6952.708502287916,11930.698971871578
2021-07-27,339.8233551439233,1269.8030710516578,901.0706845581138,1189.2704563443012,877.8687645563401,1695.7634027919803,962.0977066799674,6921.718334704703,11697.752692493304
2021-07-28,339.76005900602445,1278.1623114214874,890.081369580275,1187.9421653058723,905.7821703663626,1697.6011646198383,976.4059402252709,7028.02377086718,11737.66583925195
2021-07-29,341.18914179070015,1272.9136700965157,894.132947434516,1189.1041576637397,903.6757934223908,1683.3855531520574,937.2742740400124,7085.32217295819,12288.64581896474
2021-07-30,339.3446568955374,1258.7403571751695,895.4836972158771,1182.5053263447667,896.6807486335047,1556.039275772998,931.9905308671982,7026.583441006845,12467.346427931418
2021-08-02,338.71931065642696,1261.9049999801455,893.3965149317456,1182.1315477646401,897.5327478906129,1557.8583431762986,920.6119094253895,7117.030783412916,12875.002832086288
2021-08-03,341.497969641604,1267.5377969270364,904.6926048403985,1191.677459249938,902.6941332125685,1574.112645859546,918.7547883546011,7140.45560290619,12876.272644849374
2021-08-04,339.91601857867937,1273.6557822171314,902.1756690571906,1189.14573233388,899.3363440136175,1568.725654770882,938.8438553896078,7305.857959220574,12897.6800768926
2021-08-05,341.9573661493084,1283.9705383084083,902.850995984311,1201.6384616847447,906.8303994091632,1578.6719448685724,949.4376058382611,7436.668290065712,12964.98845819406
2021-08-06,342.5302357809411,1276.6159940399928,898.5470338764827,1201.3895382654182,903.4161647481473,1564.152370619821,950.8500041614949,7339.011032476412,12683.239512229748
2021-08-09,342.20828877816774,1279.2854099592353,898.2396833829465,1196.6997318630501,911.2330431939439,1562.7168956837731,945.8800648128989,7313.423996133979,12949.20424539142
2021-08-10,342.54799187441955,1273.983895825311,895.2269003147549,1188.8551030940341,910.5276794306781,1552.8079944351978,944.6245282425953,7184.057439266489,12880.80792771348
2021-08-11,342.98499534703643,1270.8106618025388,896.8254298479274,1190.971870210962,907.0135403920583,1539.4481880366563,941.5639972157642,7098.654351077175,12841.439579628857
2021-08-12,344.4071415686547,1285.0078264900335,915.4556277413798,1202.8421598631314,913.103310406199,1544.7743865691261,948.6004475941289,7172.8874779966645,13103.23195221385
2021-08-13,344.96070945960594,1287.2104256353027,916.7469986352568,1215.4596132244174,916.6539549338715,1540.317978247931,949.9868227694112,7274.867791637361,13011.069622867322
2021-08-16,345.86479997722995,1284.6205525742475,929.1669706856914,1222.7229835137416,920.5276270243386,1542.6653415268904,958.8280266492296,7189.104448777096,12448.659667315182
2021-08-17,343.4227527938987,1263.4223545027457,923.4487550428437,1216.4143879834776,909.5592102799253,1515.9972454264882,937.6142616488977,7011.808177733674,12077.46989391712
2021-08-18,339.7314833821249,1259.268252507495,899.8999899816115,1208.9709482237977,901.4893498175556,1496.9464851583125,929.7672384028575,6861.180395868996,12499.820913526577
2021-08-19,340.15842129856605,1260.2098863429133,901.990433787834,1234.0872950037606,903.0267728649178,1490.6476057267373,928.9038963740578,7134.329207029658,12218.253843948867
2021-08-20,342.92784409923735,1277.9906925274893,911.1516656335516,1265.6495517607923,914.6706945412151,1496.352544738407,940.0209209242676,7501.171785575714,12341.43896974086
2021-08-23,345.8508891524029,1298.421948495259,920.4974612587832,1266.855479495622,932.0551810632633,1527.1779383670867,950.4315455169657,7912.699030965306,12813.863299185228
2021-08-24,346.36819088215174,1302.1082318623553,919.9439617744815,1258.4139853518143,940.1748403300269,1545.8405395910183,956.0815404016902,7853.239100848598,12853.59456955727
2021-08-25,347.1371692150054,1304.8195474689835,912.1967916095425,1255.8774058717336,945.6156920429665,1542.754247072686,963.615081096944,8004.5887697021,12902.760158430734
2021-08-26,345.1151233850578,1294.4312341891462,907.1550540192595,1243.7349791831562,941.3661258971549,1550.6196051177415,953.1257445135284,7952.33806594516,12720.612202976434
2021-08-27,348.15477055527,1311.806349432527,913.6727262829337,1246.3544457027594,958.4275848564084,1566.3456119253303,974.7056005890549,8157.019202568451,12915.822869320597
2021-08-30,349.65412373961425,1337.2663260956601,941.4639641678631,1262.4476464080863,962.3311157782578,1599.9860148579648,995.7101362671219,8175.757956045529,13260.344083236476
2021-08-31,349.18239975299804,1336.9649461753656,933.5324220776508,1255.3371974606664,963.0432284554663,1623.0021337152612,992.3619852007402,8067.992214142299,13347.608207431473
2021-09-01,349.2912359353173,1340.4994295424278,937.7132137629758,1255.1287995084485,966.4910031736513,1626.8411979094712,999.3459876914125,8088.177496890878,13318.036269649909
2021-09-02,350.284144619046,1331.3550936892939,944.7225125183394,1252.300935036627,953.655795930226,1619.4155156053405,981.6373961471082,8071.957081993132,13287.194519105262
2021-09-03,350.1667885277541,1334.8208164037842,948.7193159868721,1252.2600161183816,956.6672431363992,1626.396955591555,984.2009171754082,8233.063935194627,13308.601951148488
2021-09-07,348.97777114280444,1349.7500637606008,963.4141996959229,1248.267667431492,960.2679932372814,1641.0052926805708,999.6860556186556,8167.828909167325,13659.654105266409
2021-09-08,348.5176206608547,1344.1459823909918,953.699564293024,1248.392391441913,956.3444200861485,1648.5853823692132,987.6273786407182,8051.413611043992,13676.889176732953
2021-09-09,346.91248488988487,1338.9013775746987,947.3050624518528,1236.083403772016,955.3461943602853,1629.2540630271465,988.7521569244013,7993.025490235121,13694.850092774344
2021-09-10,344.23342590252133,1324.5203771905876,915.9473501601892,1229.679724216983,937.6090259566043,1622.2352341918172,990.5571513809285,8101.511052656787,13357.586494121133
2021-09-13,345.0170690344474,1326.812605011,919.5134408584422,1235.0020688972286,947.3028182723265,1616.6331858679782,984.8547889268694,7984.014301697142,13479.683683536643
2021-09-14,343.0343806601082,1328.4992019785693,910.7211447175123,1246.6458618448792,948.7138525676742,1613.28031941779,984.9070761778462,8016.451687375318,13506.71516530625
2021-09-15,345.9412529657106,1338.2261151288978,916.3163817920972,1267.5625111887666,961.2595723054736,1625.340221134707,978.0800960768197,8052.134120385892,13712.448086528315
2021-09-16,345.40464949528024,1337.6484325530382,914.8406389729466,1269.22589144552,955.8054272771928,1631.1620359762426,975.8303788727378,8016.451687375318,13733.493426769906
2021-09-17,342.2577117899518,1318.849293413403,898.055311457673,1246.9784592060025,937.103368692274,1619.1349565314492,954.0151096902794,7893.188795210093,13778.848746868323
2021-09-20,336.44709617186544,1285.1312763804633,878.8718059341596,1223.8162530730174,923.2564378951007,1569.1980100783996,930.4211101543186,7609.540248008736,13246.918450059193
2021-09-21,336.17378050791854,1290.5089223409161,881.8845890023514,1225.8951177304164,925.3427726097884,1563.5398784808888,935.0772456786966,7657.476161595832,13414.00886777148
2021-09-22,339.37402419239464,1290.3040731619562,896.7640364909164,1241.6140152541007,933.6657173450028,1580.5704992526244,897.7504936316077,7907.966124953653,13641.87506561162
2021-09-23,343.4922315206096,1298.3785014795462,902.7896985544203,1245.689513281271,939.87205950906,1597.381353506663,904.9436451261867,8102.952760164048,13672.71681615627
2021-09-24,343.99407677832835,1312.512327527478,903.342910257361,1244.8159206068067,946.5207623051683,1601.8330525453362,923.2539014893332,7958.424510060859,14049.168547479067
2021-09-27,343.03901760171726,1309.8462899114452,893.8126467797355,1223.275388910055,938.9135092166773,1592.611563839453,924.8756897715475,7806.687722421366,14357.042915223105
2021-09-28,336.0533331222205,1270.0018181931734,872.5387933771196,1178.9887912328595,904.0252031033244,1550.6009106931842,891.0540308621282,7460.325243065889,14106.67968799168
2021-09-29,336.58066270943283,1269.2302286497186,878.1955197358359,1180.9847688507357,894.1981708653732,1543.6614261330753,888.3337283992562,7394.727895897249,14174.713083382201
2021-09-30,332.5720832364948,1262.7921191294329,870.017924581978,1172.3354013562262,889.688976045318,1536.142129000627,887.7584080017969,7466.453016589344,14068.944074957572
2021-10-01,336.39382789142996,1276.4885585518045,877.0885207672324,1202.1925720359852,908.7705076550963,1535.309727638467,897.2272998484092,7475.823082151346,14064.22691570686
2021-10-04,332.025451908601,1245.6511723003482,855.5075087253209,1177.283574005208,889.579152809344,1491.5968829187634,853.3350039551772,7111.798480390864,14178.704398058066
2021-10-05,335.5198586449085,1263.186873314005,867.6198425008585,1200.7786398000742,905.3096441341138,1506.195944148266,870.9388603608122,7370.940066439175,14161.649542006555
2021-10-06,336.8964271233941,1273.0114172451952,873.0920050800604,1218.8678181232774,915.5725948589893,1525.3728561058213,872.7177513510301,7460.6861865603005,14200.836844190357
2021-10-07,339.6920882278043,1278.9373301790718,881.0237390245135,1226.1032533818766,926.6208737517225,1544.2740609775383,861.1561646899818,7595.843682278026,14397.862952457413
2021-10-08,339.0420116334456,1276.4200742727996,878.6259447247548,1226.1032533818766,930.3512848053188,1537.81620758446,863.3270895849881,7507.89952433511,14250.54640125206
2021-10-11,336.7142292470003,1270.4839464264194,878.0723493133327,1223.5249680812765,924.5509000405318,1518.026660782442,851.2947570284335,7458.882157911702,14367.565170101005
2021-10-12,335.90046484397163,1268.5061680868348,870.0794138661093,1217.9112072589112,908.1449037838784,1518.5082919494726,846.9001380772969,7450.2339793385245,14617.564644559221
2021-10-13,336.9157288640756,1276.6323255359177,866.3904405267143,1232.174597876544,915.6857925519344,1535.7867922285066,848.914361856089,7546.824938207692,14714.806224958096
2021-10-14,342.66455629275384,1296.20007047543,883.9137353786833,1258.9544560636393,939.4394132228352,1543.0721949956917,859.3511702334544,7837.685467062668,14846.157517459991
2021-10-15,345.22090597168335,1308.352621694503,890.5540025021389,1265.025800558307,940.8835785502642,1594.1173926022702,849.489923208622,7879.493607126309,15294.452082462567
2021-10-18,346.38594697563025,1334.892251697918,901.0679985987446,1277.8338154202681,950.2679433873489,1611.7559389359465,877.1644165980698,8009.245905132864,15785.744218423988
2021-10-19,348.94689589745644,1340.7455438405175,914.6563629747936,1281.7427524661189,953.3229517653331,1610.5447970945868,889.3277483963185,8033.753555109375,15679.792503126973
2021-10-20,350.22544772404393,1338.7356661657,917.7306353271165,1278.332973762711,943.5524672457184,1596.941820471269,891.3940987893714,7966.352868115599,15707.550659957207
2021-10-21,351.27467828390184,1353.655965928278,919.0830158695233,1292.2635047184626,944.3312510121773,1606.2707664419736,894.2715039602472,8178.641371060051,16219.161461099591
2021-10-22,350.8979173534901,1331.2658323000758,914.2257461316339,1285.6102459922085,915.5825137173593,1559.761464137342,849.0974877120442,8190.8948516365745,16503.631078490896
2021-10-25,352.5640496409103,1370.316419128307,913.9183956380979,1281.326874614336,914.7872666911315,1552.66300561573,859.7697895146995,8349.480610964887,18593.25456089167
2021-10-26,353.20564402500855,1364.4233328285245,918.0993791776636,1289.5604954074417,927.1763298204469,1578.7093337176868,826.0789692102587,8908.490470288838,18476.59954481593
2021-10-27,351.421401672051,1385.8755582097242,915.2095746777343,1343.8693427464332,973.1598504553153,1586.387604811638,816.6884680809324,8812.62002076157,18829.104218569326
2021-10-28,354.8756215810802,1410.0301625127968,938.0822453948836,1348.7760718756538,970.7072337748375,1611.676451955195,828.982477847444,8989.225401871985,19539.917000731737
2021-10-29,355.5673929512079,1431.3403173344766,921.0507688888445,1379.0076768874342,985.3295738814985,1577.0072848497832,846.3771049308143,9214.848149405809,20210.45454433386
2021-11-01,356.2074416881031,1457.9633866997272,915.8861486574191,1369.6512776997797,955.0533323976885,1551.6062711588822,863.1441243657486,9308.55707090738,21926.528843225435
2021-11-02,357.51841440724144,1451.115931561469,922.403724993973,1385.286894732804,967.9350662448084,1549.0997912128892,858.1741046987947,9515.437620846813,21262.70328572617
2021-11-03,359.8284407002084,1474.6313601699796,931.4417864171875,1388.9045467869141,975.6923292841128,1582.4175369399957,867.433927859858,9586.439476903157,22022.137688573803
2021-11-04,361.33322249911924,1494.5563706742703,928.1833339938314,1399.0508647072363,986.8037002965815,1625.9060485650111,878.4985848407333,10740.864893197384,22313.320953039532
2021-11-05,362.682007026663,1499.7358313315779,931.5082639115758,1397.4708960915218,990.6938356468177,1645.5411879825174,892.3096477507897,10723.204148439303,22171.449066631303
2021-11-08,363.00399172814855,1478.3756456212457,926.335969510524,1401.3382584672324,991.8852234702174,1631.5080968888499,885.7441842230047,11102.365645790831,21098.335200412443
2021-11-09,361.7339221118216,1434.2861250033945,928.6141426912318,1397.0131812688405,991.1365030476842,1672.3076081937593,877.2429679520716,11049.38341151659,18568.580828261638
2021-11-10,358.7583627524659,1425.1454183715773,910.8188944531282,1375.5977670336472,971.003367938134,1628.2673969860057,857.02330326716,10617.601312208695,19375.004116743985
2021-11-11,358.9560171008899,1425.5963545749191,910.5108724697498,1382.375749770323,970.1580153386964,1623.8017128052975,857.2848198404014,10953.150640847984,19294.451978651843
2021-11-12,361.54863294102165,1439.6965121403252,923.5650187126832,1400.2154800726835,989.5356811117712,1648.4218418307194,891.6818794656378,10953.150640847984,18748.552080477188
2021-11-15,361.54474997365804,1439.4783115725234,923.6264120696942,1397.5126019120414,988.0314913527624,1658.021928310271,909.1290347550587,10821.597758310143,18385.16306004425
2021-11-16,362.9422035387404,1451.7497506999198,929.7840698507716,1411.8173048990568,984.1981082334065,1655.693259455869,897.0963809250726,10885.75270914806,19135.163144390463
2021-11-17,361.9979638925504,1462.7664320132444,945.1160055659313,1412.775489567971,985.3361182828972,1659.574421781716,891.3679150047042,10546.237823834475,19757.07906730737
2021-11-18,363.22324743870234,1480.2163608539686,972.0859154465986,1421.7325358515955,997.2596086064502,1728.3422192797136,885.9271494422442,11416.290739468132,19890.787278463053
2021-11-19,362.71521959217154,1503.0620599427634,988.5881620297795,1429.3977509021508,991.1896763090497,1719.2284732497142,903.217282342019,11888.439960155869,20628.81341878167
2021-11-22,361.5555695040791,1494.2793079913956,991.4822832501235,1415.7330617646153,973.722157694254,1670.5961407608115,891.9957636082138,11517.569142000419,20988.21112453874
2021-11-23,362.15471513816294,1473.5564960926974,993.8837227804548,1406.7762777817486,970.2612941732715,1674.0892867479452,882.1605397313331,11441.880531104416,20120.287041839485
2021-11-24,362.98544396171246,1481.3090310256168,997.1472593411881,1407.734593601042,972.5108298978421,1674.2622458514834,892.1266022131924,11776.349095730855,20246.738468218282
2021-11-26,354.7366641276584,1442.1049150443093,965.5589382522523,1373.4484746227295,946.3079670034349,1638.793499656035,871.3574796420571,11354.298005479375,19628.451768175604
2021-11-29,359.4192588772457,1481.5498142230545,986.6795960437016,1402.4022814919929,968.5874612592528,1665.4524626024547,884.2009472947924,12029.363597079173,20627.544436504366
2021-11-30,352.60419876947634,1463.60154020273,1017.836436945395,1377.2396386282458,944.4078409597978,1639.9672526482802,848.7049718971086,11777.069605072753,20768.50943243693
2021-12-01,348.4381140766803,1428.6944858990512,1014.5729963117822,1375.1147401878204,938.7770993500208,1610.3437250014472,812.4508715194416,11331.176268309655,19865.75145403138
2021-12-02,353.38399663275106,1425.86953711837,1008.354041100814,1372.656850935135,951.5192533860567,1607.3695990304586,811.9017349066494,11580.258965333343,19677.071727889255
2021-12-03,350.39840941593195,1388.055380172912,996.531695010033,1345.6611192242192,945.0999114077225,1585.1250889791283,802.6157279609187,11063.713694832908,18413.82810735015
2021-12-06,354.5088885081319,1405.0588311523127,1017.959511440778,1358.9090124573188,952.7771077861631,1602.6981334740885,831.4673672033841,10827.250243644394,18305.700519300164
2021-12-07,361.8497325559105,1447.6007907076169,1054.0425936798777,1395.278061754779,980.161541901872,1647.5520516194447,844.3893058917632,11688.756926577338,19081.100180851256
2021-12-08,362.96614222103096,1464.389919440392,1078.05708491031,1395.486590857376,986.2645029750822,1647.4912590632507,864.6611775092936,11472.119881113376,19393.327955072793
2021-12-09,360.3596532547843,1437.0856219604325,1074.8549417065879,1387.6962583452625,982.6172262705054,1628.90814482007,862.7255050845034,10990.538600752003,18211.179610328283
2021-12-10,363.8007540119441,1452.7110797884957,1104.9651217983649,1427.023535591262,985.0332352056585,1610.5868952262235,862.5424595469061,10885.28430919348,18451.20162858262
2021-12-13,360.4770093460763,1428.23282749225,1082.1210373630738,1413.9422033394821,970.5575305928397,1585.8545996534576,874.9411241337289,10151.018473922382,17532.84048327525
2021-12-14,357.78400183517334,1411.3710397850073,1073.4385777749212,1367.8660587409431,957.7821432684506,1581.4029006147844,872.9791876059135,10214.460492476488,17389.516907717327
2021-12-15,363.63322093462267,1443.345283250415,1104.0416314109518,1394.1533161045452,974.6473724420115,1620.9025072380691,893.69610324443,10979.364506541402,17706.642887090395
2021-12-16,360.4538246380311,1397.6669673610888,1060.692645369607,1353.5347322269924,961.3627488837769,1579.3406629867072,876.0134545297195,10232.484936022829,16816.403651386463
2021-12-17,356.74559080573647,1394.3087030533206,1053.7962528348712,1348.9523379850186,943.2598097956651,1590.0631284673543,873.11010652925,10021.251021799648,16918.907189710073
2021-12-20,352.68295137940527,1368.154806910353,1045.2372514505828,1332.746479104138,942.4742771152637,1562.5811827238185,851.2947570284335,9991.69360701868,16326.926957347936
2021-12-21,358.95292580648385,1404.7910160744561,1065.1875983740115,1363.4918001504295,954.8903359003493,1593.7994446792643,874.1825975619563,10480.482047269434,17027.03477776006
2021-12-22,362.60713738409765,1435.2114000691804,1081.5051852505578,1388.1130542496985,974.4743548300303,1599.5978558137208,864.3734771513848,10597.633008850844,18303.16089377399
2021-12-23,364.8638953966291,1460.9286332489544,1085.4458713536978,1394.3200082362437,977.8118972871539,1599.8924000296472,876.9028197064705,10684.145102814973,19357.768214791653
2021-12-27,369.9132232191647,1491.6521663184524,1110.3838529715433,1426.6484455073455,984.4008824204981,1586.8084434224747,905.5191261603618,11154.550911318824,19846.520725226903
2021-12-28,369.5395535831589,1487.0696980217656,1103.9800461997002,1421.6491242105567,976.2844953544336,1596.0813061195076,905.6236203439573,10929.981374859342,19747.28265700431
2021-12-29,370.0576092871532,1482.2410899715292,1104.534121246724,1424.5653840378186,976.0717000527004,1582.4269555050398,897.0442543108117,10814.27074313827,19705.917821095973
2021-12-30,368.95122747949614,1473.6619707917762,1097.268313371599,1413.608556775327,973.0466527623701,1577.2223420849582,900.7584161340304,10664.67895176137,19418.363779504467
2021-12-31,367.9822951767702,1455.122948271553,1093.3889246983497,1401.1107125596816,964.0717220377988,1559.1956367070377,879.8064086620137,10601.599254348603,19172.35561972212
2022-01-03,370.327833656694,1509.6554114049434,1120.7284417736469,1394.5701120089811,965.0000044737119,1593.6824261438674,885.5348745823821,10857.52816776726,21766.69521029003
2022-01-04,370.09466712131314,1480.2423381510387,1106.504464298294,1370.6572011066469,961.0600703190818,1566.7243524045302,880.2772348758775,10557.982952695585,20856.135648433567
2022-01-05,362.9175108822045,1421.971413412012,1077.0716256031642,1318.0407182581655,916.9701313264518,1537.1240857592456,847.9466059620519,9950.241588685214,19740.93276270309
2022-01-06,362.5677422297771,1416.8157463369444,1059.0917176584262,1307.6256732112893,916.7871948561005,1526.8084737474,869.6311971762475,10157.145558622375,19316.041287081676
2022-01-07,361.09926429078075,1402.250346599599,1060.1382825412222,1308.2919171365677,911.9252158981406,1520.261857514057,867.8785702890547,9821.55490057533,18631.35392669899
2022-01-10,360.57890896533814,1409.5506289182379,1060.2617407450862,1309.2502329558608,922.9236959864797,1510.2734692847305,858.1480815508431,9876.70692875682,19196.665599578944
2022-01-11,363.8818062433214,1425.9709880364999,1078.05708491031,1312.2080674532629,930.0216105848534,1546.5232428511888,874.6273203095108,10027.01991829908,19310.59828325612
2022-01-12,364.90713581960114,1443.2982288323512,1080.8275560725494,1325.9142001105597,941.2995570641764,1545.0736400675746,871.7238116723255,10092.623464878881,20069.30684152891
2022-01-13,359.70953896171335,1389.7307803745155,1060.2617407450862,1269.79823169944,922.3744775503386,1507.7297431951536,853.989116661712,9579.324619357769,18714.807782118944
2022-01-14,360.0044936865024,1408.4892307793684,1065.6801841369038,1292.2947185086628,928.3211910401521,1516.371276623166,868.1662706469634,9711.612476530225,19042.274970469094
2022-01-18,353.38475060699636,1372.0066998646075,1045.545177506841,1260.8414477165736,905.1431709235313,1486.2519899617362,832.1997903088471,9337.091582846359,18695.758099215283
2022-01-19,349.96061427035744,1355.4626872122346,1023.5628063934706,1263.6740336020387,899.2763195820377,1461.7628646137466,835.9664803381161,9035.745094419939,18063.319921420472
2022-01-20,346.09796651261087,1342.5839844460525,1012.9718767463607,1256.466926825302,887.2365638773839,1418.4474547978,828.040825419716,8705.198001766186,18074.568020873223
2022-01-21,339.55158512717946,1294.0086644596327,1000.0412846344119,1233.2624902702812,867.5626616847412,1334.0472653205313,793.0159975093277,8425.479192419067,17124.45906503132
2022-01-24,340.49273347896343,1296.6557868505363,995.1767244353775,1234.6786520626347,870.5742111471861,1351.8260911911532,807.5071962738708,8424.757994253705,16872.282056848566
2022-01-25,336.34828784700954,1266.8545105565508,983.8471559617296,1201.8507941483324,844.8238833838799,1309.1979512123683,785.116446057237,8046.992742060906,16661.831976375794
2022-01-26,335.8448969420878,1276.7177958798227,983.2926972062246,1236.0953384565044,860.1183028373175,1298.784157795214,770.6775345436707,8208.48051463723,17006.716112579095
2022-01-27,334.03667820812746,1244.4897123841738,980.3988637672414,1249.134964887765,858.6009220192393,1305.9386995904977,770.7036380099802,7910.015374754943,15041.730275605789
2022-01-28,342.1696852968048,1283.9287440793573,1048.8088099946947,1284.2127075536716,887.5259491267378,1346.532572225276,789.1968595923663,8232.99091990759,15354.683894402175
2022-01-31,348.6318854577406,1339.005192214127,1076.2096244998825,1295.5442314489428,900.5209829230747,1398.8636893714438,819.4087705438045,8826.314520021891,16994.19736987748
2022-02-01,351.0245473280001,1344.399931516062,1075.1628677628457,1286.2957690231985,916.0982943526035,1414.0144501836844,834.4230827731881,8881.106293532432,16894.959301654886
2022-02-02,354.33208154759245,1355.3753713474698,1082.7365057671084,1305.8758648547805,985.0232140910166,1408.5807943863924,844.8861552535786,9098.826169479633,16430.699477948852
2022-02-03,345.68953866389353,1238.875643382955,1064.6332355456266,1255.008665761292,952.3443592436665,1298.5317117109244,621.9198637640014,8632.385228826617,16167.274370313351
2022-02-04,347.4722353696481,1270.9907955479528,1062.8456336582844,1274.5475803738702,953.6954713637062,1474.299688215172,620.1673975135243,8766.118237623645,16751.092588394506
2022-02-07,346.1859930057579,1245.8764640320455,1058.34482909954,1253.7589337998788,926.4611494550827,1477.0680328104988,588.3075948135624,8913.547123327922,16461.178306206075
2022-02-08,349.094373259851,1256.2175901617775,1077.8892124497333,1268.7980789092485,927.7788237742253,1509.5954753070823,575.9350336930491,9050.523112986959,16727.14470033932
2022-02-09,354.1622488488227,1281.4771978069348,1086.82894857461,1296.5022849674779,942.3743727376598,1507.5005581124126,606.8532241244621,9626.184590696255,16908.56598073299
2022-02-10,347.7463427065527,1251.246267892529,1061.1808184849642,1259.7167020663398,922.5940217660144,1487.0562783342948,596.5733176592057,9308.616309725165,16410.56185866871
2022-02-11,341.1497843350918,1207.647515818393,1039.7253750435643,1229.138073151747,893.7256446331244,1433.6544415892438,574.2871821037045,8632.745483497565,15602.324789235035
2022-02-14,339.8395655901988,1214.3560423282106,1041.2050508746486,1228.9717744711852,902.0019605083721,1451.176112093054,569.448041200908,8747.374662382328,15888.2477567476
2022-02-15,345.1977212636382,1245.4483250115034,1065.3116321405973,1251.7596774225278,909.2066306545642,1463.74090597855,578.0800559176407,9550.485647448313,16734.94462281866
2022-02-16,345.50191217293303,1243.5795542252151,1063.8319563095133,1250.2985310501801,916.7240004800933,1478.6111077168996,566.4137341179231,9556.25316630082,16752.36157067181
2022-02-17,338.186552454648,1198.597919733148,1041.2050508746486,1213.686853551585,882.1216029028511,1446.3642242942074,543.3167445804937,8833.885378699533,15898.951057526323
2022-02-18,335.7630530377528,1182.1039252416979,1031.4638436594182,1201.9980760239403,867.905424708004,1427.1826030541301,539.262354193316,8522.083238934025,15547.535981120982
2022-02-22,332.3574267688377,1160.903643458959,1013.0912100840508,1201.121204590001,863.9819538131428,1404.6994893550147,528.5901327090188,8431.246711271573,14904.392841575884
2022-02-23,326.2380209985597,1120.1432515565018,986.8886212389,1170.0204660166416,849.1699283221881,1354.4727079685608,519.0949366002022,8069.701185153056,13861.395711812607
2022-02-24,331.1175161223255,1168.5926579276002,1003.3499069417,1229.8009071671713,883.1332242003273,1415.5529585130942,543.0290442225851,8560.292276405482,14527.760894838051
2022-02-25,338.5255015766544,1183.084729575526,1016.358775583838,1241.1557758299032,894.9037391411828,1438.2838090139771,550.5623038035862,8707.723228580147,14692.854824726623
2022-02-28,337.6986180217563,1205.0401803116836,1018.0233029757972,1247.3346636353442,898.8804855536813,1436.174906677272,552.0010063890242,8789.908133552106,15791.549314051184
2022-03-01,332.4732372129267,1186.5055088568968,1006.1859922542448,1231.3038905104174,892.2546881624688,1413.5328190166535,532.2783517026438,8462.607465877678,15681.606284078302
2022-03-02,338.6714332918459,1205.8695592043912,1026.901453889422,1253.1787245232192,895.6490851067447,1422.0482007552869,544.3630116693538,8731.918841528091,15963.174184141795
2022-03-03,336.8918278804974,1178.758341389572,1024.867031521472,1235.3532896121687,891.1766002882861,1383.198475120049,530.9181201528498,8549.494968628935,15226.599732972869
2022-03-04,334.2189137832335,1162.4317147302768,1006.0010447662492,1210.055037256544,877.9118144467917,1362.0856199293269,523.3063092178468,8269.004677003682,15208.456940544875
2022-03-07,324.353386974831,1111.4871150638564,982.1409961995474,1164.3429661100863,841.1200078328304,1285.5085476599459,490.3740154851786,7697.934896496203,14596.882226605052
2022-03-08,322.0070945206618,1115.3546013056923,970.6733885997453,1151.5683945947683,845.9520768312725,1272.0551264330868,497.75045347242866,7756.339549068179,14956.460978262941
2022-03-09,330.28211265845476,1161.502284969747,1004.6446352847887,1204.3774061996096,887.9851820436453,1302.5859758458403,519.2257350460018,8297.125206041628,15583.638859104582
2022-03-10,328.8646033784455,1150.8905745717452,977.3320737303042,1192.2293400447354,881.3929247096019,1373.088644483865,510.6199041139364,8168.778796722276,15208.637986445694
2022-03-11,324.602009982242,1117.2009349221169,953.9654742705776,1169.1855627039797,864.3613245817303,1360.9960632003554,490.74014671955234,7967.606526817566,14429.429717091125
2022-03-14,322.19313766570707,1091.9162281932645,928.6257498727916,1154.0313987122345,838.2747781965599,1326.6588291599844,488.1768264871471,7690.001716677223,13903.66743819661
2022-03-15,329.090833350769,1132.3096541823836,956.1850359807639,1198.7418744143315,859.8854653063004,1378.2230467827083,502.30181369895854,8282.344432180756,14548.079560019014
2022-03-16,336.45712402932884,1177.178346434316,983.929077722491,1228.9661350048887,887.0567973514603,1431.8821816001018,532.6444829370175,8831.423523644135,15243.65292805281
2022-03-17,340.6116352174584,1197.5943345807443,990.2793571611903,1232.4309968674734,890.7740173459871,1470.5540961437487,543.656772348558,8928.76667773448,15812.774869707811
2022-03-18,344.5839485291942,1232.0869649021538,1010.994914723488,1254.1805822683375,905.9917957236684,1508.0710948252388,566.2830963088394,9536.970931111735,16425.801272797322
2022-03-21,344.43417154535126,1232.9681074730504,1019.6265329378658,1248.8788281975937,905.8320714270284,1510.3249859814114,553.204336026709,9638.279641876376,16711.905286210706
2022-03-22,348.3276945484458,1275.3547050821485,1040.835251825778,1269.3346151097041,930.9002987289161,1542.0996568021171,566.7014746350108,9562.56898862957,18033.022139064065
2022-03-23,344.0527736733305,1267.2636325301232,1049.4050929746636,1250.2566940792817,920.3013338947203,1528.2488006715007,558.3573209129024,9241.702620919461,18126.09301985782
2022-03-24,348.9878366989801,1291.3817318851118,1073.203364475873,1269.5017006925395,942.2414395842465,1530.5074011101954,574.3395095138601,10148.78255296272,18394.778424446493
2022-03-25,350.7558686056622,1293.4212488067649,1077.210911781883,1267.748351275798,942.913672315431,1541.0193759326587,580.2249576646956,9983.661925444547,18335.27245708173
2022-03-28,353.26200359985,1332.53931805982,1082.636261926364,1297.0539034615176,941.4660302747589,1580.4581899997495,584.8547889268694,10173.659412315195,19808.421359419583
2022-03-29,357.59177610131604,1350.1581911529806,1103.3520113429024,1316.7163617311064,948.4541216371588,1583.493108526932,601.2555164907142,10331.20711468534,19948.662171748874
2022-03-30,355.34120067759665,1339.6036082622682,1096.0151214716132,1310.2459266331666,944.6806606931109,1555.3050558161467,595.9978767842097,9982.940727279185,19847.427615702567
2022-03-31,349.7792080669213,1314.8485478377488,1076.5327070411524,1287.0765072293368,925.572440196378,1524.4095937717598,581.6374363062872,9837.289006108465,19550.077163808
2022-04-01,350.97203302181003,1321.191681218016,1074.682944379837,1291.7110993221493,932.7803825432694,1529.6702904655135,588.1506125830956,9630.348528527786,19676.890681988436
2022-04-04,353.81172622214984,1365.9463439180165,1100.1461269814872,1314.8794695229471,951.5558611313812,1574.4353030650739,611.7970198475698,9863.967138815688,20781.028175138552
2022-04-05,349.3707802182039,1332.132547079816,1079.3070152882049,1297.8056574338987,935.7122743699383,1534.2996578902469,606.4346851615749,9348.776784066222,19797.89910454168
2022-04-06,345.97597347970986,1285.6959657621696,1059.3930247433814,1250.2985310501801,908.8038431997214,1484.741594621928,584.0962623550969,8799.336749108432,18972.427794127245
2022-04-07,347.4475427131122,1289.300135269605,1061.3041807617083,1258.1049950589095,904.4143904740101,1475.6558188759993,583.1806330753207,8727.593030182845,19181.064093648693
2022-04-08,346.52645007625506,1265.9588747376004,1048.6652070955613,1239.7368598795908,887.103323955155,1444.568560597986,581.5589251114643,8334.9801882533,18604.68370624524
2022-04-11,340.6780226497633,1221.1952408061486,1021.9073920779427,1190.8519987645634,857.3929175516627,1413.3457320655493,566.2045449548375,7901.6289490975605,17705.55495071391
2022-04-12,339.5137733187741,1219.5594038443398,1033.6835012967247,1177.492890010079,850.0119064646542,1410.2174841211108,560.1360111072257,7752.731491770982,17905.482776308785
2022-04-13,343.3076963240551,1246.5902333160454,1050.5765549681287,1200.703884084049,864.517572165127,1454.673824657179,562.3594240491034,8004.740310863876,18548.081117179856
2022-04-14,339.13852033685305,1210.6170461579118,1019.0714026925184,1168.1837049588614,843.4595290766348,1418.8122101349647,549.7775532879675,7664.044093311901,17870.10574290003
2022-04-18,339.06904161014216,1220.1628073444208,1017.7151850652984,1171.0640295822795,849.7590267043532,1428.8987797696002,551.3209508528956,7853.319004370262,18220.06913015568
2022-04-19,344.5136781295256,1248.2303031572255,1032.0804631888968,1191.018822046641,865.2831648725165,1478.7513872538452,568.4279177375363,8002.93697103874,18652.943235128823
2022-04-20,344.3006050077838,1210.3898798134,1031.0322675450554,1195.4437046834457,852.1783078402058,1440.2431559542233,524.2479214863956,7744.801067245852,17728.595948293438
2022-04-21,339.2211559141457,1193.1017204218479,1026.0385894420572,1172.274941031511,830.7106772547924,1386.9160969074017,491.94347635723716,7276.479638539888,18301.528158723482
2022-04-22,329.8111426460839,1168.2569149543676,997.492692901495,1143.970853139773,796.2415707279151,1350.0117330703747,481.58505869715793,7035.647668951444,18233.8568551346
2022-04-25,331.69038575395825,1181.2329884920691,1004.2129632433055,1171.8989328949415,819.1267800100749,1366.1351747817207,489.1184789148749,7175.172994245633,18106.31749237932
2022-04-26,322.35452585292865,1109.8439032915967,966.7277142863481,1128.0655909275413,789.6825466822249,1303.633434443175,473.31929569233574,6773.546208484259,15900.221700775193
2022-04-27,323.0308407510262,1111.9544936762,965.3099114478765,1182.3353554535934,760.6942229424473,1292.1861675707212,457.6249279268236,6639.070647994528,15992.565076022538
2022-04-28,331.0248526875695,1163.8241338545233,1008.8985234358049,1209.095016482324,788.833921882088,1352.3169982176971,538.137535750454,7131.907992558554,15919.995567282129
2022-04-29,319.0137790678277,1115.1622962138385,971.9682128699542,1158.5402175915938,759.4629551730234,1162.3240630333898,524.3787199321952,6686.660083379928,15797.535455579196
2022-05-02,320.8242597245242,1145.70169357594,973.8794648154011,1187.5536978832986,775.9254480198776,1164.367534884144,552.2626032806234,7042.137763616238,16381.353673660351
2022-05-03,322.37612721505855,1148.0312627381265,983.2508729817608,1176.324208982883,780.9237857163582,1162.062198384056,554.6167745091218,7067.013245321786,16495.831156011554
2022-05-04,332.0030588735135,1193.2600770211143,1023.572207251263,1210.5561628546716,813.7158382566532,1177.7273412826855,584.3839627130055,7330.91942326103,17282.659962916212
2022-05-05,320.1672465671082,1117.4269230424736,966.5427667983525,1157.830562890869,775.4097185127695,1088.678947250595,544.8077344169083,6793.736312997076,15843.253697965036
2022-05-06,318.35054562288735,1106.5584579640451,971.1117755396515,1146.8928835837103,770.3581564267874,1073.3925448311657,533.0106543305701,6732.807811258065,15704.828327558644
2022-05-09,308.1515171564012,1049.743623728057,938.881222380109,1104.5206879886582,748.8240592646675,1017.4327827962062,513.235672234034,6110.902170385865,14279.937293132803
2022-05-10,308.90892198458835,1064.5306405196036,954.0086414747259,1125.059624241049,761.3630300885245,1018.0874444195404,517.0023221041241,6343.4400166609175,14514.516307561587
2022-05-11,303.8232903021382,1014.3239564593706,904.5517838277547,1087.696979672347,756.0885493298954,985.4758056596836,493.69610324443,5995.531817455325,13316.4035345994
2022-05-12,303.4295461018495,1006.616392233278,880.2245701850476,1065.988968941623,751.0403617008848,1000.0513918293412,500.2354231467267,5831.495398067312,13207.55010197457
2022-05-13,310.6723169496615,1046.7584255528236,908.3178825718948,1090.0763098480163,772.3814501498757,1057.3298956760136,519.5396191885778,6383.458593368676,13962.08546918489
2022-05-16,309.4462794292641,1028.5363071470845,898.624255208348,1091.6628359826802,761.6959253815533,1036.3385542449143,523.2539014893333,6224.105484703007,13141.693409822805
2022-05-17,315.68769708179923,1058.338763483472,921.4696826233238,1113.871972311532,775.1933442415211,1078.9665515181684,530.0025711914315,6553.265286903044,13817.310204477277
2022-05-18,302.93541023078967,999.5319813078386,869.4808286352526,1063.157694559948,744.7541573885078,1001.7535834027759,502.85119126682434,6106.574292570232,12877.54245761246
2022-05-19,301.168151147709,993.3257164819881,848.0558900181176,1059.2242979684152,734.6676498607205,1003.6848173534206,500.3661814333474,6173.633323126548,12870.466718736396
2022-05-20,301.2121643942825,979.1319555531633,849.5375803187287,1056.7973602051718,724.8440432078764,1006.2286861485285,506.2515894250039,6018.606714629587,12044.632486034538
2022-05-23,306.80116813229836,1000.457430925351,883.6202943175952,1090.6487812523158,742.0154276593757,1005.9106668727572,513.2879594850108,6092.152395733385,12244.196558856203
2022-05-24,304.309697937183,958.6825062043841,866.6408103107746,1086.3388519226974,705.2900364939852,973.5795871867914,474.18255740277743,5823.922472919282,11396.22904953627
2022-05-25,307.1856572987252,976.8513408773149,867.6286677959288,1098.4734095885353,704.1918041342466,998.5971511159706,480.8527159100527,6119.915425394231,11952.10723440059
2022-05-26,313.29350841369285,1012.7958106399196,887.7571513818092,1112.6166008838225,717.4197777178726,1038.8356156258633,501.25562692845637,6435.732717123344,12839.806844578348
2022-05-27,321.04509878099327,1053.9786049931522,923.939230409089,1143.329658936882,747.5295459911003,1076.890328748056,510.4106346324929,6781.838265327264,13781.38920288028
2022-05-31,319.03074348834855,1056.1736893229395,918.9996552019569,1137.5970758711499,757.1501739443095,1124.241308274361,506.51318631660314,6731.725669598292,13756.533593863645
2022-06-01,316.64351023265573,1047.3342462435987,918.1971289132795,1139.8986338720772,758.0153642604871,1138.0313004960178,493.43442603447284,6604.820278962739,13431.968953327088
2022-06-02,322.4795724815234,1080.7572726767387,933.6331455539968,1148.9364687891607,782.8439539892793,1173.8227752497592,520.1673473145507,7063.408632141902,14060.235601030996
2022-06-03,317.207897654028,1033.9463797272576,897.6363017960734,1129.8560559015375,762.3348225681126,1144.2599688063547,499.0321336682207,6749.030981449661,12763.97186573692
2022-06-06,318.2031059592051,1044.9013079125366,902.3289605954773,1124.5419736951685,777.5062277265068,1167.0797248530334,508.1087908141501,6772.824321495436,12968.79789648332
2022-06-07,321.2334792461992,1051.4312389140316,918.1971289132795,1140.2331984888854,779.6958924039056,1150.3390103674676,511.7708661822867,6823.299238365745,13001.817180752505
2022-06-08,317.76610248658824,1050.6141786457833,913.566247179368,1131.4878289169537,779.991975439066,1133.3177368080107,514.3603701993592,6724.495089711183,13164.008562827481
2022-06-09,310.2036842574513,1018.7831294166358,880.718307073384,1107.9720413622065,764.2949219151935,1086.2754293451983,481.2973984984282,6508.132884808806,13046.446656276077
2022-06-10,301.1735609129195,976.8604721145155,846.6973701400099,1058.5966778297498,739.8423796261536,1025.4851564396004,459.24671620903774,6120.848092362617,12639.516096696054
2022-06-13,289.4975345984644,924.0684551563675,814.2817735653514,1013.6986570856942,708.1020328419025,969.5580739712335,429.6625333835725,5642.329321116044,11741.838199828635
2022-06-14,288.40506361563445,930.5618475722064,819.71508566082,1023.0298098253929,710.2516641888694,956.8388727012257,428.27615820829016,5710.482547742731,12022.31733302986
2022-06-15,292.613615907801,965.3324687916619,836.2008327793042,1053.4499435069743,730.5445747231954,1006.9674726823708,442.9767067726347,5959.6592691690685,12681.424900792634
2022-06-16,283.10017622263047,918.7612662730802,803.0441032729793,1025.038312304463,705.712610537432,969.4646018484469,420.7951457190868,5625.741763312724,11598.333578369893
2022-06-17,283.7232416896487,932.6182605555255,812.3058667408025,1036.252259884968,713.1003194102472,993.4065941906898,428.3024223113154,5726.349251792421,11797.534728904137
2022-06-21,290.6680042169779,962.4614074449426,838.9175847541588,1061.7349096734551,742.3881006421566,1016.4133658357072,410.802979770918,5973.722977805354,12901.127423380225
2022-06-22,290.2896787900071,959.3736655850408,835.7069999638475,1059.1824609975167,742.0121043305404,1018.9384688534922,407.66413834515873,5899.439566773093,12849.422208980588
2022-06-23,293.05678311987384,973.1171939721719,853.7361185213147,1083.1587831080935,747.0337053288683,1051.5782206029505,415.2498056546734,5850.756968552519,12794.088602192509
2022-06-24,302.0135636196871,1015.5639501065629,874.6675121043538,1120.148567149322,785.1900707626183,1089.1746349124264,445.09546489420114,6175.6591529301095,13373.006954150565
2022-06-27,301.1156556908751,1006.2102849134849,874.6675121043538,1108.3904110711903,770.9371825661748,1058.8730419351798,443.3429183253662,6082.982777799005,13330.191259578321
2022-06-28,295.0502721752779,964.4074782815554,848.6114998990666,1073.2000758049192,745.472916723387,1004.4423696645857,420.2981357205556,5763.130702637602,12663.10106246382
2022-06-29,294.840271498586,969.4426973922427,859.663551213601,1089.0170082368995,743.4363808130934,1018.6579097796011,428.82553577615596,5604.466417434552,12435.960709198525
2022-06-30,292.2576835159176,951.9906421114733,844.1658534345116,1074.664435361552,725.2100695329867,993.3130507151375,421.78912555697013,5466.3562799443125,12217.346122987417
2022-07-01,295.3421167563048,960.4907057232762,857.8113903742769,1086.1713728887248,723.7093053590851,1024.6434078651619,418.5979165618763,5237.013196888885,12369.197126571094
2022-07-05,295.8099766249135,987.7118447605854,874.0500292307922,1099.85429192894,753.8289924906828,1061.491688428517,439.94239968964985,5396.038081174616,12685.053293181076
2022-07-06,296.86695427014257,994.5182156953058,882.4470097088439,1113.9134158312934,762.541175724719,1069.2541557857417,444.0753012716504,5455.897873311374,12612.484614926452
2022-07-07,301.3094459212915,1020.8530947051072,903.6254156267316,1123.077417412967,790.5676769714146,1087.95885514131,450.40543201086143,5718.416071973442,13309.69071801076
2022-07-08,301.0592772666775,1025.26852336325,907.8858268219303,1119.9808258145915,794.3647591142612,1080.5704903335286,446.9788099088357,5711.204434731555,13648.22495991284
2022-07-11,297.58882806201666,989.3334648479074,894.487398144134,1106.8002127259147,769.8922257240735,1045.1250764923946,426.05286574394927,5463.831397542084,12754.538377721285
2022-07-12,294.8379530277815,975.3082836129648,900.5998742515361,1061.441985301977,758.8706357182947,1021.4636432240425,427.0729490481421,5438.589806166154,12685.235169567679
2022-07-13,293.5238890142371,976.7509945443303,898.3153698808867,1057.4668828899248,741.120225127408,1032.4994186979386,427.6483899231383,5468.158586534255,12901.308469281044
2022-07-14,292.6437183295474,976.3469309343368,916.7152467584277,1063.157694559948,734.5578777528826,1034.6504191662805,413.4187478910156,5543.16388455534,12970.612507920432
2022-07-15,298.2628433386658,992.8505985006392,927.2117841191333,1074.2042286816697,743.9421403336954,1061.9593344535122,430.81345529274387,5683.798904447808,13066.040307367979
2022-07-18,295.7683006985006,988.4318915428802,908.0712539455274,1063.8689230652203,725.6560602626887,1063.9233193235152,437.4312863898635,5806.041993476627,13092.164898661918
2022-07-19,303.93987356982865,1019.4790562413267,932.3364986685016,1085.9623847598014,757.4695714094531,1105.541246848549,459.7958929810089,6127.338875850872,13363.39158974833
2022-07-20,305.73184415880127,1037.943959734619,944.9322092033798,1097.4273541656967,758.0686909062603,1148.1879385463606,478.9170434852625,6421.226783824058,13470.612287322647
2022-07-21,308.7467798231214,1068.0647438730111,959.1952290167068,1108.1809639159405,760.9971060196862,1165.5833146552604,479.1262728075272,6508.853394150705,14788.10157827335
2022-07-22,305.86541069636877,1041.1693047207868,951.4152517766153,1089.4352467955046,718.1353159801884,1144.9146304296892,442.7674372911911,6245.254431475788,14817.311424253274
2022-07-25,306.2676748056302,1030.697261159569,944.3765033953105,1083.0332066202088,715.5395405191117,1132.9436342585677,435.9141529279605,6138.877357673197,14609.94410700913
2022-07-26,302.7323649665113,997.9100393907705,936.0412040556307,1054.0356610995516,698.9672244362836,1073.7432436735294,416.2960727435335,5961.822174841692,14088.898987365326
2022-07-27,310.6507155875316,1058.176670386307,968.0865219458169,1124.499874423512,752.477982626915,1131.3537519380081,443.57833143229817,6415.098321477139,14957.550575610994
2022-07-28,314.41994593627675,1065.7533935472943,971.5440231438567,1156.5939459673552,760.1984334083511,1143.6053071830206,420.4027905408668,6485.055232340692,15288.464279962986
2022-07-29,318.8871490933177,1102.796233686371,1003.404009837566,1174.7122396746945,774.1750762863743,1262.0995604758837,416.16527429773396,6549.602123728839,16172.898420039726
2022-08-01,317.986903844345,1099.5349892284212,997.2294688833106,1163.2891728148873,764.4579184125328,1266.2146171669938,418.33627951109816,6649.850735184511,16179.793113014972
2022-08-02,315.8683493109901,1097.7353718360898,987.967801342608,1149.94081839148,766.2549701341385,1254.7112670208678,419.0164555247635,6680.499246330267,16359.945411131337
2022-08-03,320.8080492782487,1133.4670666803963,1025.7554125828444,1181.9508225423895,785.8888901244856,1304.8398670020126,441.5380443463757,6812.840142909343,16730.591216341156
2022-08-04,320.55867229659236,1140.4367734842103,1023.7793139040546,1186.888634311431,786.6210450309779,1333.364562060361,446.1679157677286,6928.9544251795105,16797.898767156832
2022-08-05,320.0375252981921,1114.1645912727267,1022.3572902722885,1183.7920427130553,781.8289582348318,1316.810863173134,437.1174022472876,6847.457654846707,15684.147570576044
2022-08-08,319.64146262709886,1113.8092694141542,1019.3895929506517,1172.9548245962044,780.6974925867398,1303.8111028292353,445.3308780011331,6416.17977431345,15806.788728179796
2022-08-09,318.2834042163371,1104.4920509852514,1019.698766059474,1181.2398563378747,776.2382499554866,1289.0343732136723,440.831724707222,6161.2365672698,15420.903508841366
2022-08-10,325.0598608427434,1143.2142932879142,1046.4094808610107,1209.9444774870537,796.6708936853046,1334.4867983559252,466.4922352729514,6525.803273095363,16020.866370555232
2022-08-11,324.8305395760139,1129.4377837156812,1041.7721720100371,1200.9899230606302,790.9470988681381,1315.3144529753613,464.26886249025256,6469.909382044632,15600.329962382886
2022-08-12,330.4573739717912,1159.1798669736122,1064.0927821496896,1221.4512182886579,809.8488639519926,1342.529824787041,472.14223015767595,6746.4899116960605,16329.64762877493
2022-08-15,331.76913836388724,1171.2086864739463,1070.831950134205,1227.9787038014592,812.5112082460481,1339.0693583664997,473.1623937802267,6862.965137460641,16835.272288389304
2022-08-16,332.39143100730394,1167.399878704221,1069.8427496693662,1224.798700562045,809.9820016179498,1354.0331749331672,469.44807132029223,6807.792444575272,16685.235065756955
2022-08-17,329.985649985175,1156.176709971252,1079.2411133565386,1221.5699093816456,795.6725657031698,1328.96894629536,457.36329087604537,6611.625854773412,16545.54071307326
2022-08-18,330.73457260310175,1154.6725250127788,1076.76772848596,1216.7479033972538,799.7990152976661,1330.8393876898106,456.86628087751416,6769.570319458025,16484.2193037856
2022-08-19,326.4680962395346,1128.6443842976305,1060.5067386104083,1199.891145185437,780.0985776024764,1292.7752560025738,439.3408151891653,6436.373322943579,16146.591952359182
2022-08-22,319.48165778579255,1097.6742987324792,1036.083789701612,1164.66769444847,760.3315199461723,1245.9200354908655,426.4975081731459,6142.483348500006,15779.030571349562
2022-08-23,318.7667017076197,1100.6949272717288,1033.9814509324685,1159.1744608243982,757.802466702482,1249.6609182797667,421.4229943225964,6195.491069242364,16134.981761104795
2022-08-24,319.6962765547373,1103.071572670945,1035.836105876921,1156.4491559489484,756.670949926254,1251.3444154286442,427.0468054226538,6210.275976044011,16169.996702711913
2022-08-25,324.2013103695398,1119.290537279837,1051.2938979739533,1169.28051557837,776.3714387495796,1283.890552349785,441.4857169362201,6459.452353058618,16114.118297249808
2022-08-26,313.2795975888658,1075.2606733510647,1011.6609367199364,1124.1615064457133,734.3748390262596,1222.8197203702957,423.17550073225243,5863.37828085808,15679.792503126973
2022-08-29,311.1911643266133,1062.6871379139957,997.8109790867487,1112.1687223395654,728.2516823393577,1213.8414018891895,416.3484403128681,5697.862268672363,15501.81773873514
2022-08-30,307.7592997539594,1047.7956228220912,982.5389978217949,1102.6923205551332,725.0569918940175,1203.9279340636228,411.09072028800557,5577.781740904436,15114.299784346198
2022-08-31,305.3535375811865,1045.3841452621718,972.0897525314118,1096.4022828034967,720.2649562260074,1185.5973372574977,426.183583871391,5442.917683981787,15000.546485598272
2022-09-01,306.2684476292317,1050.2012810819986,976.6650924626525,1091.915366037429,730.3814759695844,1195.4173329602772,432.53989839526935,5025.701101202696,15084.908892465459
2022-09-02,302.9801963009647,1030.3872882032313,963.3716080544966,1073.7168738733362,717.8024206871596,1192.518127393049,419.35648329282776,4921.126333990048,14706.642549705546
2022-09-06,301.7394751321387,1026.4079506695525,955.4573328459437,1061.9338647983857,710.8806425170586,1179.424823573598,414.70054856434444,4855.497300942127,14935.780221280342
2022-09-07,307.2736837918722,1048.8026999181516,964.2992233080839,1082.228992496231,728.4513377101574,1210.942196321961,419.5395689896041,4946.756421798895,15440.860082220686
2022-09-08,309.30498465568166,1054.2526884780673,955.0246056061369,1084.0320479066104,721.3299041692566,1214.1221036686113,423.9078836785366,5046.312076851173,15743.472492039988
2022-09-09,314.0285202067925,1084.9726159634617,973.0169840765177,1108.939931159166,736.4380126953719,1246.387681515861,442.45347283025734,5189.513652965358,16310.597945871272
2022-09-12,317.35228372201647,1100.3724475023516,1010.4859254230191,1118.1229495457935,737.8357025472421,1276.1280849925602,441.956543150084,5232.076743544028,16568.581710652787
2022-09-13,303.6310457189248,1034.3512988225366,951.1912619506455,1056.6504717807009,694.3083775623664,1186.064983282493,400.5493374086869,4736.46344042565,15899.676902101168
2022-09-14,304.65944774025434,1046.6511226062332,960.2800688205143,1057.6148205174275,698.8340867703264,1202.2445796202767,396.2070860268847,4735.380609942414,16470.06782603347
2022-09-15,301.21139157068103,1032.4680411520594,942.102167299416,1028.9331506845722,684.9240638534177,1181.0147058941575,391.184899586491,4663.600727785039,16532.115079895975
2022-09-16,299.0480509671511,1024.3675100783457,931.7765720671376,1026.2496172048313,684.1918578187893,1155.2957442802508,382.65757984924846,4760.631156023358,16510.344725565323
2022-09-19,301.098653571642,1036.3067918158947,955.1482556642416,1025.327105439003,685.9889095403952,1165.8639450819169,387.18287676864793,4827.001363117056,16821.6656093112
2022-09-20,297.7046385061056,1030.119584038451,970.1111597474935,1016.6471143309985,673.1436811823279,1142.7636299613473,382.13438606605,4752.6952209105275,16803.160725081565
2022-09-21,292.608978966192,1007.4021631953999,950.4493616020164,1001.9707311699203,660.7642301425669,1108.6275393668816,371.7499050988403,4783.355786466879,16371.555602385726
2022-09-22,290.14299310057015,996.3703295194285,944.3899331921566,1010.4829809431942,666.4880760878693,1097.12411786799,373.58096286249804,4530.858935950719,15707.005861283182
2022-09-23,285.1430694404625,971.7009703562028,930.1069605378011,997.6518180393413,657.1702800837631,1064.110334921854,367.2769757487754,4514.6274998775725,14985.30707146966
2022-09-26,282.1945400578034,968.8953477245075,932.2095870883055,995.6810212942313,653.3766235260238,1076.923079667414,356.7093287664315,4410.743967009661,15022.318500900494
2022-09-27,281.59618609667723,972.432298452956,938.3305047822967,991.3198777416167,648.9173808947705,1070.002360884628,351.5563438802381,4477.475117597771,15399.495246312352
2022-09-28,287.1357856722651,992.593892003762,926.4592358601476,1010.8604973091221,665.88910997547,1103.6708054540984,370.41589749289255,4593.9840957120205,15664.55308899836
2022-09-29,281.0696293330664,952.7203792419682,880.9525611012291,995.8906651750497,648.3849836153498,1073.6497715507426,356.81394342756386,4407.858485524751,14597.789117080716
2022-09-30,276.834838737161,937.446752237944,854.489146415902,976.6017231848296,636.6046520723959,1056.8155135896247,354.90449494661993,4378.640660710856,14436.686501868011
2022-10-03,284.00040262224707,935.6486030801884,880.7669421233912,1009.4765985100006,656.5046940102494,1083.7502549746478,362.5686734509576,4513.185447958581,13193.03570193502
2022-10-04,292.68618592891795,963.3659981311198,903.3349483063738,1043.6095338456503,676.4714070373533,1132.4759882335723,366.9368676623533,4749.448795931206,13576.200249846457
2022-10-05,292.09556020380677,954.1941076515109,905.189795105067,1044.9514645234945,675.0736660573472,1131.1666649869035,363.53642934499476,4764.59843475631,13106.497422314867
2022-10-06,289.10301757457415,947.8691667431299,899.1922396878194,1034.8456064950915,675.0071994806403,1125.0876947785562,363.77192277028456,4736.1028413429685,12960.634221230772
2022-10-07,281.00708716941296,902.4386170294312,866.1750841415742,982.2207955975441,656.7709182140278,1071.4051562540833,349.0713742059401,4355.916030267334,12140.968006443532
2022-10-10,278.9016517879274,896.3125023563169,868.2155499181052,961.2964739564856,651.3134498569115,1063.0815707490765,349.9606992235123,4209.468029173827,12134.981034429735
2022-10-11,277.08344289521585,878.1427767422814,859.3118823904726,945.1946173261455,646.7876895208155,1049.4271487818432,336.22802703074177,4179.169440347081,11783.38408163779
2022-10-12,276.1716241415768,878.5147255619412,855.3548886768766,946.6201563705969,649.316742764506,1055.8802928923994,333.5077044882802,4148.147931296317,11823.66015068386
2022-10-13,283.34259779187335,899.1908276004112,884.1056855464628,982.2207955975441,659.30007371399,1052.4198978246236,340.80561120111787,4314.074137854024,12067.49160722746
2022-10-14,276.63795721233856,861.8607116842034,855.6021887930864,958.4032310207368,642.6611887981833,999.7661948256937,331.57205214307953,4049.674762315545,11156.932875856779
2022-10-17,283.96334478808706,904.9949916140694,880.5197379343017,996.0163728133134,665.3566615679133,1064.2038783974062,350.6146512933314,4288.102393607718,11938.500555322486
2022-10-18,287.20835569338203,910.0620555053883,888.8046755358084,1000.0839362425548,670.6810945153443,1088.2394142152014,347.3711550472608,4316.5983314327905,11984.218797708327
2022-10-19,285.2920736007039,908.2281186980503,889.4847988189453,991.6133267146108,663.0937302717294,1076.1748745685277,348.4958931717649,4346.897609082998,12084.907724594823
2022-10-20,283.023742083506,892.4290791781879,886.5788785628007,990.2296902162473,665.3566615679133,1077.8583003646395,344.04914760636734,4398.479809669467,11281.569690798464
2022-10-21,289.7384293698604,912.2422838468146,910.5689083775493,1015.2631499566876,673.0770100930774,1115.9223606991109,340.07326841401266,4496.592379567559,11671.265178911943
2022-10-24,293.18109462357927,917.6614003883253,924.0479158364224,1036.7746318444924,682.3282372642051,1120.598535538003,339.31466152388225,4544.566867268562,11497.643820997613
2022-10-25,297.9501702191106,944.8010701345889,941.9169320300595,1051.0734986396426,695.3732232493438,1127.8933568702323,359.6912682800818,4783.355786466879,12105.590142548992
2022-10-26,295.74899895781914,904.7409106660806,923.4296655458982,969.9765962148689,631.8126164043857,1081.6927979818583,339.5762182563025,4651.696825115795,12226.417519201415
2022-10-27,293.9500729564329,859.6691029338485,895.2970230397158,950.8134274381019,613.7759905085728,1037.7367116846128,256.18626550056456,4752.6952209105275,12250.909375444846
2022-10-28,301.1889985355935,880.1550026832966,962.9387848875695,989.0556975987021,640.8641370765775,967.1265144290007,259.4820489976118,4990.041743778122,12437.593444249034
2022-10-31,298.94381402772854,864.8385377763562,948.099626789543,973.3729975796198,629.017287828781,958.0547238251077,243.68296617302,4868.4830008594145,12384.254664313105
2022-11-01,297.71777650733117,851.6656444391209,931.4673989583154,956.7677202195196,602.1287966315762,905.2139338750733,249.0190568355792,4885.076069250436,12399.494908927501
2022-11-02,290.2742411673331,814.1610995279407,896.7192385257224,922.9286928831903,578.8343066213109,861.5384780044843,236.82968180978946,4768.205803230044,11700.6552403069
2022-11-03,287.2014002809685,795.8764897858118,858.6937280270687,898.398129270994,555.2736435354033,835.1648547672432,232.5660420207577,4841.068171458923,11718.616156348291
2022-11-04,291.1127170762538,801.8552482549331,857.021526465483,928.3377935391389,576.238684544642,850.8768050800315,237.4836338796086,5106.1901228096895,11291.910899775548
2022-11-07,293.9114694750699,805.6208117435034,860.366121442895,955.5097913594195,588.9506729804801,846.6682049133693,252.99501634629178,5158.492143914595,10726.41735050899
2022-11-08,295.5567543746057,801.4992400080608,863.9579206093963,959.7029968517351,591.6795861075141,841.5244554022472,252.3411044356516,5267.065186916014,10411.830996662096
2022-11-09,289.41570954348555,778.8204360071612,835.2832898733516,941.4206340202771,581.1637556223375,805.6113955361175,265.4198446381924,4969.120108748004,9665.640350605145
2022-11-10,305.45932016781205,847.7866505110559,909.6019630046269,1018.8693919278253,625.2236312710417,903.7175236773004,292.62357205254466,5681.158988527322,10380.263401542601
2022-11-11,308.2819923995626,867.233740206012,927.1289990142888,1036.1875371729357,641.6628096879125,942.6233325862104,295.6316551916833,5889.287686581019,10666.003662182778
2022-11-14,305.52725324731995,854.1848022319149,918.334688403832,1012.87319660032,636.937291724745,921.1128997862003,298.7705769358004,5877.744382994455,10392.781313758438
2022-11-15,308.18934781416266,865.6222713925432,929.2347911597643,1014.6344150398008,655.1736241194936,925.3214999528625,306.25162958418287,6011.5676276650875,10581.642085801379
2022-11-16,305.6461549858149,851.9948344496152,921.4931847678045,1016.4845534362383,657.9023838621197,908.3002263934058,296.1809926003701,5738.872751166291,10173.441713458269
2022-11-17,304.70191533962486,845.6497173617048,933.4461835964744,1016.2743193787144,654.6411757119369,887.0703526672868,291.5249775535289,5654.827334021798,9969.341527286713
2022-11-18,306.1518643615412,841.6711089451344,936.9762056974834,1014.3399824389643,648.4514501920564,880.4301929583918,293.0944384255875,5558.157849277893,9807.150145211737
2022-11-21,304.9628658259477,822.1239238353007,916.6623909151263,1017.8301563246941,636.2718079075031,864.7182426456036,287.36589218686106,5524.972056907582,9136.612601609611
2022-11-22,309.1042578622078,833.1478499544052,930.1017804733032,1030.361116011035,645.9223969483661,871.6389614283896,291.4987937688617,5785.042521395233,9247.643567958976
2022-11-23,310.93251346173895,852.468826026853,935.6139446616828,1041.0839709974052,655.3067617854507,880.3366494828396,293.5913881853503,5958.5454416300145,9970.974262337224
2022-11-25,310.844505817948,846.62442511283,917.2818882582147,1040.7056021540138,648.651207819128,873.603017651158,291.4203628923966,5868.727683868778,9952.46937810759
2022-11-28,306.04376330411117,833.9499087745203,893.1900797687964,1016.6106545256389,639.2668429820434,878.6532236867279,284.54089474449876,5708.933383775302,9955.734848208609
2022-11-29,305.55658284546485,825.9519277493401,874.3007827233338,1010.5974096488646,633.5430481648771,864.3441400961602,286.3196451775904,5641.120435939149,9841.98321043225
2022-11-30,315.01290898154855,878.2619310238128,916.7864246817123,1072.8741015379348,672.1453020720572,902.8758464556272,308.91968495525714,6105.831052054066,10596.881499929992
2022-12-01,314.73959331760165,879.5326148646948,918.5203073816698,1070.9818638698412,672.1453020720572,893.1493942283996,315.0405261334351,6182.320075813633,10596.881499929992
2022-12-02,314.36358636143524,880.3397620494668,915.4238758645507,1072.3695660299534,668.4848343084109,880.3366494828396,323.0185285415803,6088.8735960513195,10605.589973856568
2022-12-05,308.738297612861,857.7646035910101,908.1157641293604,1052.1011930094226,662.0954022895946,851.1573641539226,320.2458585093736,5992.901889475046,9930.154225102911
2022-12-06,304.29271466730603,833.5609566166123,885.0769476398002,1030.7396160048054,645.456466245652,825.3448590644635,298.50902020338015,5768.122606271199,9787.012525931594
2022-12-07,303.7260087751293,823.7167692523084,872.8761690593188,1027.585908416379,631.8791341092283,827.3088439344664,298.0119901252595,5816.108459559336,9472.425341598917
2022-12-08,306.01056958795874,830.5396162336021,883.4665231437068,1040.327036585054,623.6928037532142,844.9847791172575,301.6740454138067,6194.588710506334,9439.769810102938
2022-12-09,303.7615209620862,831.9262733326221,880.43186869208,1032.001085925138,617.8359223982266,833.2007985444749,303.1650352502213,6133.973623442816,9745.103721835016
2022-12-12,308.0990216995673,831.2497617510271,894.8622813303821,1061.81491140464,621.0305617154308,846.8552918644737,300.0523173703609,6326.643056524961,9133.891930182617
2022-12-13,310.3449601816776,839.4458889870389,900.9316861607563,1080.3591159677553,636.4715144064387,864.9988017194946,314.2819594024836,6520.392564796493,8759.979824385995
2022-12-14,308.4665275961171,833.2347803507737,886.9349600334642,1081.6206514632775,632.744375553542,856.488200616149,318.0486092725737,6376.792848720914,8534.109283883789
2022-12-15,300.7790250396732,807.2933063861567,845.3783722354779,1047.097281449369,604.7244187082451,827.2153004589143,303.818967240451,6116.294969274706,8581.460261320137
2022-12-16,297.4290232207103,795.9166921394806,833.0535598884104,1028.9315113048349,600.7310556515699,821.697448398349,312.39861438784914,5978.829914957209,8176.525359078046
2022-12-19,294.7499265346345,780.0913962216102,819.8001730165524,1011.102207457604,588.6179821999951,794.2015175127781,299.4506726311079,5864.454911930153,8156.931707986147
2022-12-20,295.05568194048845,772.8971377126901,819.3666783597829,1016.778986037075,592.4781564625772,796.7266918833286,306.2777932892606,5803.4802590191475,7500.001673947908
2022-12-21,299.4425679910413,783.0514916766539,838.8753768212139,1027.83811059518,596.20534644361,811.5033501461261,313.2618158595224,5953.573513876833,7487.483761732072
2022-12-22,295.11511396037974,754.3861371084602,818.9330877758932,1001.5987886950998,584.0921707357633,783.6333880638775,306.3562844044941,5534.3235242360915,6822.388806712608
2022-12-23,296.8468797058596,755.9735959682781,816.6414847983393,1003.8693952065848,593.8758974425834,797.2878100311107,308.7627428839692,5486.336637712762,6702.650196922453
2022-12-27,295.6447620183966,733.2292032469643,805.307983312758,996.4264800484207,581.6295840687796,776.6191258055393,305.7284759601633,5094.868275966358,5937.954666635869
2022-12-28,292.09092326219775,726.9220547960956,780.5968693344919,986.208160570032,572.5115456917451,765.2092477821999,302.4326523039371,5064.1997889401855,6134.4351457431185
2022-12-29,297.1912197437204,754.4899881128314,802.7067275907802,1013.4569469372125,588.6844999048377,787.2807987299922,314.5696999195712,5268.773813515039,6630.262564568648
2022-12-30,296.4361333863377,754.6833868803474,804.6886298603498,1008.4529698019695,587.2203434762608,785.5973729338804,314.7789292418359,5272.742469894916,6704.2829319729635
2023-01-03,295.25022614515024,741.981437738122,774.5894334238506,1007.443702060438,593.1437425360909,802.6186464933371,326.28822865190756,5164.863760943817,5883.527950323454
2023-01-04,297.4761089123337,739.9709673147325,782.578627713381,963.3749451627478,586.2220154941259,796.2590458583331,333.1676767202159,5321.450554583609,6185.052008523379
2023-01-05,294.01184229648493,724.65928348868,774.2796847523063,934.8225240283888,573.7095801728157,777.3673309044258,332.0428984365329,5146.823130046103,6005.443678595254
2023-01-06,300.72730240644074,741.4008823317613,802.7686485469528,945.8398116155956,581.2968421601586,805.0502773883354,340.099371880322,5361.138496029309,6153.484413403885
2023-01-09,300.49645434186436,752.4132234891326,806.0511307139514,955.0488633524528,585.8226536243905,817.0212735594567,338.66070945406307,5638.595209125188,6518.6876300310405
2023-01-10,302.5933886637333,760.068635841269,809.6431217346933,962.32357814956,588.4848956621739,840.4956912294697,347.8681248866131,5739.980034882451,6468.615150681913
2023-01-11,306.4815396003296,781.1852209802004,826.7365671604655,991.4225029131778,609.1171947627917,889.3148966111808,347.60660831337174,5773.173404310851,6706.460050454606
2023-01-12,307.52845168938296,787.8972476157869,826.2411035839632,1002.9441948579871,606.5214193017149,890.9983224072924,357.5987341023615,5957.18157117403,6724.964934684239
2023-01-13,308.7575993535425,793.0103386155281,834.6019195376505,1005.9719325073919,613.1105066913309,917.6525760711901,358.30493326397846,6097.171852305487,6661.830159688142
2023-01-17,308.1306697685167,800.2993496200677,841.9099353457204,1010.6815426169877,607.5863672449643,898.2932150922873,354.06741702084554,6386.896511270605,7156.569226894296
2023-01-18,303.33535586924654,789.5457413960253,837.3889860917068,991.5907032742348,606.4549527250082,892.7752916789565,347.94663608143594,6269.636715582102,7009.072460273907
2023-01-19,301.0183741638661,786.9611539794428,837.7605118287432,975.2750715261379,619.3001299549395,876.1281206689429,356.1339280506142,6048.824711111207,6921.445413791488
2023-01-20,306.71316048850747,815.2757477620465,853.8629341743903,1010.1349078373498,652.378244415753,909.5160061645222,364.5565528083665,6436.325794124658,7261.612390744081
2023-01-23,310.35732535930174,837.2850113409346,873.9290651320566,1020.0588602900915,664.1586782149786,912.0411091823071,374.7580283971578,6924.850414989229,7823.840469909618
2023-01-24,310.13650515218876,835.0710754246684,882.7235675967539,1017.7881882034169,650.2485019136623,900.8183181100721,374.4179604699146,6950.826636588042,7831.460176973926
2023-01-25,310.0801455773473,830.5960528069736,878.5740481526565,1011.7748121762635,633.7427546638127,908.8613445411878,370.128156975805,6971.754471029322,7860.850238368885
2023-01-26,313.4934623835652,864.6350413732778,891.5799430540641,1042.8501075760985,649.0505185607276,927.9401464461998,385.29953175401334,7144.576833683037,8722.97005592673
2023-01-27,314.27557871764435,892.8140030095291,903.7804338531844,1043.5230401707054,661.3633496393741,956.1842110778914,396.9134056660385,7347.708117515435,9682.512499784269
2023-01-30,310.1998201394438,864.7724190368968,885.6341882817948,1020.60542949454,645.1902931700096,940.3787886423165,384.67168315050367,6913.665988426689,9070.756739943628
2023-01-31,314.7419117884062,883.4196072619844,893.6234784984457,1042.0511394672803,657.8358150291411,964.5077965828982,389.667766124588,7048.965381777714,9427.795866075345
2023-02-01,318.03168991452003,905.6074627127007,900.683906408945,1062.824113570982,668.4181632191604,983.3995828895711,400.5231536240195,7556.252176117091,9873.550805551746
2023-02-02,322.70655642809226,977.0863420488073,934.0654890853223,1112.653978741835,717.070368036939,1055.9738363679517,493.77445380253715,7832.623992259346,10246.918112674342
2023-02-03,319.365055668746,961.7625659700659,956.8565258230711,1086.3721641189613,697.3698792136136,966.9394274778964,487.9151894363689,7612.896195918613,10339.987332496532
2023-02-06,317.40400635524895,958.8550451314413,939.7014951860474,1079.7281514944257,684.8574438923032,955.6230929301094,486.68583665073254,7608.929261597392,10600.146970031012
2023-02-07,321.489792790913,984.3371425894336,957.7856759105837,1125.1006743096736,716.4048330915612,954.9684313067751,501.2293628254311,8000.036335437653,10711.721904568618
2023-02-08,317.92745297509754,967.7473846569469,940.8780413168898,1121.6107627247015,661.3633496393741,935.7026138034244,479.8063685028347,8011.581705494605,10955.553361112217
2023-02-09,315.12021836602094,958.6606836020578,934.3752377568667,1108.5328403827755,632.3450136838064,918.7748123667543,465.39364077393566,8059.208337346986,11283.747224522998
2023-02-10,315.81198973614863,942.9709180086995,936.6701022565117,1106.3463012642242,629.4166496985166,912.8828577567457,455.5322732715665,7672.427763675432,10716.076141531907
2023-02-13,319.42759783239944,958.5428975515088,954.2858708524786,1140.9119017001678,629.6828739022949,930.93289548898,469.343376340802,7861.127507142507,10593.616029828974
2023-02-14,319.3380256920494,974.0446891177312,950.2541499121457,1144.4860118284528,630.1487023487371,932.4292343339876,469.4741747866017,8287.954899283786,11388.790388372785
2023-02-15,320.2236061419496,979.9120272195848,963.46571255954,1135.338272893774,645.1902931700096,946.0837276539861,463.4056409389899,8213.269904172817,11660.380001746616
2023-02-16,315.8081256181411,950.6326369510851,953.4174426321347,1105.112438498669,635.6727906669678,917.9331351450811,451.05938408068056,7938.339795537823,10996.373398346528
2023-02-17,314.93415637161957,949.5224061484366,946.2223330446926,1087.87088507489,627.9523398855317,909.0483601395267,452.2103059898519,7716.8079705484915,11337.629142161388
2023-02-21,308.622487168772,923.8478217738754,920.9771927875515,1065.148885188991,610.9141442281256,884.5452496495019,450.1176914937739,7452.33971266375,10742.200732825846
2023-02-22,308.1368523573288,926.7002024493485,923.6445422954365,1060.2589433082815,609.9823339508334,895.861584197289,447.60649787562966,7488.060030964768,10932.150271731056
2023-02-23,309.7790459624585,934.3151651662033,926.6838012488392,1074.0016669213169,604.9240740790449,896.14214327118,450.0131169918204,8537.988861509351,10998.006963882823
2023-02-24,306.514733316482,915.8464797188335,909.9986216471898,1050.6051606362628,593.2103113690696,874.444694872831,445.6970493946857,8401.607326498553,10715.532173343663
2023-02-27,307.45665449186754,928.459243838221,917.5038636146575,1054.5677381871214,598.1354847030369,876.8763257678293,443.4736766119869,8479.179180741357,11300.619373702122
2023-02-28,306.52321552674243,930.9299707998571,914.3402831133076,1051.4483264228013,599.4000368889501,881.2719415328305,457.59870398297727,8376.350925418179,11196.12017804058
2023-03-01,305.0748121520291,919.5933689000224,901.314627225112,1038.1692193995018,601.3966417250838,862.0060526767143,453.62278463144366,8189.457277070089,11036.105499204356
2023-03-02,307.38794858875815,916.5210021380435,905.0364076396597,1058.5726117352046,612.31178295186,861.6319501272711,456.52625310944995,8411.70961140132,10390.05981184566
2023-03-03,312.3515683889512,946.7214073192505,936.7942319502182,1076.1936487805965,623.2934930116146,887.5379986922821,484.56703836998713,8619.531783014152,10765.059854018766
2023-03-06,312.5662060072521,946.6916644323273,954.1618370858923,1082.8542519280745,633.1436351670055,876.7827822922773,483.6515697269266,8498.30298653404,10548.441755631375
2023-03-07,307.775529049591,934.2236182403142,940.3299137513266,1071.3879054431998,624.691131735349,874.9123408978265,482.63136594519693,8403.755766878461,10216.439284417114
2023-03-08,308.2109680256487,931.5624662543804,948.2072570185528,1069.4908807862728,627.2868049401538,878.3726646128368,483.83469558288186,8726.00598092497,9905.662368859483
2023-03-09,302.5215914662179,912.2352263204916,934.0650094497207,1063.6735090005227,614.4415254539507,862.7542577756006,475.2549681171258,8457.163694052602,9411.467685084463
2023-03-10,298.1416419787225,901.7141482700613,921.1014184083783,1047.9492343112997,603.1936423185537,848.5387176605855,469.5526859814246,8287.197193474904,9439.769810102938
2023-03-13,297.6915193542361,912.9354896646419,933.3207109230832,1070.4183106913133,606.3883327638937,864.4376835717126,473.188577564894,8287.558136969317,9496.373229654104
2023-03-14,302.59647995813935,948.2421274173302,946.4704965049852,1099.3791996810423,625.4232355137054,887.3509117411778,507.5071661544865,8683.422914465886,9974.239732438242
2023-03-15,300.4840891642403,957.2633570287461,948.95155554519,1118.9815910770528,639.666153723643,899.6960104617425,517.2638386773655,8742.96619222157,9821.300792478083
2023-03-16,305.76119260630236,989.2230436074501,966.6913579077433,1164.3413923055384,667.6861105689399,935.6090703278722,536.0449614135549,9216.777543924603,10021.591540360376
2023-03-17,302.39187019730184,979.1675077397391,961.4189155930673,1177.9574246524678,676.3383204995321,925.4149720756493,511.66617120279653,9283.175992780269,9803.884675110718
2023-03-20,305.08872297685616,978.3567149694259,976.3055576156571,1147.605423592773,673.6761295898847,913.8180784539711,517.4209012261903,9346.32732783315,9973.69576425
2023-03-21,309.04944393456935,1005.9086686210608,987.966650217164,1154.1397289252818,698.3016894909056,940.9399067900987,528.7993218721045,9454.226012664665,10753.630708665198
2023-03-22,303.96149378131463,991.7633948890556,978.972619342181,1147.858412673848,687.9855655046647,923.0768846562032,522.6523571480277,9551.297081487277,10403.666490923762
2023-03-23,304.86867559334473,1005.884065918838,985.7955317027441,1170.495886140487,702.8274498270016,923.1704281317553,534.3447824140546,9812.199989129505,10461.903476011223
2023-03-24,306.58807616120043,1008.6635912491511,993.9831992042366,1182.7634302906226,701.7626041400241,917.7460481939768,538.8699588559172,9663.524332957888,10363.391252363477
2023-03-27,307.09301271332527,998.0804618781418,981.7640026166521,1165.100097248006,681.9289776507414,916.9043709723036,530.5780522256066,9574.03238869447,10439.588323006545
2023-03-28,306.60969637268647,989.6367075624097,977.8561235886647,1160.2523857893318,672.4115262758355,909.42246268897,524.9279770225241,9530.367869399071,10296.990592023469
2023-03-29,310.9749810611094,1010.1610996040799,997.2087486253195,1182.5107035103053,674.8074418535688,937.573055197875,537.1435960717496,9737.501217549285,10552.25202440642
2023-03-30,312.7522868510096,1020.235441602091,1007.0708240121651,1197.4336493838885,671.4797671266793,953.9396671339975,543.656772348558,9881.485297117004,10628.449095049487
2023-03-31,317.2673485232755,1046.3879722414467,1022.8257983279782,1215.3495780564433,690.3815322105339,966.0042067806712,554.3813614021898,10023.66603685959,11291.366931587307
2023-04-03,318.4408717374827,1035.492024357306,1030.703045668084,1210.839316522915,694.5745506380089,957.7741647512166,557.3371171311728,10091.506882045978,10600.691768705037
2023-04-04,316.59487889382933,1035.734073054762,1027.3538461888966,1210.6281644127382,696.970568472014,972.1767204645706,561.6530240915919,9906.74651996162,10481.497127103125
2023-04-05,315.80580714733657,1018.0213056786382,1015.7548184342428,1198.6561020664708,695.3066544163653,945.5225381534386,553.1781120828629,9700.333681153306,10097.244642815202
2023-04-06,316.9361276372841,1034.3987705283218,1021.3371053475832,1229.26122335762,721.596128373035,954.5007852817797,565.2628925271097,9756.628467459279,10072.207987897746
2023-04-10,317.25189205124536,1026.801695726955,1005.023931118572,1219.944693885179,708.4181581063467,955.5295494545571,561.7315754455938,9952.215067905618,10042.273127828761
2023-04-11,317.23877289937593,1017.26390755421,997.3945594573978,1192.2904561213454,701.1635357713529,934.4867626795425,559.3774443762743,9804.261987546288,10166.365974582204
2023-04-12,315.9270273566361,1008.1002310061132,993.0527061370394,1195.0729425620357,696.4380689363213,914.9403861023007,559.7697593953152,9561.04048936602,9826.198997629612
2023-04-13,320.1170695810787,1037.2669081336196,1026.9195841151645,1221.8416529669166,715.0070921115549,957.6806212756644,576.3797965997826,9549.49305283868,10117.926230283587
2023-04-14,319.454627809096,1035.4491791814005,1024.7484656007446,1206.244200694179,724.5912145757113,958.7093854484418,579.3617361134328,9655.947274869084,10068.942517796726
2023-04-17,320.5107949320113,1035.1144398805964,1024.8726912215714,1217.4578203987364,705.2900364939852,960.8603859167836,572.4823482838929,9743.998200448703,10179.972653660307
2023-04-18,320.78490226891586,1031.1793257541647,1032.5641277295988,1215.6447975595536,695.506309787165,956.745400578439,569.9450110402603,9983.971207179262,10031.387950663435
2023-04-19,320.7578722922193,1028.5791595959781,1039.7592373170407,1215.9821163343206,693.3766184132102,975.4500999340075,564.2165451198916,10079.238247353276,9828.920499542388
2023-04-20,318.8485456119547,1005.9956644743266,1033.6805275559946,1206.117509428073,700.7642761578893,970.8673972179021,557.3371171311728,9780.80685982066,8871.01079073536
2023-04-21,319.1365260749741,1009.087861039752,1023.5700009274954,1204.642198814794,701.5629487692244,1000.3273129734758,556.8662909173089,9786.217568119528,8984.76242851172
2023-04-24,319.40829609171794,1002.8836453784427,1025.493051908743,1187.8217692579576,705.2900364939852,993.3130507151375,556.6046940257097,9758.433184931342,8847.062902680173
2023-04-25,314.3581765962248,982.4816704628196,1015.8167873539757,1161.053190003456,691.180153693733,959.270503596224,542.8982056176065,9469.3815064892,8744.740410257382
2023-04-26,313.15066799290736,999.1295850304839,1015.7548184342428,1245.1538951334685,690.2483945445769,981.8097005690115,547.737306361224,9727.398243823056,8368.107633033766
2023-04-27,319.27782084855653,1054.6603658542767,1044.5973216308641,1285.0331843246445,716.0719889266683,1027.07503876016,624.0125184192584,9824.830944963544,8718.615818963443
2023-04-28,321.91288543870274,1059.8177857195997,1052.47456897097,1295.2769469765576,714.4081259991556,986.2052449812472,628.616206055944,10013.562374309899,8942.85362441514
2023-05-01,321.7885927843534,1056.2212164852626,1051.9162731306517,1288.1106279676872,713.4763157218634,954.4073131589929,636.0972185451474,10432.522713684608,8807.87560049637
2023-05-02,318.0602655384196,1048.9709941472308,1045.4034931501142,1287.4783519905677,700.9638804005531,969.1839714217904,625.7912487727606,10179.918062296549,8725.146759165482
2023-05-03,315.8343827712361,1044.9090845556086,1038.642549709284,1283.2204237862197,701.5629487692244,969.3710583728947,620.0104554422363,10032.687557749507,8741.474940156362
2023-05-04,313.5544589000157,1040.9525587507069,1028.3462122487063,1287.4783519905677,696.7708619730782,972.6443664895662,610.8291836351748,9946.081094970996,8773.5865034641
2023-05-05,319.3472995752674,1064.3955302101838,1076.6033094017153,1309.5678791737787,702.6277944562019,988.1693012040154,608.8935112103846,10349.524308203296,9255.807243211526
2023-05-08,319.49168564325595,1067.2664115504354,1076.1689514008626,1301.1366147595324,717.269921151467,989.7591835245751,610.1752315653556,10519.49011995753,9349.965229895983
2023-05-09,318.02859862011405,1061.4774362643668,1065.4384477936733,1294.181054409702,714.4746948321342,997.1475483323566,610.436748138597,10310.188355546992,9206.27873205064
2023-05-10,319.454627809096,1075.1381780403901,1076.5411486277414,1316.5655387952659,743.7591527352083,1030.5354338279358,609.6782617260034,10423.50119279469,9173.078401880635
2023-05-11,318.9126334228112,1085.369787507623,1077.7196133009907,1307.2912397448601,775.838939213887,1049.1465897079522,616.766878877808,10312.715648831341,9365.749442698621
2023-05-12,318.40769687068644,1076.4670057887197,1071.8810091221294,1302.4856275578422,782.0952846948819,1031.19009545127,611.5877102069473,10226.831761865118,9142.599573623409
2023-05-15,319.3495991967159,1080.2182351258618,1068.775464528579,1304.5511148765843,775.4396284722875,1039.981255628507,624.7972287756983,10448.039151003555,9053.884590764505
2023-05-16,317.31288856769584,1087.6596188782883,1068.775464528579,1314.162601551378,795.4063926275273,1060.5564677312916,624.6926542737448,10541.863794846848,9063.137032879322
2023-05-17,321.08600188380467,1105.653330894958,1072.626458774211,1326.583722795313,804.2582579289194,1080.1963877840856,634.2923847253358,10890.095741079871,9462.628931295858
2023-05-18,324.1186747922471,1124.9703850082974,1087.2849861046568,1345.6797425780362,817.502848156722,1104.980128700767,645.6970694742752,11431.388372121808,9627.541815283612
2023-05-19,323.6500421000369,1124.5851948037484,1087.9682749827646,1344.9193326806417,817.036917454008,1087.2106500424238,642.5319639454908,11281.99151778483,9804.42864329896
2023-05-22,323.70021908606634,1138.1060188248803,1082.0054451830765,1356.9176251027072,832.2781636460803,1075.6137564207454,649.5422305391882,11250.235378511185,10279.573644170321
2023-05-23,320.06764656929465,1122.7781262345854,1065.6075673068142,1331.9069855282114,815.7057964351162,1075.4266694696412,645.4092887980087,11074.134904998868,10110.851321893306
2023-05-24,317.72519938377684,1121.2880108725792,1067.3469178526307,1325.9497418632666,804.6575686705189,1091.8868248813158,651.8702983013771,11020.005779659365,9954.646081346342
2023-05-25,320.5077036376053,1146.3395728602825,1074.4899390137339,1376.943238771724,821.8289531220181,1075.5202129451932,660.9730187544369,13705.541100427772,10040.09642459001
2023-05-26,324.6900364753891,1179.1830293770183,1089.6452729003665,1406.3899087652387,829.3496974045186,1123.3107255068924,685.4302800008394,14054.13261250828,10513.608690410862
2023-05-30,324.69542739124347,1189.1387762044974,1101.260512338356,1399.2921814045812,823.0935053079314,1137.806896048564,686.685816571143,14474.538103507564,10948.478452721936
2023-05-31,322.7119850426589,1187.2180671882932,1100.9499003227288,1387.3784809769654,817.7691234886364,1127.7063412718933,692.4405465945367,13652.854371418995,11099.239858957562
2023-06-01,325.8921353134959,1209.453618898318,1118.5899384801392,1405.0799787798687,823.4262472165524,1148.1879385463606,713.0785896056198,14351.485302498437,11294.632401688325
2023-06-02,330.6287900164762,1220.943395393034,1123.9314483214523,1416.9942038090005,829.7490081461181,1162.029447464698,713.0785896056198,14191.62177564697,11645.684555806243
2023-06-05,329.9663482444935,1224.5942720333267,1115.4221371854946,1419.275564651563,838.6674422804888,1171.8494431674778,709.8875412472416,14135.326989340996,11843.797769964003
2023-06-06,330.74305481336216,1227.3863614514646,1113.1241070908789,1409.7276859105805,847.319703339217,1184.1009984124903,709.1813019264458,13948.764665078426,12045.176454222781
2023-06-07,329.48225908025324,1201.605409618473,1104.4903784798537,1366.2119901610986,815.3064856935167,1133.7853828330062,689.5106935359685,13524.704276786488,12222.608080912154
2023-06-08,331.52130702943384,1220.219289373971,1121.5714493071034,1374.1547194136003,812.9105189876476,1162.029447464698,692.0742145642685,13898.238086448422,12782.658626353157
2023-06-09,331.901913228497,1231.0165900770915,1123.9938968767867,1380.6185969925905,813.5094851000468,1154.3605235830255,693.0422114133793,13992.070996173263,13301.88913455985
2023-06-12,334.9956203521022,1254.3862043551946,1141.5714864788627,1401.9961087682552,822.8937476808596,1183.7268958630468,708.9981760704906,14249.03107831546,13597.426635988868
2023-06-13,337.3179741239809,1266.6744822694718,1138.5900715790185,1412.3046597073903,824.1584021230447,1184.5686444374855,709.7043350729285,14804.816555010893,14080.735312112778
2023-06-14,337.5943810823338,1271.7298130119145,1142.5652914454772,1425.1903155937146,823.0935053079314,1182.324029140826,715.0143423487677,15517.591787071751,13976.236946937019
2023-06-15,341.70565184749137,1292.6140834395214,1155.3606263177612,1470.64900420796,832.5443367217227,1188.7771732513822,737.1958632431368,15393.443756757062,13927.79637215262
2023-06-16,340.45103870319446,1286.8329193432207,1148.5903779462592,1446.2719521143736,822.1617461587751,1173.6263410863762,735.0248580297726,15407.51642009836,14180.337133108575
2023-06-20,338.8389663691673,1300.2542816086082,1149.1493452764196,1428.189593610878,819.2997976220561,1176.3385310552655,743.7352233046125,15810.279764573057,14937.41295633085
2023-06-21,337.06166057926714,1274.1725080571978,1142.6275481465711,1409.220527395019,802.3281707976283,1167.4538274024765,736.6988532446056,15534.915697156612,14121.555349347087
2023-06-22,338.3124284549126,1298.292302018533,1161.5097465851295,1435.2029912778441,819.6325906588129,1217.2082534814128,745.1738857308715,15527.698204915294,14401.85260616171
2023-06-23,335.72135826198377,1287.281655467508,1159.5222325790203,1415.3887920197617,814.2415377502674,1209.539400952506,755.2445227146842,15233.202754648079,13965.895737959934
2023-06-26,334.21503081586985,1248.1968801380654,1150.7642783471686,1388.265713290845,787.6193218849768,1190.8347015969373,728.4069466142951,14664.065123953245,13119.560133204728
2023-06-27,338.0437497325747,1276.2197161643066,1168.0936085618312,1413.4875049755176,787.5527530519981,1208.1364628775195,750.8500644002634,15113.02234747807,13618.109053943035
2023-06-28,337.9240563211221,1283.5159165180878,1175.4852728188287,1418.8954908532446,799.8655330025088,1206.827139630851,746.24629644522,14839.10067639235,13946.30125638225
2023-06-29,339.4357746830905,1278.3349267149247,1177.5970124457644,1415.5156144362468,792.6775817567653,1196.1655380591637,736.411152886697,14732.634744363082,14014.879450446795
2023-06-30,343.6003137286835,1301.1622887811852,1204.8023274797206,1438.709558960948,796.6708936853046,1219.1723097041813,750.6670188626659,15266.766366687636,14247.280931151041
2023-07-03,344.0025589885888,1313.80923776529,1195.4234369979752,1427.936342229045,798.0019635760602,1217.8629864575128,748.1557850853428,15306.825583979688,15229.684157173067
2023-07-05,343.3254524175336,1325.1543908814836,1188.4047373848193,1428.6122912823687,810.3147435265707,1219.3593966552855,769.9973183708264,15272.181896750742,15374.459421880678
2023-07-06,340.6054526286464,1316.9307353835807,1191.3860563575429,1441.7936912733194,799.3996534279306,1200.4676103486127,763.7717621335688,15194.948254828088,15051.16459410721
2023-07-07,339.62958376286304,1309.8145996818214,1184.3674526715074,1424.6831570781533,795.2066861285916,1213.7479297664026,759.9529454900389,15339.307743182933,14936.323358982801
2023-07-10,340.44640176158543,1295.8986414624624,1171.51005295237,1401.9115167738055,775.0402666025519,1188.964188849721,769.2910790500307,15222.738148603974,14673.986187723784
2023-07-11,342.74176325547984,1302.5812124941763,1168.2180260368987,1404.6154441374797,779.6325957716265,1204.3955800886183,780.2511615289524,15303.94079131824,14683.784258998412
2023-07-12,345.2819024881339,1326.2185709384967,1178.7151389603264,1424.5988273844614,791.5460649805374,1223.2873663952914,809.1550880223944,15844.204320107025,14803.522038302783
2023-07-13,348.2064931885024,1352.175201811378,1183.4977773985993,1447.6662117934354,828.8838178299404,1256.0205902675364,819.8012060403822,16593.07252396218,15125.184131025742
2023-07-14,347.84978797301756,1354.4617639736628,1184.4294215912403,1458.5661197914446,834.7406991849281,1259.5743861053331,807.9256549184,16409.73527115159,15314.58970174271
2023-07-17,349.19088196325845,1367.415014873104,1204.9268408819082,1460.6361973734513,829.615921608297,1249.099800131985,812.5031587704184,16767.747132906872,15804.430148554442
2023-07-18,351.67616956956175,1383.6874359482842,1203.3116200297986,1518.7693897638442,823.6924202921948,1242.272624824751,816.2437453333778,17140.559055579983,15965.532763767153
2023-07-19,352.5053904446205,1382.9906436379486,1211.8212189471171,1500.13790462351,812.1782618248833,1265.9340580931025,826.6020826750993,16990.060772526278,15852.325924664816
2023-07-20,350.12354810478206,1324.3146952544316,1199.5849473321139,1465.4524327411675,793.3431167021432,1215.4314269152799,791.3156578731116,16428.140634072763,14308.783386339523
2023-07-21,350.2370212287103,1309.3782094557007,1192.193666783598,1452.3554935942875,798.8005850592594,1215.8054581119577,769.7096983312757,15991.090412922758,14152.034177604315
2023-07-24,351.6499312658229,1318.0781438857596,1197.2247564635245,1458.016599703469,808.8505870979939,1204.5826670397228,762.7779027732222,16100.44527055425,14644.052158140585
2023-07-25,352.6397109564333,1325.4797516634744,1202.628427078811,1482.8164806189247,813.3762963059539,1207.6689595580551,770.2588349440678,16485.523761449673,14438.31923691852
2023-07-26,352.58489702879484,1322.4604577176344,1208.0943543951917,1427.0068794931299,860.3646381962199,1198.5035541258444,780.9835043160575,16403.600609393507,14387.702789381148
2023-07-27,350.319656806003,1319.5062642928483,1200.1440105893948,1397.2222349729534,861.2297262561256,1199.4388461758351,815.3544604749846,16565.284007833212,13917.455993661319
2023-07-28,353.78005930384427,1360.0041667633593,1216.3554061437362,1429.5417540182837,882.394524892436,1236.4742136902946,851.3733083824354,16872.046026322743,14501.454427157509
2023-07-31,354.2996606550415,1354.2312866010861,1220.2064963164885,1419.1909726571132,883.326386297864,1250.222036427549,833.3769361618648,16864.46759058701,14555.336344795896
2023-08-01,353.35542100885147,1348.4485915406829,1214.9890202417616,1420.9654372848725,875.5392644271776,1231.610951900298,844.1275483634482,16784.34915600291,14209.183226315292
2023-08-02,348.46514405337683,1314.2663378264795,1196.1687907229361,1383.6182684608912,854.4411880082537,1199.0648149791575,822.1553371097018,15976.656806087047,13830.372915367141
2023-08-03,347.5772639820283,1317.024622393555,1187.4109324182045,1380.06973265651,854.9070164546957,1205.6114312125003,819.225805324565,16065.436506890117,14113.936472768566
2023-08-04,345.73507870831395,1311.8895978784115,1130.3912765315679,1384.8012448793972,852.6441362866478,1305.3075130270083,812.7910197650427,16124.985295233504,13816.766236289035
2023-08-07,348.855024135658,1320.8081219811627,1110.8879499888753,1394.6448677250064,875.4062290174924,1330.0911825909243,828.040825419716,16390.97034238293,13685.597650659529
2023-08-08,347.3834549022557,1309.501904809496,1116.7885230874695,1377.492234258184,874.5409364450428,1308.7678367420185,817.787142898306,16119.21295461676,13590.350897112801
2023-08-09,344.9383164245184,1284.5571648420116,1106.7884085744697,1361.353655521726,862.9603114010246,1289.2214601647768,798.3521082514764,15357.71448375103,13181.606556581452
2023-08-10,345.02479727046244,1289.0579847503084,1105.4219267453743,1364.3110965679914,863.1600178999603,1295.8615485209061,799.738242471685,15297.804751913232,13353.050380771245
2023-08-11,344.65572687735346,1279.1399120038323,1105.7951791705768,1356.199445627348,862.294623071239,1294.458753151451,789.013733736411,14744.54725732561,13206.642381013122
2023-08-14,346.63766127744725,1291.606036308605,1116.1820718327458,1369.0006406696014,874.0751591267365,1314.6598627047927,800.9153883247027,15790.430627674235,13049.349204089674
2023-08-15,342.63368104740596,1273.1140154772784,1103.680465802911,1359.7904741545226,863.7590351404956,1287.5379630158993,789.824708195876,15857.920172894688,12679.248197553881
2023-08-16,340.0449481746378,1253.3444251031024,1098.207248025385,1356.488107611509,856.5709305103445,1263.2219394769788,769.7881693669196,15694.071113488508,12278.667532275078
2023-08-17,337.4222110634034,1232.79709041886,1082.2226241835028,1341.5856211970488,864.6907942896519,1253.0277698719906,745.7231829803793,15642.82540316353,11931.424816446422
2023-08-18,337.37203407737394,1224.4881264010487,1085.2702287963743,1339.8920763531275,848.3179801932158,1245.9200354908655,740.9102660214292,15626.584323561907,11728.413397137134
2023-08-21,339.6928799007619,1257.93313180577,1093.666633711704,1362.7542104189797,854.3745169190032,1259.5743861053331,758.3049734231573,16950.36249872864,12587.810882296419
2023-08-22,338.74939422881727,1258.4552269296782,1102.312065431409,1365.209607814464,859.1001371384426,1255.552944242541,752.2887268265223,16481.55613830499,12691.766109769718
2023-08-23,342.49084062662047,1281.882185086482,1126.5067077938206,1384.4310073595036,880.9968861687016,1267.4304682908758,769.6571701252253,17004.138946455278,12891.512058977985
2023-08-24,337.8816075711078,1251.2964896971323,1097.0253299758042,1354.6677403511026,863.7590351404956,1233.0137472697534,750.0653540438235,17021.1005353988,12520.321455094141
2023-08-25,340.1514847355087,1263.5502500074635,1110.8952404500205,1367.4112292265997,864.4245189577375,1246.2940666875434,746.7955936947278,16607.871207233078,12985.670045662446
2023-08-28,342.2824044464877,1272.17950189771,1120.722398365066,1370.4596886358852,871.945160983966,1245.171830391979,759.246706169243,16902.724845700854,12998.188788364063
2023-08-29,347.2483427174853,1312.0497599971004,1145.1655878962517,1390.4004480096946,895.6390639921027,1261.7255292792058,779.4663708541547,17606.11692455392,13997.462502593646
2023-08-30,348.5794088502628,1314.5808509459573,1167.1210994159298,1392.009138558408,904.3579450119454,1263.2219394769788,771.9068070109494,17779.349137167894,13982.223088465034
2023-08-31,348.0227496649056,1318.8582955550557,1168.489403860311,1387.6485196073097,906.2880321432365,1290.7177276570187,773.9732377223601,17812.190862218624,14046.446215080505
2023-09-01,348.6488875769737,1308.0240262508275,1178.3788184764508,1391.4588315681585,902.8937374552326,1291.746491829796,775.255038395689,17506.869862412896,13335.089464729854
2023-09-05,347.1865922267894,1326.6892678518936,1179.871348541659,1412.1617057942894,903.6256878491813,1283.797080226998,785.116446057237,17520.945281048047,13959.907935460353
2023-09-06,344.766146405588,1309.897409930142,1137.639913452154,1409.3253165478336,894.9071135981541,1265.9340580931025,782.5530053472951,16985.68674353865,13711.178273765228
2023-09-07,343.6590106236856,1303.528584717608,1104.364522097981,1396.7508805108569,900.2313931611772,1289.2214601647768,781.2451012076567,16689.724099296054,13687.775184384065
2023-09-08,344.1492823767379,1305.4038302820072,1108.2207923352312,1415.209902902817,907.6856708669709,1292.7752560025738,779.2047739625554,16448.263922709702,13525.039003635062
2023-09-11,346.4631539383562,1347.8118959352366,1115.5599844574085,1430.7478129034923,911.2796720539105,1338.3212959731443,804.4990328163742,16306.056318852075,14890.060317922933
2023-09-12,344.4897394472351,1324.154591319652,1096.5277560026545,1404.625542716662,900.7638415687338,1320.8323050359265,789.0662619424613,16194.889855513899,14558.058677194458
2023-09-13,344.9174690366339,1338.409056247915,1083.52857599967,1422.7885587032374,909.8820333301761,1354.6879079092666,797.9595924365407,16416.86321634277,14765.967471169492
2023-09-14,347.8250953164816,1354.4434796802957,1093.0448341177273,1433.9655874520563,919.1333627575755,1353.472056785385,815.3804836229363,16451.513791806337,15023.951235951003
2023-09-15,343.59567678707447,1327.01590867988,1088.5044116582867,1398.063564654186,914.4742602429789,1312.9763655559152,785.5349047017664,15844.788442403327,14934.147486229833
2023-09-18,343.8435081215278,1322.5948880026192,1106.9146486648235,1393.1523764120798,919.865415407796,1309.1418679386961,791.3941289087556,15868.609335387606,14438.31923691852
2023-09-19,343.1038970855314,1323.971802933395,1113.7564586680915,1391.4166011461232,918.7337452471604,1287.1639318192217,797.9858565395658,15707.63680276132,14504.719897258528
2023-09-20,339.8805063917224,1296.82931126755,1091.4898554971846,1358.054567738187,890.1150779301439,1265.279325117003,783.8609094869333,15245.286095829335,14291.911237160397
2023-09-21,334.3061486034229,1273.922302703015,1081.7871150572064,1352.804749217524,868.1517600669063,1209.539400952506,773.5546987594729,14804.233810361518,13916.911194987293
2023-09-22,333.5387159177723,1265.4110623259648,1087.1360112867849,1342.1359281872985,866.8870544965854,1207.5753447297375,782.3174316036474,15018.26090372562,13328.01455633957
2023-09-25,334.8805638822586,1274.2418196386573,1095.1595474853934,1344.3799111718483,872.6109515700235,1227.6829821602923,786.8950157740235,15239.151434071255,13442.854960978199
2023-09-26,329.94625483085434,1253.0331484635558,1069.5345358317472,1321.5175148052385,855.7057913223026,1178.2090438024816,782.0034671427136,15126.90214024984,13286.649720431235
2023-09-27,330.02191614637735,1249.9896827400687,1060.0181817865694,1324.2695743580025,868.8172438841482,1178.2090438024816,778.8124991026933,15327.93802310895,13089.625273135744
2023-09-28,331.96679271231113,1264.7989276030569,1061.6355130353265,1327.8682096071589,880.5974731708302,1178.2090438024816,795.0822675840228,15552.07566725737,13409.654630808194
2023-09-29,331.0673014375838,1267.483169509582,1064.8697918243593,1336.8011242210487,870.9469352581032,1188.8707167269345,785.2733078101671,15700.056989378667,13618.653022131279
2023-10-02,331.093577440035,1289.725390550163,1080.6675496358396,1362.4153178396646,892.9769242105913,1210.755252076388,802.5633603915841,16163.129583299473,13693.762156397861
2023-10-03,326.5430035808122,1262.7789168368574,1072.2710487933898,1326.8099571990738,881.3961969103012,1166.4250632296992,787.1828767686478,15706.552594631159,13417.818306060744
2023-10-04,329.19118732282783,1292.8739945970053,1080.1080067429573,1350.3915822440747,900.09825549522,1187.7484090786047,799.3199444638715,15895.682852762371,14214.08143146682
2023-10-05,328.761912086226,1292.0859190066174,1087.88251613719,1352.084995937617,898.9669943596718,1178.0219568513774,797.2534334341027,16129.20089482473,14153.666912654824
2023-10-06,332.6461989048147,1317.7828932766165,1103.929300753046,1385.5316213400029,915.6723969803212,1196.7266562069458,825.0849492131964,16516.84043135417,14179.792334434549
2023-10-09,334.7431520760398,1324.1732901733694,1113.258884694942,1396.370019810265,921.2628496189867,1199.532318298622,832.7490072399971,16340.344573174309,14132.986155672224
2023-10-10,336.486491326186,1330.6494537883134,1109.5270319327594,1390.315856015245,918.8670874256612,1210.942196321961,841.8518883297727,16529.83301950608,14347.97068852332
2023-10-11,337.9310305828918,1346.387041100034,1118.2965933461712,1407.377602269426,935.4395568928971,1232.9202751469666,857.4940491626661,16893.64890775739,14313.68159149105
2023-10-12,335.82016658683966,1337.7800591009134,1123.956677154099,1402.0431917543133,924.9236241514486,1237.5964499858587,847.9205024957423,16943.818675833758,14089.443786039352
2023-10-13,334.13473255873794,1311.0848235061737,1112.3880582965899,1387.5214348900665,914.2080871673364,1213.8414018891895,823.1492767884062,16408.197817183023,13667.63673461814
2023-10-16,337.6746793394658,1329.245505158872,1111.5794885993316,1408.309163411405,925.7888144676264,1239.6539783314138,840.0468938732454,16637.03048205265,13820.031706390057
2023-10-17,337.64150447266945,1328.3093115189342,1101.8145873853798,1405.8535037151623,929.9152640621227,1229.553423554743,847.5018832144974,15858.505672837915,13870.648984413208
2023-10-18,333.11716891718555,1300.4705402884508,1093.666633711704,1397.5977185080071,918.2015013521475,1198.3166098802708,829.1131558157067,15229.76552556961,13208.275116063633
2023-10-19,330.2913865416728,1275.7596159953152,1091.3033731752637,1402.720583461806,916.8036581158693,1200.8416415452905,818.2317853275027,15195.478648894303,11979.86456074504
2023-10-20,326.13457573209485,1251.4825072903323,1075.2567804136484,1383.0337312217248,902.4943244573611,1170.6335920435959,807.3502542025828,14937.774637412476,11537.919890043682
2023-10-23,325.58485310979506,1262.9385553003663,1076.0029974826925,1394.253252693337,908.4843946064417,1183.6333523874946,821.3706267532618,15510.93086418823,11542.81809519521
2023-10-24,327.95048500335804,1272.0881204323116,1078.739510444335,1399.3758553463779,923.8587273363354,1202.3380517430633,817.5514888363005,15759.248967168414,11784.47284850006
2023-10-25,323.2477968401316,1242.0327531899777,1064.1856396021687,1442.3059646536612,836.0052513708413,1135.2817216780136,783.4946577750228,15079.257598987431,11561.322979424844
2023-10-26,319.4229608907904,1202.8468214984443,1038.0007013471586,1388.198957747938,813.8422270086678,1118.260448118557,754.2506633543376,14554.828743957325,11198.840849467573
2023-10-27,317.88964116669223,1223.1618714724402,1046.2728806416615,1396.3276582378503,813.1100721021754,1194.6691278613907,776.1705070387495,14617.630156691195,11282.658457660731
2023-10-30,321.70750285426374,1235.83601416096,1059.1475472424581,1428.080607645936,828.3514205505197,1241.1503885291868,791.6819899033801,14856.2055406161,10741.656764637604
2023-10-31,323.79054520066177,1238.6798218011081,1062.1328951542355,1431.4674350330204,825.8222650505575,1244.7041843669836,788.0458172056581,14718.690202185831,10931.061504868789
2023-11-01,327.1922885022132,1271.2353952461638,1082.0359500073414,1465.1682298698922,841.5959596501864,1281.2719058564478,815.7206318685373,15276.327236348783,11193.398676127803
2023-11-02,333.36266293147827,1291.194701528248,1104.426970653316,1474.6940753472043,848.5177378202874,1291.2789885103316,813.1571108402375,15702.584971486476,11892.781482450862
2023-11-03,336.49418186348885,1302.9082497000418,1098.7047260714146,1493.6611743073786,859.2332748043997,1296.235722423115,822.9139439998322,16243.617227259543,11971.70088549249
2023-11-06,337.0840536143546,1312.2098021114773,1114.7514147601503,1509.452860291403,866.8870544965854,1306.897395347568,826.0527854255914,16512.86867526871,11934.146318359199
2023-11-07,338.0414124124141,1327.7516842091688,1130.8604560771,1526.3879152794782,871.6790901645956,1334.6738853070296,833.952336877682,16586.501148128795,12092.52743165913
2023-11-08,338.38111550866586,1332.9239646084702,1137.515400049966,1537.69202874554,877.4693515584687,1328.7818593442555,836.4634903366474,16809.914149994536,12088.717993369868
2023-11-09,335.6456969464609,1316.7127239134825,1134.5300521381885,1527.0651758365918,866.8205879198787,1314.9404217786835,838.4774731603658,16945.624770952745,11428.521658744827
2023-11-10,340.887288201566,1347.7467190478028,1160.873653850224,1565.084228052148,882.4609914691428,1342.6232969098276,859.9789385186062,17445.509468362823,11682.69432426551
2023-11-13,340.60236133424036,1351.3360043840462,1150.9094160802272,1552.4254623214797,879.1333678703891,1333.5515063059343,861.0776133359798,17548.372853682595,12175.801071664046
2023-11-14,347.0993574066,1382.502004261649,1167.350844869119,1567.6244797428403,889.3163541906729,1363.5726115620557,879.7017538417024,17922.29653742437,12921.446919046972
2023-11-15,347.6536792717966,1382.683447145013,1170.9007238840363,1568.2608213817084,895.9718059007237,1339.2564453176042,870.2849886093509,17645.101577244288,13216.983589990206
2023-11-16,348.0675357350806,1385.3883225202264,1181.4882001548144,1595.83597546701,911.3462408868891,1335.7961216025938,874.1563334589312,17858.777370642452,12713.53646410037
2023-11-17,348.5137753922033,1381.4373150954334,1181.3634948983859,1569.0245100385778,900.56423732607,1357.7740577220682,876.3797865599878,17793.085654659433,12752.179798095929
2023-11-20,351.089389113102,1399.0060991160326,1192.3245113757273,1601.2237641863728,906.8204805507933,1366.658904080388,889.2753808269839,18194.077345188274,12822.934695399226
2023-11-21,350.37986164949587,1394.7471933549027,1187.2799918989547,1582.6848712136066,911.6125162188034,1345.8030615509467,881.4543004105373,18026.24550852123,13127.723808457278
2023-11-22,351.8027995440718,1400.4354268392308,1191.4526297790517,1602.963080512562,921.7289337061086,1372.0832840181668,893.2513001785177,17583.023429146167,12747.2815929444
2023-11-24,352.0127813714075,1394.297049907319,1183.1073540188577,1601.1812714635792,909.7488956642189,1372.3638430920578,884.724060759633,17243.751698514883,12814.770189660894
2023-11-27,351.32489296864355,1393.616174532558,1181.986349690686,1606.1871502793174,907.8853773659066,1381.6225779415245,875.4904213832367,17411.943101029414,12849.059286693166
2023-11-28,351.6692330065044,1411.9281161658855,1185.7853514370993,1623.5383454199336,913.1431903522231,1375.0759617081817,886.7119401170419,17259.99277811651,13428.159515037827
2023-11-29,351.33646647331,1395.974637460247,1179.3705130464182,1607.2055329721888,898.4345459521151,1368.435873352052,868.9511416401189,17375.12961989322,13287.738487293504
2023-11-30,352.6659492601722,1384.0703078877136,1182.9827446895497,1607.4599647074328,882.0616807275431,1366.2847301781794,855.7415025938312,16880.6576972524,13066.766151942824
2023-12-01,354.73741810190376,1378.00580270112,1191.0168328713944,1588.793724716666,877.6024892244259,1375.0759617081817,849.6467046431942,16878.851602133414,12998.732756552306
2023-12-04,352.8188175384211,1357.8617806907976,1179.7443410343426,1566.012510434652,860.3646381962199,1354.594293080949,837.0911783034413,16425.882670762297,12821.845928536959
2023-12-05,352.6181095943034,1370.747872813408,1204.593494138763,1580.3514436705843,871.8122278305527,1373.6731663387263,832.5660420207577,16808.50481719002,12992.745784538507
2023-12-06,351.24071174414786,1361.8512440428694,1197.742954767545,1564.5701185665,865.3563803631657,1351.6016153909343,830.3686923860104,16424.801217925986,13028.122817947266
2023-12-07,354.03946414296405,1387.326141242137,1209.8873282012723,1573.6909716734854,911.3462408868891,1373.6731663387263,854.2767367012627,16819.333122022384,13206.09841282488
2023-12-08,355.48943201423657,1398.2979645799585,1218.8553628266461,1587.6058957341372,898.4345459521151,1378.7233723742963,870.3897237480201,17147.806856053656,13271.410306302621
2023-12-11,356.8845482591583,1378.2600045625445,1203.0987577497872,1575.1758562644306,887.1198894711957,1364.4142887837288,850.8500342808791,16830.522370349165,13048.261267713193
2023-12-12,358.52598789004264,1390.2390931850066,1212.6273904663672,1588.2422373730055,881.9952141508364,1379.2844905220784,874.2348044945752,17202.314834297595,12899.675734230535
2023-12-13,363.42011011416866,1397.7195037943177,1232.8680128559129,1588.199744650212,882.3280583157293,1392.0036917920863,875.5949958851902,17357.888368623877,13023.768580983977
2023-12-14,364.3821058538372,1397.9415117716571,1233.8022470808028,1552.3945108320377,878.1350398882543,1378.7233723742963,871.4883985653936,17452.45831945372,13663.827296328876
2023-12-15,364.3543219028953,1409.512334814956,1230.4391381691673,1572.7577055765798,882.5276625583932,1402.5718925937524,876.065902417412,17647.376072317853,13797.172585197137
2023-12-18,366.0042437440401,1425.6382160791147,1219.9763671548178,1580.902931014245,903.8254966043887,1440.9165833548802,901.4386323068746,18075.838042535925,13719.8867476918
2023-12-19,368.15137390129456,1437.629145127035,1226.5156230205664,1583.4907902925113,909.4826203323048,1438.2977941560123,916.4529445362584,17905.102126150483,13999.64003631818
2023-12-20,362.7453408632741,1421.105260470642,1213.3746627337348,1572.2909413777477,920.7305034677019,1422.6793873187762,913.6279069347172,17366.187313701506,13451.018636230749
2023-12-21,366.4821503194683,1439.7313661199946,1212.4406203630854,1584.6787504254191,934.5742643204476,1438.7654401810075,926.2096973774952,17683.47455469985,13851.599301509552
2023-12-22,367.090532138058,1437.6186683869414,1205.7144984669349,1589.0907803250825,941.6954933488047,1434.837470441002,924.3787600913741,17625.719462653124,13744.922572123474
2023-12-26,368.6439452757953,1442.865355096224,1202.2891328542053,1589.4299352051553,941.8953021040122,1434.7439983182153,928.1453698022852,17787.78997987882,13966.438875662394
2023-12-27,369.1712748630076,1448.8273111434078,1202.9119876465054,1586.9270613724757,934.241317899283,1434.0892653421156,935.9926340033994,17837.604315048477,14229.320845595435
2023-12-28,369.30793269498105,1442.9677660488503,1205.589985064747,1592.060287206215,933.3095587501267,1434.4634392443243,937.2742740400124,17875.504759608684,13779.755637343987
2023-12-29,368.2640930509775,1432.1961062670762,1199.0507291989984,1595.2843569729705,929.7155575631871,1420.9960328754298,925.8697097686099,17875.504759608684,13523.950236772795
2024-01-02,366.1795050573765,1408.8548530080604,1156.140801587402,1573.3515544926545,919.5991400758818,1402.1977186915437,905.8068265182704,17386.762470529924,13520.684766671775
2024-01-03,363.2440948265869,1394.8070609606511,1147.4840504674978,1572.2060870825403,924.5908822428277,1388.543368077076,901.0461968102969,17170.549051495473,12978.050338598137
2024-01-04,361.998755565508,1386.4047626799995,1132.9107064199045,1560.921646173327,907.7521374436776,1352.0692614159295,907.9779923683506,17325.400698832927,12949.748213579662
2024-01-05,362.6596516902878,1390.754209876343,1128.3643364790034,1560.1154647936644,903.3596170298106,1358.3353185753813,920.6119094253895,17722.095508601953,12925.801156010257
2024-01-08,367.7784582395342,1420.2317272640794,1155.64255612441,1589.5574133735354,924.058433835271,1394.43539403985,938.1637998534792,18861.29103813768,13086.903771222967
2024-01-09,367.2349182060465,1419.4779874529224,1153.0267194801422,1594.2238750084427,938.1016966744088,1415.665125060438,934.9462464370024,19181.46307179747,12788.101630178711
2024-01-10,369.3156609309961,1443.0821774326841,1159.5659753458908,1623.835269877971,946.953408591393,1437.7366760082302,969.0556860226881,19618.225364740094,12732.586147004029
2024-01-11,369.06782959654277,1438.7445270238668,1155.8292303005715,1631.7260635803923,945.6223387006371,1451.2975544999113,966.9631518449679,19788.597582337276,12366.838546945739
2024-01-12,369.344990529141,1439.194641379496,1157.8845647807534,1648.0166456061017,949.4160463865127,1446.060261513237,979.5708851173396,19748.167778022336,11913.46390040503
2024-01-16,367.9668387047401,1433.0875382986098,1143.6226960928702,1655.6527452725206,948.3512518276711,1432.4059108987692,961.182157718549,20351.696986558796,11968.979383579714
2024-01-17,365.90000680461753,1425.481977737781,1137.7061031651813,1652.2588357649706,941.5625601953913,1418.8450324070882,963.5625528908937,20232.941066309482,11731.678867238154
2024-01-18,369.12185185122354,1443.7087017635583,1174.7620782586637,1670.9249446053586,954.9400324484715,1435.5856755398884,983.8606886114493,20613.393418829957,11531.932918029885
2024-01-19,373.667034794592,1464.994739355005,1193.009814723362,1691.288401650659,974.2413127864694,1452.7939646976843,1003.0080229003702,21473.924038916375,11548.805067209008
2024-01-22,374.48698178643264,1459.6008437197488,1207.5206142885004,1682.1249246705013,971.6456395816645,1447.5566717110098,998.6398286889745,21532.76058379941,11364.298532129354
2024-01-23,375.58099841646555,1469.0173457161754,1215.5544146889843,1692.2640293199788,978.6340377128801,1459.1536366854536,1007.5856873891041,21611.811342016455,11382.803416358985
2024-01-24,375.88594330000575,1479.5821907938175,1211.3195201077933,1707.791053839198,989.6823166056133,1467.1030482882516,1021.9723116516939,22149.28100284086,11311.504550867448
2024-01-25,377.8632407584905,1463.8542583744777,1209.2644734089722,1717.5907413078448,1010.7802396401295,1475.3331616704718,1028.459304143835,22241.327104503667,9939.951465891754
2024-01-26,377.61695507124017,1463.8682225126101,1198.3656177056043,1713.6028517338407,1012.9101355266281,1488.1458350632663,1030.9704576028003,22029.803195602726,9973.69576425
2024-01-29,380.4705213976948,1487.1608958442014,1194.0682745690788,1738.1658750648373,1021.6954831231774,1508.1598576655035,1048.966749505013,22547.42234188138,10391.692546896169
2024-01-30,380.24199180392293,1478.531629407978,1171.087493987318,1733.3721975623077,1008.0515310256393,1487.023598767702,1046.4556763644057,22658.958014595522,10427.614378978951
2024-01-31,374.1179113933237,1435.6697074464792,1148.4179969110269,1686.6641704377867,932.4443684339491,1451.4846414510157,1020.5073851224096,22208.840812359645,10193.579332738413
2024-02-01,378.7920239326505,1456.0423013063626,1163.7386132259876,1712.9666412453516,939.499335398143,1489.642245261039,1032.6444528176332,22750.28085162258,10279.02967598208
2024-02-02,382.83920688695156,1553.2636092730374,1157.4485760188554,1744.5296849046572,947.6191991774506,1606.8271753072338,1242.4534326710784,23881.173303139905,10227.32446158244
2024-02-05,381.61935195536626,1531.2821430566194,1168.8454853309747,1720.899796520187,956.271306851771,1592.7986507905575,1201.7001388403214,25026.14392858623,9854.501122648087
2024-02-06,382.5010494379028,1530.3043261028631,1178.9347161387607,1720.2208310081464,959.0666865555116,1581.9498909150002,1189.4322325401192,24625.835550932305,10074.385521622282
2024-02-07,385.65341575779786,1559.3824473210468,1179.6196357779143,1756.5351905975672,968.6506556352601,1594.8561791361124,1228.328405300088,25302.993099388077,10209.363545541051
2024-02-08,385.8734631413093,1559.9417183262383,1172.8313531077897,1756.789884633569,971.1132934303796,1588.4030350255562,1229.4008963327944,25137.672713065742,10317.128211303612
2024-02-09,388.0892803523171,1578.4565727053084,1177.6328891887679,1784.1103446828686,991.678870313611,1631.5173727483632,1224.4570604505077,26037.19625172408,10535.379875227296
2024-02-12,387.7210016321658,1564.1400437287361,1167.032079048264,1761.6685475816855,981.8951947349268,1611.783909220017,1226.5234911619184,26078.70199828763,10239.298405610034
2024-02-13,382.4192055335678,1535.591214256691,1153.8745233696152,1723.7420875336973,965.9884135974766,1577.1802439533215,1203.5572599111097,26035.391534252016,10015.60456834658
2024-02-14,386.0826909943996,1560.0610971612932,1148.3244679687054,1740.4029070793008,971.3126931604999,1599.064707950009,1237.9805836393714,26675.01095928892,10270.86600072953
2024-02-15,388.330175123713,1573.0916672026542,1146.5162417504923,1727.9499162932705,950.2146678697118,1588.0290038288786,1266.0997997763736,26226.694341584327,10909.835118726378
2024-02-16,386.4648428406658,1556.1958164532534,1136.8507210332023,1717.3243748881123,935.2397481376895,1585.3167425072238,1238.0853187780406,26210.44912904193,10882.62176057017
2024-02-20,384.1439970172779,1542.1407150522905,1132.1739861357732,1711.9266187399464,939.2330600662289,1562.5906012888627,1233.9784805031704,25069.45714791569,10545.720253718599
2024-02-21,384.6296318287212,1541.0997685573939,1136.913169588537,1709.3339068976575,948.7505625692708,1576.712597928326,1225.5467396117992,24354.753210159502,10600.691768705037
2024-02-22,392.75411900842585,1589.3619463826888,1149.6965135707799,1749.5830401575902,959.000117722533,1632.7332238722452,1272.9422010021121,28349.149545188164,10744.378266550382
2024-02-23,392.8907768403993,1579.7336076834945,1138.1604140070624,1744.01544426863,958.1350296626273,1636.5677214894638,1267.4432046301927,28449.852780129164,10448.29679693312
2024-02-26,391.4029971607215,1574.6831716623867,1129.6795932258426,1732.1148588789135,915.6060326598864,1634.1360192417003,1261.4467966679526,28549.120506974064,10852.686900501185
2024-02-27,392.0708675472709,1581.1006968066574,1138.8461969902985,1731.8597713917743,924.3246069109134,1623.0067002922522,1275.3511895098602,28407.98333477735,10870.647816542576
2024-02-28,391.42075325419995,1575.7929860864372,1131.3008574865332,1732.8801213403306,907.6856708669709,1619.452904454455,1267.4169405271675,28033.307455814396,10996.373398346528
2024-02-29,393.4675294393956,1593.1649339432784,1127.1228476876977,1758.041059249151,921.5292272071729,1653.1212776711598,1283.4162770975315,28556.33662156846,10987.665754905738
2024-03-01,396.6183501120877,1609.314474239388,1120.3258356496235,1765.946148342882,912.7438796106235,1666.7757709911587,1315.2835494047756,29699.49701895502,11029.02976032829
2024-03-04,396.1450804782685,1585.3552715030696,1091.8905430788013,1763.4813081201103,887.5193024690672,1660.790272905598,1304.521451678016,30767.222981303286,10239.842373798278
2024-03-05,392.1071337084732,1551.21932490735,1060.83615234162,1711.3315894704606,882.9935421329714,1628.4310802300308,1283.6518508411793,31031.097473363254,9837.085005280722
2024-03-06,394.1229969496087,1552.1324559004033,1054.6004098845942,1708.9514723925174,874.5409364450428,1622.726141218361,1299.0224553060966,32018.729798772063,9608.492132379954
2024-03-07,398.18409072873686,1585.7056913673184,1053.852082418903,1738.9152683303967,894.3745629343255,1653.6825385244729,1341.180758171163,33451.449537492714,9723.33253701858
2024-03-08,395.5845383255476,1570.1901520343747,1064.6399504440496,1726.5047702671598,901.229721143312,1639.9345730816876,1324.841273355198,31595.665449207074,9543.180238902212
2024-03-11,395.1405982898733,1548.8433558960749,1077.2364283958905,1719.2794335877434,916.2713119645846,1608.2301133822202,1266.2910377864741,30962.512698837236,9675.437591393988
2024-03-12,399.5668794947468,1584.4543373119166,1080.2296423315352,1765.0113084414286,921.7952980265434,1640.3086042783652,1308.6063630411863,33178.55696866015,9662.918848692369
2024-03-13,398.79790116189315,1572.0109010951144,1067.134535208221,1764.2461771303904,930.3810413804291,1651.2508362767094,1297.660898503398,32808.55131277374,9224.23964809203
2024-03-14,397.65291587287317,1575.5351804591562,1078.7953400283668,1807.2581242741644,952.4111325891889,1671.7325049039416,1287.86752049097,31745.831719351794,8844.341400767395
2024-03-15,395.0749648318138,1554.5204835267948,1076.4256523748647,1769.8565280429018,939.6322685515565,1631.236813674472,1267.6265714412216,31707.20525486199,8902.578385854855
2024-03-18,397.5710719685382,1585.1771851039498,1083.285017041153,1773.681659996577,982.8934204607897,1631.7979318222542,1301.3530530965588,31930.29313205338,9459.363461194838
2024-03-19,399.8170104506485,1589.8355415820472,1098.0015802793987,1791.0649869800461,978.5673666236296,1645.078251240044,1299.415292394464,32270.695910810275,9324.385437276069
2024-03-20,403.3770506450155,1613.5167561476899,1114.1522539665716,1807.300616996958,989.9484896812558,1666.121038015059,1323.715129659431,32622.287937893954,9560.59718675536
2024-03-21,404.6825947495872,1609.8679850375997,1068.6309982853627,1824.896145293636,982.3611765657768,1666.121038015059,1329.5806990166925,33006.00669127417,9406.025511744692
2024-03-22,404.1151537325212,1616.3706041486148,1074.3055670884603,1822.2184480057604,1003.4593041128368,1672.854741199506,1334.3463084628543,34036.23861490517,9297.716047308104
2024-03-25,402.88059630315115,1605.7864274672459,1065.388373836861,1797.2274809881133,998.8004061107837,1680.7108233850481,1317.1688622191782,34293.61061347802,9395.684302767608
2024-03-26,401.75261313336426,1598.5078459283739,1058.2795027305954,1792.0848123270864,1002.793615783051,1667.523976090045,1298.4988599311089,33412.47039539005,9669.994587568432
2024-03-27,405.21998989297526,1601.284047502892,1080.7285592843693,1791.149710124875,1004.1246856738068,1681.8330596806125,1293.1832303702186,32578.244565694116,9787.556494119835
2024-03-28,405.67241213891,1587.8619797576096,1069.316781268599,1788.1323333554103,1004.5240986716783,1686.9768805445,1271.5018518903378,32616.51008668951,9567.672095145641
2024-04-01,404.85555644147524,1599.9360936127637,1060.2749786876918,1804.4954415407024,1034.8734533898657,1692.4947326050653,1286.6106988269403,32619.03669115039,9536.649298700173
2024-04-02,401.92478315229465,1591.3655020121564,1052.854344440355,1791.1924651484262,1028.683881254393,1689.8760861117282,1302.374220698583,32290.186859508536,9069.124004893118
2024-04-03,402.3633322721146,1603.2687224539266,1057.9052910341898,1786.984505238474,1031.0797457039903,1705.9621389739598,1326.9098726622713,32114.02990247228,9164.370758439843
2024-04-04,397.40044759681075,1597.2595319822112,1052.7296391839266,1776.0616459241412,1001.8618566338947,1683.422942001172,1337.85533720006,31009.79629660523,9312.955461436717
2024-04-05,401.8112723296541,1623.536730737589,1057.46882263669,1808.533037108344,1014.9732580676044,1730.8394233661932,1380.8513605377636,31768.937613581875,8974.965187722877
2024-04-08,401.66074137156585,1623.126599636847,1050.422400085759,1804.5804269862888,1030.613968385684,1731.9616596617575,1359.667554284919,31453.078992445007,9414.733155185482
2024-04-09,402.2413392392136,1627.7817559999555,1058.0300922177385,1811.7631397925334,1042.2611622626807,1736.4507475495454,1353.5142042513912,30810.89438883331,9626.997847095368
2024-04-10,398.43735067775685,1622.4824528545696,1046.2443902869234,1798.927583350984,1039.1997117395697,1739.0693940428825,1361.1862137956218,31419.14754867641,9348.332494845474
2024-04-11,401.40363615389447,1649.0752120397854,1091.5162354552751,1818.7758817076042,1060.9633231038715,1768.061735126226,1369.906056636691,32710.36366111823,9502.905000341927
2024-04-12,395.56293696341777,1624.0648588055499,1100.9326334410694,1793.1475238480568,1049.782008801453,1740.7528911917598,1340.4214284158118,31833.188310881098,9309.689991335697
2024-04-15,390.8077344940013,1585.2442784238829,1076.8622166994846,1758.041059249151,1030.6805372186627,1717.2784021689815,1309.8632650235738,31044.4523826565,8788.825917592712
2024-04-16,390.0040356471484,1579.0148473110603,1056.2216741452849,1762.0360309436205,1027.6188821830078,1714.4728114300708,1308.6326271442115,31554.876079044647,8550.98143306291
2024-04-17,387.74957725606527,1564.0901292079013,1047.616244034757,1750.390664191422,1034.7404179801804,1695.3939381722937,1293.9950080132621,30334.768590295873,8460.632884667715
2024-04-18,386.8933641030223,1557.1735388581578,1041.629816163468,1718.2168532171518,1038.3343169108482,1676.1281206689428,1313.9742798530535,30564.353450386683,8160.197178087165
2024-04-19,383.50473995334033,1513.717562823437,1028.9089207365596,1696.3285107153138,1025.5556573857596,1633.2008698972406,1259.6924027768869,27506.51180336673,8003.448799837744
2024-04-22,386.8532149744563,1519.8195275378696,1034.1470211421574,1704.1487455138374,1040.131266376182,1657.516893436161,1261.4205325649277,28704.232529580397,7731.315218275669
2024-04-23,391.4817497706505,1550.0347368873938,1040.7568793684686,1732.2427304984305,1053.3093388991422,1679.1207983589577,1299.048719409122,29752.87532672027,7874.456917446989
2024-04-24,391.5651393221885,1563.0079157756281,1053.9767876753315,1738.5753265480498,1059.099804805559,1651.5313953506002,1292.2406141221961,28761.630811073486,8824.203781487251
2024-04-25,389.7731687332158,1509.6933382223008,1059.4019459655722,1695.9885689329672,1038.2677480778696,1624.2225514161341,1155.7631785106628,29828.318027640118,9262.338183413563
2024-04-26,393.75241860800895,1541.6439772031729,1055.7227571924504,1726.9298286454723,1144.4240741429549,1679.8690034578442,1160.7646829739037,31670.39452901965,9159.471722802531
2024-04-29,395.0039404578999,1552.0220446603053,1081.9132592204398,1709.6314871075897,1105.8218202357748,1692.4012604822788,1132.8248980483945,31678.327020015167,10561.504466521237
2024-04-30,388.7903256056628,1514.0900489351307,1062.1456534612394,1654.719216874857,1083.3925205416872,1636.6611936122506,1126.409629849836,31189.207255678895,9975.32849930051
2024-05-01,387.4546602299885,1525.4569373777872,1055.7227571924504,1678.5628803770837,1090.5805229155667,1674.070592323388,1150.0286887134534,29975.954938030107,9796.264968046411
2024-05-02,390.9915157163104,1544.809574587904,1078.98249384013,1690.8882618443545,1108.9497373355928,1727.5660438967564,1156.5486920506812,30978.03326909696,9797.352904422896
2024-05-03,395.90109441246653,1578.6257787853347,1143.5230278148479,1728.374843521204,1113.076391442633,1741.501096290646,1183.4670684190928,32050.85928036245,9861.576861524152
2024-05-06,399.9892181682912,1606.3298724492206,1133.1092755589868,1757.6160008708384,1118.8001862597991,1764.7883556567895,1219.3933092599134,33260.493897185566,10055.879806906865
2024-05-07,400.52657561296695,1600.3535777049913,1137.4118946871304,1739.7652539366427,1139.7650738846303,1765.3494738045715,1226.096759726528,32687.985164464673,9677.61429463274
2024-05-08,400.5242382928063,1600.3658181448227,1139.5321718277755,1744.865429874876,1127.3193607807063,1758.2417394234465,1237.5135323883276,32636.728432964293,9509.435940543966
2024-05-09,402.5632862419869,1604.2200002722427,1150.9436620621848,1752.4308394870181,1131.1795350432883,1772.270263940123,1244.8977612562915,32035.696898303286,9359.762470684826
2024-05-10,403.2272736611726,1600.614037973115,1143.0133670245368,1762.7161768090718,1122.4605517671737,1753.37847763345,1246.9401767786976,32443.96531989123,9169.268963591374
2024-05-13,403.12997328480753,1598.2960346810667,1163.1824277823166,1758.38073873074,1125.7219133017643,1744.8679478828699,1225.4945326791806,32632.03616753693,9355.408233721537
2024-05-14,405.0802407665958,1613.6246800256827,1170.3632442288294,1770.4515573123879,1133.7085371588428,1749.5441227217618,1235.5495075832075,32977.49215521561,9663.463647366392
2024-05-15,409.8261316540819,1632.60067824761,1184.6627163478818,1801.405932062792,1148.15111073958,1739.4435679450912,1260.9230406562492,34159.33136767513,9469.704670171921
2024-05-16,408.9730097954449,1622.7420767290032,1185.411907157656,1792.5069853970613,1159.2657539527481,1717.3720169972992,1239.1631911407244,34061.50465951402,9515.966880746006
2024-05-17,409.4493707236701,1624.2880086421014,1185.5992528236598,1789.1858643498515,1171.778444914738,1727.3789569456521,1235.7066906095693,33382.864762966696,9658.565442214864
2024-05-20,409.8245860068789,1626.8375184346148,1192.9051582350826,1811.0288288205581,1177.5022397319044,1716.5301970700948,1227.667867124923,34213.47840242466,9521.953852759802
2024-05-21,410.8499155831585,1639.7714304573406,1201.0852474940689,1826.7828746458122,1183.692016379921,1712.8827864039802,1216.6438512331326,34432.2294470954,10156.025596090903
2024-05-22,409.7381051609348,1634.7708362271812,1192.0310703146392,1833.0843880556104,1173.908238544965,1712.6958421584068,1224.8921449951172,34274.844307062434,9802.79590824845
2024-05-23,406.7139144627529,1623.4402472706804,1166.9290533210299,1818.0967850451846,1155.0730422940887,1693.2429377039518,1219.6551471065864,37469.13912673329,9456.097991093819
2024-05-24,409.5613358991077,1650.0232170132265,1186.2862828594605,1831.5513712755753,1164.6569091175654,1690.4372042595103,1252.229542236563,38432.9491815109,9755.4449308121
2024-05-28,409.66323551836956,1659.1736912687477,1186.3487314147949,1832.2328286448164,1174.0412739546503,1703.530436726196,1256.6811872217909,41115.73196372268,9619.922108219305
2024-05-29,406.6452274089995,1652.8474639505064,1188.2219962205913,1827.3363292451575,1170.7135480996246,1702.3147283078451,1242.1220391264858,41449.274060791904,9589.443279962077
2024-05-30,404.2155077045801,1625.3615744909166,1194.466180264206,1765.597681785901,1145.4890732143404,1677.0634127189335,1222.9806483960474,39888.0419062974,9730.952244082886
2024-05-31,407.4604997605189,1622.61719224157,1200.4607619407232,1767.5562815457645,1148.0845419066013,1650.128599981145,1222.404605133367,39575.08185429124,9692.30974057311
2024-06-03,407.91525932661426,1638.745560867834,1211.575549591953,1760.7011823862417,1152.5438356659906,1667.8980072867225,1250.3179653191355,41512.44743819559,9594.88545330185
2024-06-04,408.528278086813,1642.4432864642617,1213.573807435539,1771.5584665110787,1156.670285260487,1677.250356964507,1249.0087760857712,42031.17283495521,9512.157442456743
2024-06-05,413.3683780562581,1677.8425293626822,1223.06493264807,1805.3658866060707,1167.4523910775779,1695.3939381722937,1296.3254451670086,44198.12603424421,9524.675354672578
2024-06-06,413.2857801776778,1681.9997114686096,1214.385542727768,1807.5373434310382,1176.2375341615837,1730.1846903900937,1292.9214728419036,43677.59592001253,9684.690033508803
2024-06-07,412.8248757214827,1679.530277280699,1229.4341097294741,1804.6846915375872,1161.1294767636043,1723.638074156751,1290.826529113447,43637.889380333334,9659.653378591347
2024-06-10,413.8903167276161,1689.584245819365,1205.8931147649885,1821.8009963494292,1166.1268430255022,1749.4505078934442,1316.0691432631522,43963.490720525486,9458.818662520813
2024-06-11,415.012117308591,1709.9058342101216,1293.5002840941622,1842.281177232032,1176.8547530185092,1751.0403902140038,1328.821449579699,43649.41477450987,9288.463605193287
2024-06-12,418.54124455889774,1735.9184925507652,1330.4664714030162,1877.961949340543,1184.6504644160318,1747.8606255728846,1332.408708397475,45198.13789492321,9649.312169614264
2024-06-13,419.52257973796003,1736.7523843329054,1337.7721849601983,1880.1760300386827,1167.1263980828994,1719.2424583917496,1319.9969519183187,46790.17974525371,9931.242991965179
2024-06-14,419.357346282087,1735.85654123378,1326.844934829213,1884.3913343698584,1177.9873434855917,1717.65257607119,1321.4647699084862,47609.67026343731,9688.499471798064
2024-06-17,422.5714630926779,1756.5769948659208,1352.945744999694,1909.0866884332581,1180.985906401511,1721.3934588600914,1327.9389114633673,47284.76050200163,10201.743838476743
2024-06-18,423.6369040988113,1744.3220526949408,1338.0844277368712,1900.4432227058028,1166.660007226962,1709.703021762861,1309.2240915316038,48945.392637445846,10061.32281073242
2024-06-20,422.56682615106894,1738.0236736500894,1309.2983296870036,1897.7184424318689,1174.722402981486,1740.4723321178685,1315.0168924566303,47212.56078194379,9882.259279478321
2024-06-21,421.9067216992468,1736.5916876495537,1295.6234390484174,1915.0902281819867,1196.9109914116234,1768.3422942001173,1296.8786780160522,45692.715896377274,9960.63305336014
2024-06-24,420.61350507358696,1726.9289986251515,1299.6823073638034,1906.106427221048,1194.179010596434,1735.5155982050856,1307.7039059721017,42638.59389605546,9937.229963978978
2024-06-25,422.26802615762847,1759.450530847015,1305.4894474471964,1920.0719753279905,1226.2290916281383,1742.7168047089972,1338.3448775913087,45519.42995553322,10196.845633325214
2024-06-26,422.9320135768142,1782.6258726898452,1331.5904494719182,1925.2240868163049,1225.2295365707414,1810.7084268240374,1344.949938069526,45631.347236445654,10687.774016513431
2024-06-27,423.3157487689957,1794.392957330802,1336.898097039755,1928.1619864561005,1235.4241801060168,1850.3624408318342,1361.8298851156328,44761.319118456646,10744.922234738624
2024-06-28,421.5870743179219,1763.496421681223,1315.1680142528517,1903.0406559617354,1213.7020847880885,1807.3415752318142,1321.6219529348477,44598.86423773881,10769.958889656078
2024-07-01,422.7150574877088,1795.6805745074164,1353.44523751525,1944.6822127954244,1219.299184084425,1844.2833279179556,1322.827692123269,44873.230888781385,11421.99071854279
2024-07-02,425.33391163157955,1829.6469077357472,1375.4252104506122,1955.5396280706404,1234.2914873826626,1870.4699355568578,1335.4616091803082,44284.78553642934,12586.722115434151
2024-07-03,427.49649826086414,1850.7243341948754,1383.4177621893543,1961.88389650399,1238.1561609212063,1847.9307385840702,1336.6672680503714,46310.036728282284,13410.198598996436
2024-07-05,429.82582629451247,1899.4907555935342,1413.3278383081238,1990.7945548985651,1270.0063309414313,1870.4699355568578,1415.1696278539246,45425.57087051679,13689.407919434576
2024-07-08,430.2628297671294,1891.0385391555533,1422.5694570806775,1985.174367707629,1259.5449007928823,1863.8297044951976,1387.412085282434,46281.1502275539,13766.693756939909
2024-07-09,430.58168547549667,1898.1523947753833,1427.9394572767285,1956.6466684197098,1259.2117498591738,1864.297350520193,1389.1946709171143,47429.165452705005,14277.759759408269
2024-07-10,434.97709143502226,1919.7785827711602,1454.7898419654653,1985.2168604304225,1273.870902223703,1868.5058793340897,1401.4875562266154,48703.51641148807,14328.377867917206
2024-07-11,431.1653746375504,1844.686320869296,1421.0083391244336,1936.0390093687272,1236.4903039963924,1824.1758331929318,1343.8491749748478,45992.3541026164,13118.47136634246
2024-07-12,433.5441256829829,1840.891457236985,1439.5537374435146,1931.1422476683101,1233.1587946593083,1818.9385402062576,1307.5990101967168,46656.6086099704,13510.34355769469
2024-07-15,434.76940922913485,1845.4988227919325,1463.656673478891,1932.8878592126912,1242.8869450823745,1802.3848413190308,1300.4957349446,46367.798708563634,13750.365575949027
2024-07-16,437.5473142400665,1835.2223662586791,1466.2793209487024,1913.983187832917,1225.4959141589275,1805.1905747634723,1283.799315346238,45616.90398608146,13963.7182042354
2024-07-17,431.4533551005698,1774.2775654401446,1429.1882365291792,1888.436143208345,1206.1727509787524,1757.5870064473468,1210.9320112128444,42595.2696555506,13525.039003635062
2024-07-18,428.08094139716326,1776.519791463859,1399.840197408421,1875.0239185503688,1183.9842648048866,1718.4942532928635,1247.260887981693,43714.39562467947,13564.770274007105
2024-07-19,425.02432980643033,1761.264086922019,1400.6519327006501,1861.1433558890126,1183.7843537934073,1712.6958421584068,1249.7246536095122,42573.61029059202,13018.87037583245
2024-07-22,429.6112075255677,1796.840950748288,1398.4666169724214,1885.966712722308,1210.5038153732335,1707.2714622206283,1277.5348047054108,44598.86423773881,13688.86312076055
2024-07-23,428.94182919052764,1798.8615397170818,1405.023043792709,1894.098954272453,1211.3033571628791,1743.3715376850969,1280.9160469352373,44255.904546288664,13409.654630808194
2024-07-24,419.0122145712686,1700.719336842012,1364.6225696489348,1826.1867961732942,1150.268531360912,1691.185409358397,1209.0447707578528,41245.10127588402,11755.62675529334
2024-07-25,416.8573938767112,1678.5244011368832,1358.066046901527,1781.4793369299139,1114.6203588913938,1682.020146631717,1188.4427906894557,40533.91584837488,11987.484267809346
2024-07-26,421.480537757051,1699.7011766204323,1361.0009371480112,1810.730592858731,1112.7545909551004,1706.8038161956326,1220.6565563925733,40815.501369305704,11962.992411565916
2024-07-29,421.8233321477088,1714.744684446569,1362.7494007702587,1816.9472519733215,1129.6126621896315,1713.3504324289756,1220.6825795405248,40284.820752528874,12632.441188305773
2024-07-30,419.7310159180928,1692.056800119389,1366.2460402333932,1800.7249992950665,1134.676597284508,1699.4155227406168,1214.0774387439494,37447.30342296828,12116.475319714318
2024-07-31,426.3599951821046,1729.7786501116484,1386.7272478407256,1781.26647986481,1143.00547288349,1748.702302794558,1244.5872504847464,42245.091094212214,12630.808453255264
2024-08-01,420.52163331178855,1721.3805447089308,1363.498591580033,1775.986627907358,1137.8082978663847,1721.487073688409,1304.6371904317143,39425.626449959935,11802.97773272969
2024-08-02,412.79166315597405,1675.6351700463672,1372.865107463256,1739.2843254968795,1110.489205508392,1570.25945381777,1279.474412729737,38725.272082577016,11302.796076940875
2024-08-05,400.4207930263414,1612.7661691770954,1306.7382266996472,1682.4845390096964,1061.1147646424909,1505.9153850743749,1246.946361292254,36263.19935896366,10824.385605968493
2024-08-06,404.5667843054983,1637.7342445285371,1293.999872536839,1701.4745892861943,1054.718123556509,1514.425914824955,1295.0700692334206,37635.02985888267,10920.176327703462
2024-08-07,401.4376026936484,1622.0268873939765,1310.1726094616874,1696.4504805677761,1059.0491879509902,1522.2819970104974,1281.5189968478057,35707.24994228413,10436.866821093769
2024-08-08,410.68777342169153,1667.3580289902216,1331.9650448768052,1714.5888402831013,1079.6384882892921,1550.6196051177415,1335.8023196544143,37894.95325956106,10822.208072243959
2024-08-09,412.6063739851742,1684.5428501231,1350.2608408287888,1728.7672454551475,1090.5661047812348,1561.2812780421941,1357.1383291954319,37815.53466961498,10885.343262482947
2024-08-12,412.62413007865274,1685.2557048287824,1359.887990697947,1732.1308592251505,1081.3710163033566,1559.9719547955256,1352.3679006477978,39357.033409552365,10748.73250351367
2024-08-13,419.57584801839545,1729.238252511901,1383.268691444362,1762.7875226152432,1093.831249797884,1592.050445691671,1385.3678224377968,41927.405713252476,11311.504550867448
2024-08-14,421.1801921164076,1722.6504012473583,1386.0819461022681,1774.9223425818395,1068.5776318751205,1590.83473727332,1380.7021290288315,42627.760080635395,10960.452396749532
2024-08-15,427.97519650925,1764.9250693799856,1404.8362736894273,1795.9085016265926,1074.7743619496232,1660.8837450283847,1408.407625304419,44353.37857683691,11654.93699792106
2024-08-16,428.826772720684,1758.9498146731273,1413.1508527711158,1784.9889210717347,1085.8353206200666,1655.9270111156013,1382.4320258207458,44974.3115989799,11762.701663683622
2024-08-19,432.99594870788604,1779.5381544671568,1412.150620687439,1798.0411379393781,1110.5557743413706,1666.7757709911587,1387.3073501437648,46930.96975042527,12121.918323539872
2024-08-20,432.13664426043704,1777.7466791855747,1416.0264600572361,1811.9896364970523,1113.954057023977,1672.9483560278236,1380.623417038114,45938.20155727917,12033.747308869211
2024-08-21,433.9687639779757,1788.192981821852,1415.3388544587135,1809.174362461614,1105.0919149672634,1684.4517061739496,1402.7194791997038,46389.46082881607,12151.853183608859
2024-08-22,430.092205395402,1752.9320420748516,1403.6485040855061,1772.5334384285038,1091.432522172675,1647.2293944139167,1394.2532817328042,44671.06395779664,11465.532257689876
2024-08-23,435.03111368970303,1769.7303111360636,1418.0895646341648,1777.8227332132435,1103.5594002209502,1655.7399241644969,1383.9524523353216,46703.53126424398,11991.294536584392
2024-08-26,433.6591444541142,1749.891278266633,1420.2149259121875,1763.7466253368107,1107.157593915036,1641.3373684511428,1365.9190533517703,45653.00109081653,11604.32055038369
2024-08-27,434.35091582424184,1743.3790515376636,1425.5287128157254,1765.2396412512535,1097.2959990571972,1619.0787305522463,1360.6243065639273,46317.26110875823,11386.61368513403
2024-08-28,431.75524638841625,1726.843119175637,1415.9015629465669,1751.4192766138547,1085.1024499196712,1597.381353506663,1354.543403689203,45346.14952527686,11198.296881279332
2024-08-29,431.7382442691831,1726.8296423277416,1436.5314575904104,1762.1684928264021,1077.9727336207502,1609.7263808744622,1358.3175633257542,42450.86746014107,11227.14297448605
2024-08-30,436.09580072159105,1749.577005155779,1431.592745727361,1779.315880278065,1088.633870268235,1669.3944174844958,1366.4168665338802,43093.462602536485,11653.30426287055
2024-09-03,426.87190599599904,1705.2873046176562,1392.645951165062,1746.4713662656309,1048.5214957382782,1648.351630709481,1341.385329028671,38988.80491819952,11462.266787588856
2024-09-04,426.1878251631741,1706.9331819402419,1380.6429743067004,1744.1679721593976,1042.4578010734608,1621.0427867750145,1343.953910113517,38342.600340859986,11941.766025423505
2024-09-05,424.901582799284,1728.1185686423057,1390.207963401885,1741.9925808230605,1047.7218516923606,1663.6894784728258,1354.752873966541,38703.60996232458,12527.397193970206
2024-09-06,417.5676753145628,1669.66697741145,1380.4556286406967,1713.456225610128,1005.6102647913377,1602.8992055672284,1311.2685150129569,37122.3991721203,11469.341695979138
2024-09-09,422.40313834239896,1688.5121127493057,1381.0181452743093,1730.6036130617908,992.1996615061762,1640.402076401152,1323.1161153463984,38436.467691757956,11770.866169421954
2024-09-10,424.29240930773665,1710.676836459746,1376.0169848559256,1766.7751498884893,991.8659992911084,1679.2144131872753,1323.1161153463984,39024.90477822845,12309.690328720546
2024-09-11,428.817498837466,1745.516379246647,1391.958249639419,1804.4823265028028,1008.5461446126092,1725.6956025023057,1341.5686958396998,42205.38179923917,12416.367058106624
2024-09-12,432.0316156480569,1771.8913269689515,1392.645951165062,1821.373708414674,1032.0984226842245,1748.889389745662,1377.6614366363956,43014.10738434896,12507.803542878306
2024-09-13,434.36791794347494,1776.6641021038713,1390.9580175557423,1836.6866955153785,1050.579914490749,1744.1197427839832,1375.0930161882654,42999.666889278626,12533.928134172245
2024-09-16,434.9137575984111,1773.7073704060601,1352.3237535514768,1839.8861090108835,1054.5831452776583,1729.155926217316,1399.1253933215085,42162.057558734305,12342.890658890552
2024-09-17,435.02881406825463,1783.644680207411,1355.2619053200522,1856.1376082236534,1062.9899401557952,1747.767153450098,1407.1013275319383,41732.42183333593,12402.215580354496
2024-09-18,433.76877230939107,1782.0658452938383,1379.6428381501437,1837.6252076274436,1066.2591754233185,1743.55848193067,1411.377637541925,40930.91787340824,12365.749780083472
2024-09-19,441.1328010652148,1843.092976343445,1430.7800511639289,1871.2376071088752,1081.8050941773872,1775.7305876551331,1466.8671814471018,42555.59066880991,13275.764543265908
2024-09-20,440.2765502134596,1837.1981027067116,1426.591489381857,1856.6492258521005,1091.4795600577288,1791.9102553456823,1472.770259477491,41880.44999545269,12967.165161432811
2024-09-23,441.513407264278,1848.7717913075226,1415.776473981657,1849.1421781586093,1079.870201001319,1813.2336011945881,1480.7985612572554,41974.32010164452,13606.679078103683
2024-09-24,442.6221263920956,1853.4500612284362,1421.4028873703492,1830.6299087127786,1082.8057740537747,1813.9818062934744,1477.965250864853,43638.70770260693,13839.081389293717
2024-09-25,441.7982964328913,1863.0311909585587,1415.1512210113488,1843.1702456512173,1077.468303431682,1800.6078720473668,1491.0306381403973,44591.84650430165,13988.754028667072
2024-09-26,443.5825764845611,1860.6246317571872,1422.3406708986913,1839.7578439402296,1085.7414493625024,1787.795198654572,1489.7977513470141,44783.19615162942,13836.359887380937
2024-09-27,443.0266712734493,1858.8609465650866,1424.0284126537704,1825.724359936969,1093.8814576273658,1757.9611803495552,1488.5383594955324,43830.057349934694,14175.982065659502
2024-09-30,444.903577061163,1872.1779778088542,1456.5987396735204,1835.4498162911068,1106.558372161957,1742.6233325862104,1501.866387801328,43844.495089711185,14239.66205457252
2024-10-01,440.7552484618454,1852.7436067527308,1414.1511807819127,1794.4583718860802,1114.1646026877295,1731.4005415139754,1512.4394964320074,42241.48716985579,14043.180744979487
2024-10-02,440.8162449782959,1838.1958185573062,1417.714489593676,1779.2731252545138,1106.6251455074794,1727.9400750934342,1502.8372761113226,42909.40621803092,13553.341128653537
2024-10-03,440.0750505963842,1839.2236373077606,1410.7753135632734,1776.7564806320402,1106.6251455074794,1701.753610160063,1528.9683719358422,44353.560426231044,13098.33374706232
2024-10-04,444.02263355287175,1868.7851577139497,1417.8394826314654,1774.709092065599,1114.631504825026,1744.3066870295568,1563.5216507671457,45100.90908552766,13611.03331506697
2024-10-07,439.7662227454804,1831.7016579320455,1385.894408582024,1746.897867298112,1087.409658181569,1690.9048502845058,1534.241914677206,46111.82088867913,13107.586189177135
2024-10-08,444.02727049448083,1859.7525422388635,1411.4005665335817,1768.9504100744475,1096.7504618468429,1708.861344541188,1555.5193721353328,47978.383686507834,13307.332138385402
2024-10-09,447.18581940318796,1860.0928308299779,1434.96851701888,1780.6806311218538,1079.9368720905693,1731.7745727106533,1549.2751017206904,47891.7352054981,13119.560133204728
2024-10-10,446.2600898247217,1853.2427374151011,1431.84273180294,1773.7704488031543,1081.404760873069,1745.6160102762256,1531.7493147589098,48671.582555761066,12995.467286451287
2024-10-11,448.9607878729275,1841.2701035700313,1422.5282084189357,1775.8180996703536,1089.1443335773424,1765.9107346578846,1547.8060789551546,48667.97312081695,11854.138978941088
2024-10-14,452.421228069481,1852.764698419702,1445.971261793565,1787.8468189803452,1100.6202481989794,1753.9395957812321,1549.0388051118216,49848.57245104375,11928.159346345401
2024-10-15,448.97854396640594,1845.7022191914173,1461.9125265770583,1786.1404213992828,1103.956359068297,1755.342533856218,1538.1510091549876,47512.650856374385,11950.474499350079
2024-10-16,451.0793801049947,1836.808954178111,1448.971862117475,1774.964835304633,1101.9545902904347,1747.8606255728846,1513.279144545234,49000.11828390397,12046.265221085048
2024-10-17,451.0021731422687,1837.0878441993743,1451.2850486971029,1777.524234950658,1087.0759959665013,1753.8461236584453,1513.6465207141548,49436.98114507214,12022.31733302986
2024-10-18,452.79335205828374,1843.4102822905497,1469.1017846101604,1783.666662950739,1090.3453334902968,1767.5006169784442,1512.4394964320074,49823.2898746718,12011.976124052775
2024-10-21,451.9680141505886,1848.5262624850166,1478.3538594388299,1786.3111791927302,1094.6822264922737,1768.2488220773305,1509.002513261816,51884.822775947796,11911.287197166279
2024-10-22,451.7533953816438,1863.3711740841513,1474.4779241419124,1823.54923090139,1101.8212481119338,1774.1407053345736,1526.9745490199505,51841.49853544293,11863.391421055903
2024-10-23,447.60118381496267,1823.4181020999454,1442.595490502046,1811.1365032817105,1086.0753160901138,1727.4725717739698,1478.9094734800328,50386.510511822744,11628.267607953096
2024-10-24,448.5616339074282,1874.2352153672573,1441.4076249710047,1811.6910070840877,1085.674778273252,1743.0909786112056,1489.640327365579,50693.39514088862,14177.071663007555
2024-10-25,448.4273133956154,1896.6479916272515,1446.6588673920876,1826.2789948897255,1102.6885858098203,1756.6518571028869,1503.9914509139878,51101.365990740705,14651.127897016648
2024-10-28,449.6162930818528,1896.294349829048,1459.0992719191522,1819.624818110818,1112.363051690162,1761.889150089561,1516.8733910601452,50733.115457037056,14287.557830682894
2024-10-29,450.34203099173436,1918.971121029631,1460.7873014555921,1842.488001379702,1132.1123167551632,1784.7089061362396,1556.5427886513774,50996.66482442267,14124.820819448109
2024-10-30,448.8557969592596,1917.3788456331056,1438.469377275309,1844.9618909786245,1164.004616359393,1802.4783134418176,1552.6595566848316,50307.08090070126,14017.60012187379
2024-10-31,440.5004805643347,1842.7949147242043,1412.2757096523487,1733.290884327333,1141.653338200732,1743.2779228567792,1489.115527215223,47931.45001105884,13598.515402851135
2024-11-01,442.30323298501605,1856.2044292911448,1393.5211902109493,1750.4382717789958,1142.8542358574143,1851.1105032251894,1488.013719981892,48884.59432334127,13551.163594929003
2024-11-04,441.0594393711403,1838.157118984909,1387.8946808951366,1742.2910790856458,1129.1767437027072,1831.0030085001656,1471.0124118970364,49119.268211173905,13216.983589990206
2024-11-05,446.46931767781206,1869.4243515909836,1396.8969615024682,1755.0875527142555,1132.5125478032094,1865.7937607179658,1501.8400433799452,50512.873798393215,13685.053682471285
2024-11-06,457.76317329664494,1931.0723122213826,1392.3333246799077,1792.282849399364,1177.682313026644,1936.7780605230212,1500.8431319219992,52570.79175413738,15703.740391182162
2024-11-07,461.1649165981964,1977.176208857507,1422.0904929688718,1814.6767766122152,1205.9718174045543,1964.4610783596963,1552.3973975647273,53751.39659495189,16159.83653963565
2024-11-08,462.8974363179215,1989.8654066324507,1420.400736744266,1802.3494278892592,1189.958996513189,1946.9720874224788,1546.2056553561351,53300.09048341954,17482.949880312724
2024-11-11,463.3460132952049,2002.922719452933,1403.315253269481,1783.0267802516382,1203.3029287091003,1934.439973103575,1530.0176509631224,52444.42846756691,19049.350709345155
2024-11-12,462.0057109779216,1994.8017149162804,1403.315253269481,1804.4395714792518,1211.776496932759,1953.7994054352434,1534.346810452591,53538.37380619629,17878.631509954215
2024-11-13,462.1130015130378,1995.2092931980203,1408.8852615114195,1813.6959029277357,1193.4951206502578,2002.338123095829,1521.7008456418707,52809.07507691413,17973.87826350094
2024-11-14,459.3173404086277,1973.7191537271933,1428.2862338167201,1820.90458350902,1171.4775047066646,1977.8348699002731,1514.2498722185126,52985.986984465424,16936.50518346404
2024-11-15,453.2527485659881,1930.6309727265123,1408.1343440134792,1770.187551599477,1150.8607996875048,1894.8795739240961,1453.6965771227415,51260.219702395974,17455.736522156516
2024-11-18,455.0285087086853,1951.7538990023884,1427.0346726777798,1773.4294578177758,1169.6092826198467,1886.3689014679849,1454.5363858726835,50599.516768815236,18436.505352156466
2024-11-19,456.83205280232437,1979.187844777321,1428.6616925656901,1782.0883992899517,1188.4242321288953,1913.5842732796646,1472.0883566191312,53076.244900419275,18831.6438440955
2024-11-20,456.8420806597878,1973.3725085440333,1433.1677731160528,1772.2775640390907,1174.146188889575,1897.4047482946467,1483.7109049138069,52671.883485511295,18615.569713896348
2024-11-21,459.2818282216707,1955.161003246924,1430.1638153429315,1764.6270378309825,1118.4346200879122,1855.3191747446174,1477.3355549391122,52953.49655938062,18485.490725614894
2024-11-22,460.8745988150163,1960.4972240824982,1438.612596465961,1782.278960790627,1099.2858038512525,1843.5351228190693,1466.9723984959182,51249.39139756361,19188.682970227215
2024-11-25,462.26666146424435,1958.616341951926,1457.387644311111,1789.929486998735,1118.5680645226848,1884.030814048539,1482.6352814651434,49108.43439575384,18428.341676903918
2024-11-26,464.911753911854,1985.4482297296709,1471.093615336684,1829.250731327301,1128.3759748377993,1943.9794097324636,1504.7523870364967,49433.37171012802,18408.7488562978
2024-11-27,463.1445136781295,1967.9472663278655,1470.279865574928,1807.880432822481,1129.1098681009132,1924.1524740813309,1493.3658140772582,48862.92669250113,18118.110390506095
2024-11-29,465.74172876115813,1991.7899121487096,1485.3000381490167,1809.8892631774984,1127.2416460140953,1944.259968806355,1506.7988987951544,49913.55330121335,18785.92560170966
2024-12-02,466.88207710856904,2035.487991428301,1499.4440124060145,1842.0301554066416,1144.1886802051413,1970.6336633963613,1555.3621087906133,50050.75040320389,19435.23592868359
2024-12-03,467.09285060886253,2056.994000560276,1518.5945190001348,1842.970372473634,1143.187898072482,1996.1655380591637,1609.9858207978964,50639.24259555138,19126.637377336276
2024-12-04,469.91942465733285,2081.5881061103482,1520.8475592753161,1869.5550788967894,1163.4040652747797,2040.308639954748,1610.32701318215,52401.10973764974,19480.954171069432
2024-12-05,469.0407807704901,2093.527211477923,1521.0353845769216,1891.7800844214992,1151.8615818201642,2062.6607499764314,1597.6021757439964,52375.832671865486,20110.126878763218
2024-12-06,470.2112503890036,2132.793786067171,1519.7836315837408,1895.8405001550855,1165.6727229221876,2123.263935930925,1636.536981634103,51429.8521235943,21183.966589556927
2024-12-09,467.32217187559195,2126.138768752809,1544.2539684899793,1906.3118087145494,1171.4171735062691,2114.472704400923,1609.7758686104112,50119.18088127428,21214.99021648818
2024-12-10,465.9370834881337,2145.4438842553445,1550.6374387123128,1894.8146418906113,1236.8782642918159,2104.6527086981428,1624.8619051333771,48768.81136515662,21824.568442604283
2024-12-11,469.74182602383576,2203.697933842547,1542.6268526749486,1919.0058538971662,1305.2114269849956,2153.4719854326195,1659.9133184202224,50299.71324494509,23118.835690074644
2024-12-12,467.198633195488,2191.102935816088,1551.8265512959183,1921.442103337318,1282.2333178798542,2141.4075171387117,1654.9546236417289,49588.417605681934,22755.810422414917
2024-12-13,467.1862680178639,2190.037312070836,1552.8905749146145,1911.6543505531595,1267.9388113807652,2127.2855204992484,1627.5641359657275,48472.73850916001,23742.567054914445
2024-12-16,468.9612741863157,2236.1775300120817,1571.1024346363095,1930.118356659521,1313.6278339526868,2178.4427419476397,1639.0911054145317,47660.340117347536,25200.657589024508
2024-12-17,467.1492101837039,2248.292685341966,1586.3727851402177,1942.384720456246,1305.3449736760401,2161.795570937626,1626.4875486967692,47079.03373136208,26117.203292408984
2024-12-18,453.37165030448307,2149.7066265179665,1552.3899312736141,1869.4268138261355,1258.453519603358,2062.38019090254,1568.0649389987093,46544.6610208256,23954.83091633855
2024-12-19,452.97943290204125,2150.132750920663,1563.2793861191897,1867.8881575798034,1259.188230916647,2088.2860967620204,1563.8109574922119,47183.73489768012,23739.301584813427
2024-12-20,457.90292242302445,2138.107096988622,1592.693710880096,1866.0504784693703,1278.5594545445947,2103.5304724025787,1536.7134711857389,48635.212676934796,22916.913037627623
2024-12-23,461.2397862407617,2168.4771337196885,1597.5752501794286,1860.2803863952468,1300.0681410231584,2104.839795649247,1575.049262762813,50429.696987635085,23436.1443763201
2024-12-24,466.33314615922694,2218.5733919938466,1615.9124866473944,1877.7184030867552,1309.9539706174273,2142.1557222375977,1595.7926031410702,50628.2875472019,25160.38235046422
2024-12-26,466.1439740210634,2203.573405731556,1621.044012022306,1872.504126318799,1306.5474051768006,2123.451022882029,1584.2394499075988,50523.575359708455,24716.804944712356
2024-12-27,460.9904092591053,2159.7175025991137,1599.5779206705497,1840.1067039483478,1287.5770261345301,2092.588240404235,1574.9443669874279,49469.27318899971,23493.836562733533
2024-12-30,456.0568918806587,2126.0390415329803,1578.362007248613,1815.7447341483455,1277.4238986456285,2069.6750122347694,1552.4415726615587,49642.581172194565,22718.255855281623
2024-12-31,454.10277913021906,2096.093136405731,1567.222182618977,1801.5121638697756,1264.4653703383442,2051.811990100874,1537.3961772276773,48487.181759524196,21979.68491628898
2025-01-02,453.09290602596957,2081.481396821453,1526.1047491778595,1789.0318938049152,1265.3336283426777,2059.5744574580985,1573.4475540700676,49938.65402819118,20642.9648965338
2025-01-03,458.80007637759104,2132.2672216917613,1523.0380550680427,1809.4192202191916,1281.0977619808882,2096.7032970953446,1587.6001306378091,52162.804372522194,22338.90157614523
2025-01-06,461.34093188577816,2175.8046115609895,1533.3017773077083,1828.6524232983404,1315.030585490014,2128.6883158687033,1654.7404948996339,53953.673737690646,22372.10107582945
2025-01-07,456.21824236916797,2124.935118229704,1515.8409310110735,1805.2305394149514,1305.8126938635116,2077.25039264089,1622.4176568665218,50599.39553588582,21463.719047697523
2025-01-08,456.9301071529348,2119.737331459345,1518.90743326665,1814.5906108132176,1295.5259174272935,2077.4374795919944,1603.5910337805963,50588.56723105345,21495.2874733028
2025-01-10,449.88806309859666,2104.7061586218924,1482.2960803758954,1790.6134362251773,1282.7676069003044,2047.6034612869776,1617.087409364498,49072.108601629174,21484.401465651692
2025-01-13,450.5968365879574,2097.7301697741655,1466.9629935352916,1783.0910439373445,1275.8874981609847,2043.1143733991896,1597.315760479814,48104.45491193015,21950.83882308226
2025-01-14,451.1133466447486,2071.858767418318,1459.953694779928,1776.594509913985,1266.8699265710493,2036.5676144603158,1560.345220349901,47573.68612575011,21572.572480322353
2025-01-15,459.3744916564267,2153.6199307698025,1488.6795505982284,1822.0702480774992,1306.2133339366453,2088.8473576153333,1620.3958831620894,49191.25852889911,23306.6085257411
2025-01-16,458.40397600778556,2115.9798146235494,1428.5366995279007,1814.6761208603202,1288.5789330861799,2063.6895141492087,1605.113869845908,48227.21427414421,22522.86414303664
2025-01-17,462.98391716386556,2147.2319630512447,1439.3008735543258,1833.6956799720913,1309.2191570478665,2113.0699090314674,1608.973970125386,49722.01629390375,23212.994507244886
2025-01-21,467.04346529579067,2150.42554689615,1393.3645412234507,1831.4305817765237,1322.9126011809833,2157.6806569520472,1618.6629342725762,50848.534716433445,23080.737985238895
2025-01-22,469.91015077411475,2176.840183317303,1400.8120350644801,1907.0812679880942,1325.0500640315993,2197.895646402095,1637.148043700817,53101.57707208053,22593.07341118013
2025-01-23,472.4070118850845,2187.0393570735796,1399.7481073729045,1909.2608561365591,1322.4449832497835,2201.7301440193137,1671.151302417392,53155.72961741776,22444.48953866904
2025-01-24,471.05822735754083,2185.853918113956,1394.240643613421,1897.9347094068266,1337.3407566273886,2196.3993789098527,1700.139482868245,51494.8329737639,22128.813587474095
2025-01-27,464.1898612706238,2155.8576402675894,1438.5499560563858,1857.331338973237,1281.2313086719325,2201.7301440193137,1732.672433725558,42757.107350445935,21615.5700512812
2025-01-28,468.468702811815,2206.4444179856023,1491.1203202478948,1911.3553276890582,1304.543489017229,2227.262018682116,1770.6141834388968,46573.547521553985,21666.731297492595
2025-01-29,466.2767865843855,2190.3886774236043,1498.0045300383488,1890.5405821896472,1305.2782003305178,2217.1616066109764,1776.2859445986055,44663.519963234045,21177.435649354888
2025-01-30,468.7365898611953,2187.218956254331,1486.9271539640474,1773.6880863651475,1341.7492290196653,2194.4353226870844,1803.8825291809144,45006.5347605612,21785.925939094508
2025-01-31,466.3709579676323,2193.493872637924,1476.9763459908968,1773.987240379628,1362.7903998233012,2222.8664029171155,1809.606497273242,43352.86249738328,22021.049752197316
2025-02-03,462.822528976644,2163.7696336575495,1426.9719363410843,1756.29282469719,1344.1538875086421,2220.4348433748823,1831.3477129297396,42121.637397947845,20882.442116114107
2025-02-04,466.16636705615093,2195.4354987693723,1456.9495451525659,1762.4900735556898,1378.5544312052398,2263.8297401715804,1849.018876119274,42840.151907099236,21346.701939820145
2025-02-05,467.9884589162261,2169.2321281213813,1454.8843301789898,1766.4223553690015,1278.0251655241445,2208.744406277652,1850.8045138515533,45071.521121318496,20582.55203869337
2025-02-06,469.6939486592547,2181.905412597245,1459.5781401038375,1777.2354418161178,1279.8286593908772,2233.6216906698855,1869.4995754672796,46461.6054429969,20373.008848696263
2025-02-07,465.2484034124121,2147.0748228593243,1424.5939030281133,1751.2920607462327,1238.0137179345102,2143.0908715820574,1876.1427068471298,46880.448682382965,19681.788887139966
2025-02-10,468.3714024354499,2150.4631918851983,1426.2853859408854,1761.8490105031783,1245.5618668978682,2180.406798170408,1883.704840877787,48227.21427414421,19089.082810202985
2025-02-11,468.53045330251086,2133.3475950579164,1457.4238088354755,1758.5152990195854,1237.8802734997375,2176.8528596270803,1890.0066192366683,47949.1996140436,17879.17630862824
2025-02-12,467.2542387960841,2141.1945824756745,1484.0510670423253,1748.2575032771201,1226.4579411645532,2141.0333432365023,1904.658294080246,47349.82952157444,18315.134837801586
2025-02-13,472.1259679851226,2176.32253562593,1513.2470616773612,1754.6685272533764,1243.357528445458,2154.500749605397,1913.0081905649422,48848.2409762781,19372.645537118628
2025-02-14,472.0920014453687,2185.7737843254436,1532.4816963560104,1745.650233742763,1237.2789043649495,2138.6952558170565,1934.3029967883701,50133.629642226166,19367.20253329307
2025-02-18,473.24626061760665,2163.043382106846,1531.6670832501716,1750.822017787926,1227.5265192054535,2119.709997387597,1881.0003611314166,50332.214691205285,19273.04371612283
2025-02-19,474.37115249298756,2163.6965546679894,1534.1729874145417,1772.747738147776,1237.5462022595825,2119.523053142024,1847.9162657023644,50270.83225480441,19624.09670072653
2025-02-20,472.3151401232861,2148.913041638706,1540.187713786328,1782.1268263509965,1232.803556370879,2084.4517418503324,1824.4682849410208,50588.56723105345,19288.827928925468
2025-02-21,464.25549472868335,2098.4859932965596,1538.4334945368605,1748.2083218849982,1200.0730621062414,2025.531910339185,1794.8235822328963,48537.72486991731,18385.34410594507
2025-02-24,461.94855973012244,2066.3293760052456,1548.1446765634278,1730.1785546834783,1197.3343323771094,1989.33836275193,1754.3347767546222,47039.31892580134,17989.662476303583
2025-02-25,459.7867647737955,2016.9009453642823,1547.768738178856,1704.0545795417213,1171.7511424901525,1990.1800399736028,1726.4231835727273,45721.43707947462,16480.409035010554
2025-02-26,459.84930693744894,2019.6143883200787,1505.916886704495,1711.8918638895138,1153.7827726558037,2004.6762105152748,1768.9601071768166,47400.38365314294,15827.28843926158
2025-02-27,452.55400293409076,1966.752459758911,1486.745180216782,1681.056835983992,1125.527728641509,1952.2095231146839,1728.3662452864419,43381.74899811165,15345.613328673962
2025-02-28,459.728859551751,2004.9019323895209,1515.1893940097948,1700.1573148796006,1137.417474395349,1985.3167781836066,1754.5185451574405,45104.017056991,15945.939943161033
2025-03-03,451.6391305847579,1952.3817470171898,1491.3187934598568,1663.7550845362555,1115.5750234454458,1917.4187708968836,1719.9900043803623,41182.8702089772,15492.564466134541
2025-03-04,446.11340413528484,1928.557865506961,1478.1617174168098,1664.2689317211457,1141.6926046091248,1906.0088928735443,1680.4725691222297,41879.72259787616,14806.244370701344
2025-03-05,451.0917075839065,1970.151774632645,1476.9713577806397,1717.4163113037857,1155.7199154698528,1948.6555845713558,1723.7187038263567,42352.7156273056,15190.496854989266
2025-03-06,443.0537012501459,1909.423570687924,1474.402717279574,1699.7292400425713,1151.2445674757823,1877.0165517902008,1648.779908925006,39922.76136410724,14338.71907689429
2025-03-07,445.4996314008408,1908.7463390804562,1497.8347390353654,1684.3973672872921,1161.3309216191617,1863.4556732985195,1642.819483587094,40688.215059295326,14296.26630460947
2025-03-10,433.4831291665323,1802.9576359916684,1425.2203071238657,1628.0808699466938,1109.2361571530628,1819.406043525722,1570.165424693859,38626.54439332681,12090.89469660862
2025-03-11,430.2025872249243,1814.213291346514,1383.619113214926,1629.3229951861254,1096.998228793551,1838.5783889062861,1590.436332491095,39269.235971006994,12549.712346974884
2025-03-12,432.30493131200376,1854.8648975218277,1359.4352146899914,1641.3998466852072,1117.5285272629922,1860.0888217062964,1626.802717933071,41793.302806256026,13502.723850630384
2025-03-13,426.29979033861173,1800.0290871247237,1313.6986985507629,1622.127954244256,1088.438458532717,1813.3270733173745,1550.866369026912,41735.52704950542,13099.421683438803
2025-03-14,435.3654258701004,1850.7307926087617,1337.5694909549418,1664.0548943026306,1106.6949865411573,1851.2975901762939,1596.8181079344197,43934.60421979711,13605.590311241416
2025-03-17,438.15878735306217,1832.0793078656525,1340.7647274060005,1664.6545138353815,1098.6700165821328,1830.628977303488,1589.722462926301,43161.85726178682,12954.10245054295
2025-03-18,433.49085740254736,1782.2158434109435,1332.5572989177201,1642.470558379296,1074.461764526558,1803.3201333690215,1530.4854250793871,41681.360727698935,12262.88331947244
2025-03-19,438.17190650493166,1808.0469752288543,1348.5336730272543,1660.8857765446728,1095.995197022911,1828.7583932035063,1534.9533746912637,42436.04948981322,12837.085342665572
2025-03-20,437.2145477068721,1807.6242764037936,1341.3912274288732,1656.688833266556,1088.7059609398937,1823.240541142941,1540.0516627757443,42800.759470919,12858.855696996225
2025-03-21,437.57509819100846,1838.9523984705156,1367.5174582862417,1675.6180297672013,1096.6639530408522,1835.0245930684891,1566.9894761867615,42501.04962703976,13536.468979474415
2025-03-24,445.29654843785016,1906.5921889488166,1382.9298768553579,1683.4122967906846,1121.340334308986,1900.9585441324436,1626.3839380151105,43840.72033713603,15151.854351479491
2025-03-25,445.99759369119585,1932.2220698988826,1401.8509257776498,1692.320292832566,1140.5999963443383,1923.8719150074398,1645.9894885357091,43580.730809405235,15682.514835525535
2025-03-26,441.02162756273486,1879.0574031867977,1387.9420688925795,1670.0934512025506,1103.8193356640095,1881.038136358524,1605.7009970419751,41078.33160499634,14807.332307077828
2025-03-27,439.563177481202,1870.1807205875234,1402.477617654763,1672.7057044513097,1084.9610294956938,1883.1891368268657,1583.62517510657,40236.975074815375,14865.569292165288
2025-03-28,430.8874220319945,1802.1688076469595,1365.199091642116,1622.2564816156678,1032.063860064337,1802.3848413190308,1515.7156822497334,39601.444505852574,14344.160419748277
2025-03-31,433.27390131344197,1795.1217398815413,1391.701260884056,1607.65288691493,1034.1369014636834,1779.3779983212478,1514.71716442463,39135.63177219747,14105.22799884199
2025-04-01,434.91221195120806,1826.4499855890701,1398.3423913515946,1636.7745662693028,1050.3872636745716,1797.2410204551434,1540.0516627757443,39774.774531398245,14611.395796158822
2025-04-02,437.8383859974919,1842.618479293499,1402.7280833659436,1636.5605288507884,1050.1865346129173,1833.1540089685075,1534.6115397601473,39872.26784900344,15389.698836009293
2025-04-03,416.64891999786624,1718.8170053213878,1273.0373026396926,1597.888347747853,1007.9223813542847,1668.5527402628225,1397.1370320539522,36759.620652003694,14547.172669543348
2025-04-04,391.75431146035197,1620.921320395275,1180.2489176872764,1541.0580032223647,973.682993542133,1599.2517949011135,1326.4681216939584,34055.00492132075,13031.388288048285
2025-04-07,390.84094705950986,1625.9079141223588,1136.8933126746288,1532.5784754686495,981.3733809796431,1639.0927531544837,1356.743484148118,35257.453731781825,12697.208283109489
2025-04-08,384.7045391699988,1590.1551312475754,1080.2554467269038,1518.4458417788712,967.6642916369325,1596.0720302599943,1341.5007465089375,34773.588312818414,12075.111314291764
2025-04-09,421.31066735956904,1819.0816553707432,1245.8460888924249,1672.3203846378315,1061.3545555999945,1787.23408050679,1539.447347451092,41284.15481092065,14814.952844627918
2025-04-10,406.7301249090283,1724.4686920379474,1193.0299594186313,1633.1772425239365,1021.9658487059661,1694.8328200245114,1435.6909682910152,38843.143553500326,13737.302865059166
2025-04-11,414.08872505028535,1746.6739844788576,1241.460396878076,1663.5838021412924,1050.8553928871304,1728.9688392662117,1428.5426344401303,40056.426179381466,13732.40465990764
2025-04-14,417.3785408751115,1737.7518893386987,1268.8396277811896,1660.8428903707425,1063.7620772645835,1703.2498776523048,1396.7690133381686,39976.98554708458,13734.582193632174
2025-04-15,416.65740220812665,1723.9946168213407,1266.458716654609,1651.9351566296186,1045.304820194489,1679.5884443839534,1370.5935817801019,40515.02004314833,13830.372915367141
2025-04-16,407.3207883328517,1657.6466763990259,1217.1512175339908,1591.4644710344553,1025.376402141195,1630.3951364527989,1320.1081928439758,37730.96643546235,13146.773491360938
2025-04-17,407.8612370719335,1649.0577495941313,1234.130030050969,1575.0620177354656,1010.8648055769547,1614.3090835905675,1317.9269068808035,36647.67581815276,13136.976250572096
2025-04-21,398.248970212551,1595.240273970333,1210.1966931643353,1537.9745266618886,987.525834088432,1564.8352165855222,1273.7226544855846,34993.857524400766,12382.077961074352
2025-04-22,408.25187112846004,1644.7444891526195,1251.4222364700643,1570.9508468052097,1012.9378469763012,1619.6398487000283,1314.7732065588373,35708.8259703666,12951.925747304198
2025-04-23,415.05381208435995,1702.160559538083,1281.8712311508455,1603.3703024393315,1038.8849669347953,1689.0344088900551,1367.308400306294,37088.21424131746,13646.955147149754
2025-04-24,423.46243445843254,1751.5741023713608,1305.491365989603,1658.6587119590129,1065.1662603897166,1744.5872461034476,1401.1580903226115,38431.491631064,14124.27768174565
2025-04-25,426.5846795072251,1803.7041064507089,1311.1926984592726,1678.1447729688575,1083.0886149017297,1767.5006169784442,1438.2664567546383,40085.318190697544,15508.893477611207
2025-04-28,426.8579951711719,1802.416220173516,1316.5808288810658,1675.1898237797932,1074.060613172065,1755.436005979005,1444.7577864381049,39262.01434582489,15559.509925148575
2025-04-29,429.3348005672148,1816.0582085484066,1323.2846956853,1687.5237300216988,1071.0513133476006,1752.536800411777,1457.109786059002,39366.73204390604,15894.233898275612
2025-04-30,429.97021236250106,1799.6350511477767,1331.3668433544299,1692.7484988199744,1061.9564360161417,1724.760310452315,1442.8129577205168,39330.62391799557,15357.042474027532
2025-05-01,432.67863864672177,1860.028981262965,1336.5044121379224,1821.8265706733328,1078.6748251833167,1778.8168801734655,1503.810573972053,40301.97245674807,15267.781862008818
2025-05-02,439.05051269306216,1896.979363534329,1286.5703170673112,1864.1389616955646,1096.9314554480288,1776.7593518279107,1569.0133381684984,41345.54275790923,15631.896727016598
2025-05-05,436.24866899983994,1883.2666962561198,1246.0967464578462,1867.9504540098244,1098.1352162803232,1742.8104195373148,1574.926375675264,41099.99648054262,15253.632045228256
2025-05-06,432.8925034414212,1861.6466830276731,1243.7158353312655,1855.7021889654006,1091.5814073044978,1730.27816251288,1543.4945895044186,40998.89097269945,14986.39666881771
2025-05-07,434.7740084720316,1865.019713320568,1229.5564168078943,1855.8734713603637,1012.3360688164258,1764.8819704851069,1568.461229776465,42269.9493553312,15033.747646254062
2025-05-08,437.2955999382495,1886.3840155424537,1237.325362429148,1876.5157541114004,1031.7294820553664,1796.39934323347,1571.6150104167891,42381.89143388828,15501.81773873514
2025-05-09,436.9844724658972,1894.2541092450283,1243.8412120775363,1878.9139699416446,1021.4977194934072,1805.56460596015,1557.1080692541025,42121.89915086364,16233.312938851723
2025-05-12,451.21215496960446,2006.3666832037477,1322.3849952237288,1924.0100277579777,1059.682665555141,1951.2742310646927,1680.4696776613462,44414.86295911026,17328.378205302055
2025-05-13,454.48263135503686,2049.2730249431856,1335.8102834952174,1923.496180573088,1066.83815043457,1976.8061057274956,1724.095878834938,46917.259408225305,18182.333517121566
2025-05-14,454.9482104515532,2078.1005771577557,1332.0462951477245,1939.7699753502864,1105.8924793196277,1966.331519754147,1732.8472064722941,48870.79030115039,18923.08032886718
2025-05-15,456.828207533673,2052.1956172324585,1326.5255934456356,1944.1463323468638,1096.4633262354698,1918.8215662663388,1692.1646731148253,48686.63197077236,18658.567284855195
2025-05-16,460.0284135194368,2059.6206694889597,1325.33360304842,1949.0374545809843,1111.3761764104752,1922.7495360063447,1682.8613977221512,48892.45793199052,19048.262772968672
2025-05-19,460.4314504522997,2055.2419666959304,1309.7753752564026,1968.7736193635665,1113.716720216998,1928.0804438213365,1683.0978549677359,48953.8458789791,18618.83518399737
2025-05-20,458.64487077918153,2045.6667717245136,1297.7303823193367,1965.770406835033,1096.597077439058,1908.534067244095,1674.3463666936639,48524.14127123446,18712.994001167608
2025-05-21,451.24457586215544,2024.591745351627,1267.8059171325178,1941.7436574037338,1127.225285010598,1880.9445215302062,1670.1415400221858,47592.51029333654,18212.26754670477
2025-05-22,451.0438302193254,2038.282084554801,1263.2262604808623,1951.5687880459052,1142.6731399999567,1899.4622766402017,1672.9534857313936,47964.441899624435,18561.687796257964
2025-05-23,448.0180938739404,2011.5990893998933,1225.0207907044703,1931.4894027215014,1126.623404594451,1879.7288131118555,1647.9605010379644,47408.35196295851,18469.16171413823
2025-05-27,457.18412107620026,2076.2990287869484,1256.0117736151137,1976.5823129287387,1156.248478139079,1926.7711205746677,1688.064902855448,48928.563302607145,19750.911879878535
2025-05-28,454.63704528048885,2066.4081570178764,1257.3292366857204,1962.2950529421291,1152.6372978984675,1914.613037452442,1691.3762681139233,48679.413100884114,19424.894719706506
2025-05-29,456.460682787767,2074.7086152755073,1254.3806288610292,1967.9585197581325,1149.2936200650324,1923.7783001791222,1695.239581127716,50261.01789810902,19508.16752922564
2025-05-30,456.42362495360703,2063.433693773832,1260.026803236509,1975.166413437143,1148.4912150997748,1917.325156068566,1701.6520381837488,48794.964614385324,18856.67966852717
2025-06-02,458.2958937997116,2085.594984633648,1265.359200001391,1982.0742350490207,1130.3683360386508,1932.6630038319108,1763.1754184059357,49607.4291332502,18651.491545979134
2025-06-03,460.95414309790294,2085.7439936243027,1275.208613008353,1986.3646885473588,1111.309300808681,1923.8719150074398,1752.5314689836105,50994.03627408931,18737.485026925257
2025-06-04,460.988109637657,2098.503695750838,1272.3854778570528,1990.2260180056355,1123.8146293190973,1938.0873837696895,1807.983905807449,51246.80693193186,18072.39048714869
2025-06-05,458.55529863883146,2050.6994180154793,1258.6466038292067,2006.5727323935535,1124.8847412040752,1944.447055757459,1799.232417533377,50549.89392656819,15495.286798533103
2025-06-06,463.26956030672426,2091.0596900860173,1279.2862830393237,2018.1571142195207,1161.464570566478,1997.3813891830457,1833.6340553050125,51174.58516952322,16063.501849712438
2025-06-09,463.69574424892005,2106.91669623423,1263.790791584002,2028.3255965538929,1179.0068385160007,2029.2727931280865,1824.0414731872725,51503.187024718536,16794.99538885745
2025-06-10,466.2381831030225,2135.2255243551126,1271.4445287337398,2020.47401681479,1195.8125545393414,2035.1648190908604,1845.9597105045268,51983.44576403168,17748.007722998733
2025-06-11,464.95887730218965,2119.1420955254744,1247.0406693218895,2027.7678139920404,1187.443185456704,1993.9209227625042,1824.2517466481893,51578.985158545096,17766.512607228367
2025-06-12,466.73614539337757,2118.3044799731647,1249.6754995359827,2054.5833450822215,1176.3956223578737,1994.2950966647131,1822.2018615185007,52362.618282558615,17368.108645188313
2025-06-13,461.4637165916368,2102.9360295618826,1232.4234865803055,2037.8075066542422,1169.4992548713292,1983.6334237402602,1794.6333883614482,51268.41945689499,17705.55495071391
2025-06-16,465.7980883359996,2139.6743678503035,1244.7822571279696,2055.741796379856,1183.5597990204105,2021.0428224513976,1846.6435410034755,52250.67069341383,17913.465405660514
2025-06-17,461.9076566273111,2116.5969131611837,1227.3419392350854,2051.022218841457,1178.0694552718924,2009.071826280276,1833.78232299365,52044.82820043256,17217.892037626716
2025-06-18,461.7648162065256,2120.2267308629544,1233.2390589573479,2060.4612427678762,1160.4604139768473,1987.561393480266,1829.9424629403568,52535.953818691974,17528.12332402454
2025-06-20,460.75878837092745,2098.435067830308,1260.9678482869424,2048.2763233565056,1115.734543229542,1961.0942267674727,1794.646399935424,51947.32937223966,17534.11112652412
2025-06-23,465.1850695758009,2145.5514372109187,1264.1044732674798,2085.1744332828184,1106.026128266944,1949.684348744133,1837.2016361251092,52062.88639632856,18977.507045179595
2025-06-24,470.35872775139813,2162.6771434923694,1256.5764006453737,2102.8082574901623,1116.605050871856,1989.899480899712,1873.1550245708918,53409.86690101015,18530.66416932671
2025-06-25,470.3571821041951,2159.352369478906,1264.480891287653,2112.0757367208603,1142.7842925674645,1982.604659567483,1863.8970487320591,55724.66090243407,17827.47026374282
2025-06-26,474.12950374734623,2186.938873462935,1260.9678482869424,2134.300479944812,1161.933313316668,2030.5821163747553,1909.6870264668066,55981.05752698385,17731.13557381961
2025-06-27,476.60397182322845,2203.9575358980146,1261.469738980507,2127.821913523375,1195.3438117891512,2088.379711590338,1929.5179502996025,56966.91819844681,17614.118465942232
2025-06-30,479.0653584459535,2202.115840630077,1287.128133272028,2134.128935249091,1179.944221760109,2051.811990100874,1941.2482858305466,57053.58872180734,17289.190903118255
2025-07-01,478.5295089497685,2161.578776752392,1303.7528787878698,2111.131847443256,1177.3329033457103,2061.819072754758,1891.6181267690745,55359.931634271335,16366.657397234198
2025-07-02,480.80017778712704,2179.8370182743133,1332.7362989242554,2107.0130697910186,1196.0802614590616,2056.768724013657,1876.758106105169,56786.3582818375,17179.7926718194
2025-07-03,484.80954893302277,2199.3320606014267,1339.6998404432218,2140.2642811287064,1202.0392457014977,2089.4084757631153,1891.0658577403253,57541.09939453495,17163.4653213143
2025-07-07,480.99783213555105,2170.2019229687,1317.1153347955424,2135.4589312424464,1183.6936524802707,2089.969593910898,1889.3300173899283,57143.868680112,15998.189125748913
2025-07-08,480.6534920976902,2170.556699353126,1317.4917528157157,2130.739353704047,1167.4236570651863,2051.531431026983,1895.4318030377005,57779.443333776406,16208.820252122507
2025-07-09,483.56726326763766,2195.8149742231208,1324.5807670080733,2160.3009114295587,1182.555437918236,2081.271834503682,1927.2823691265066,58819.4730823397,16103.777088272724
2025-07-10,484.8952381060092,2204.998344206128,1332.5481858412888,2151.591214760713,1189.2508718305828,2078.653188010345,1912.7114945509516,59260.04456903061,16865.206317972505
2025-07-11,483.29628492385143,2205.6216829679906,1324.7062396814645,2159.4856806737457,1206.4583527460475,2104.4657644525696,1887.1207806382156,59556.16150972883,17063.320362616047
2025-07-14,483.9764827893126,2210.533248544567,1308.7715938692736,2158.198439703941,1215.6310471003892,2110.731821612021,1896.089289115266,59249.21075361055,17247.826067209917
2025-07-15,482.0617274944814,2205.1670193579857,1311.8456743673562,2170.2118144195906,1218.5771525488462,2116.9044066486867,1868.3945554996337,61643.43987674365,16914.734829133387
2025-07-16,483.6012675061039,2207.781106016373,1318.432797866149,2169.3536974898475,1225.0717551432667,2087.3509474175607,1848.721216284989,61885.393250929235,17507.442567041937
2025-07-17,486.2000282363355,2212.643549827873,1317.5544891524114,2195.4399013224547,1229.1559728974864,2093.8040915281167,1844.7761391828792,62474.02320796925,17384.43765666498
2025-07-18,486.1560338391181,2227.6645113893164,1324.8317123548554,2188.360535014856,1239.0652191780105,2114.8468783031312,1852.3246190926975,62260.961845099744,17941.766700193206
2025-07-21,486.83623170457935,2242.923648781781,1332.9872442710375,2188.4034211887865,1272.8105046845515,2144.493809657044,1875.180011009639,61889.008196461065,17878.631509954215
2025-07-22,487.1466052026862,2231.158644215567,1345.0322372081034,2167.852025650391,1281.1128959091227,2127.3789926220347,1853.7184638752624,60318.1270029022,18075.655957249706
2025-07-23,490.9521394113459,2243.5746539923184,1343.463924717835,2170.4263764396214,1273.6809100705939,2135.0478451509416,1876.7844505265523,61672.33188805973,18100.14864397892
2025-07-24,491.2949338020037,2231.572666365216,1341.0173035138284,2191.9216612556206,1286.670115259435,2171.896125714297,1879.9931689236626,62741.2536479391,16616.475825791593
2025-07-25,493.2475009052404,2242.5980661736376,1341.770139554175,2204.063956793819,1293.4325270298477,2164.507832259281,1874.4173078832566,62654.58312457856,17202.107824824077
2025-07-28,493.33473572542977,2259.22206715475,1342.8366572779996,2198.8722378910497,1289.415287133694,2177.133418700971,1887.4364317846648,63828.22809312678,17720.794364842528
2025-07-29,491.87473999669385,2235.8044111503796,1325.3963393851154,2199.172572258941,1310.6399056890405,2160.486247690958,1841.0676799630696,63380.43222595993,17481.86194393624
2025-07-30,491.2601755892921,2231.253367619232,1311.4692563471826,2202.047126265683,1315.8624402615665,2152.8173951620506,1828.469584893643,64738.25756723697,17364.300037384837
2025-07-31,489.4450579909866,2311.378210355165,1302.1845662976011,2288.972285957663,1284.8623266292843,2189.478588774301,2034.2220860826058,64232.68318802567,16778.123239678327
2025-08-01,481.61778745880713,2244.7577510496094,1269.6251749695687,2248.684725636686,1266.315902090131,2008.4170933041762,1972.598950459938,62734.02926746316,16471.157423381523
2025-08-04,488.7154371137414,2296.7457863912787,1275.7105037019176,2298.1541239908797,1305.8861138667046,1979.4247522208327,2041.9283112472908,65001.873061674996,16832.006818288282
2025-08-05,486.3413230099179,2276.005099304823,1273.0128412240085,2264.3021127670304,1303.4088534247096,1999.064743626392,2007.9737254555885,64373.51727789883,16802.61592640754
2025-08-06,489.8828154378489,2312.569133148201,1337.8177503423549,2252.2459830278294,1312.9163348131094,2079.1208340353405,2030.4084098139797,64792.42113374961,17411.651014821186
2025-08-07,489.49214368261,2310.16581769975,1380.3519314236203,2234.6550449944166,1315.7954624035006,2086.7898292697782,2003.6866527856464,65279.9373170649,17540.097268052134
2025-08-08,493.31004306889383,2340.4124899980034,1438.8206623899557,2239.803484272119,1348.6032624096615,2082.6747725786686,2023.3334869421928,65976.89991771789,17941.766700193206
2025-08-11,492.0747316652784,2341.67564811392,1426.8246882113783,2238.645164124863,1345.7912149336082,2069.6750122347694,2014.3122896223763,65745.78035895237,18452.289564959105
2025-08-12,497.65753396512605,2379.2892905816307,1442.3377343297202,2270.694906840607,1361.4586141386424,2071.264894555329,2077.776482644257,66143.016583963,18550.80178860685
2025-08-13,499.2650070562565,2363.8448956232764,1465.4504147019343,2233.539479870712,1352.2189419262347,2100.163620810355,2051.686027908822,65576.05425776313,18471.339247862765
2025-08-14,499.4163296873023,2370.9230699609825,1461.9960790988655,2241.6912628273267,1358.7804201224494,2160.2056886170667,2057.0776386362622,65731.33710858817,18264.51672929265
2025-08-15,497.9694531104359,2365.224392465009,1454.5221093726252,2231.780228686916,1365.208044858804,2160.673334642062,2065.230915780881,65164.37478238829,17991.295211354092
2025-08-18,497.91927612440657,2350.5514434085844,1450.1257694479198,2218.608271523253,1362.5299530988827,2164.9754782842765,2018.257366724486,65727.72216305636,18241.658438585513
2025-08-19,495.002413660053,2311.319182779601,1448.0531680860781,2187.159197543291,1349.6077257681077,2132.4291986576045,1976.4651549346145,63427.38243317201,17923.26181596357
2025-08-20,493.7987314760309,2288.0166581849367,1419.47638301277,2169.7828215299087,1334.5428205168516,2093.149358552017,1966.5758768028836,63340.71190981148,17628.81308139682
2025-08-21,491.8214717162583,2272.7512078383584,1412.5049754699364,2166.989318457383,1337.4218458509708,2075.753982443117,1943.9044139254765,63189.03849393055,17422.53536150073
2025-08-22,499.29049138575,2327.7184775045994,1430.4674246787747,2179.8390391398634,1379.8711852179356,2140.1916660148295,1985.1707011079818,64276.01844970593,18505.628344895034
2025-08-25,497.16032564901633,2332.3412763413794,1426.6991196108668,2167.0753531060013,1395.940349315094,2131.774608387036,1981.2518077905395,64933.26073421047,18864.30020607726
2025-08-26,499.2155840444724,2339.1844458710984,1440.2023966311833,2157.5348187862423,1386.9014061643404,2138.9759575964786,1983.3559881301514,65641.05715028352,19140.24405641438
2025-08-27,500.40920067231883,2336.966227982788,1447.6135340936078,2177.7331575043922,1389.1778352884094,2142.8103125081666,1965.681772843018,65579.66920329494,19027.580355014503
2025-08-28,501.988852113795,2346.7677874517217,1460.614344857638,2190.1961157192254,1417.0311144105801,2166.004242457054,1975.4920177105994,65063.261008663576,18830.555907719016
2025-08-29,498.7770349246525,2313.210188910319,1457.9764449756942,2177.5183331836033,1425.5343369530776,2141.6880762126025,1942.8525647107438,62900.14042312057,18171.447509470458
2025-09-02,495.3243606628263,2293.4736542693786,1442.7774642493112,2170.7711707859908,1415.0894723205693,2107.4584421425843,1933.4103385589463,61672.33188805973,17925.982487390564
2025-09-03,497.8505513719409,2327.2419076528995,1497.7326725793346,2171.759651192452,1544.3791325114742,2113.5375550564627,1938.5128031980362,61614.55337601527,18183.42145349805
2025-09-04,502.0058542330282,2358.0610514306727,1505.9601498357638,2183.0191735296567,1555.3597177522383,2204.161703561547,1969.022052710328,61990.121970185784,18425.0762068029
2025-09-05,500.4169289083339,2355.921279997516,1505.3949472427817,2127.2801313077593,1573.4375017974735,2172.831417764288,1979.0163872541593,60314.51756795808,19095.068951731
2025-09-08,501.4707964098008,2356.7331928080753,1494.0271038481224,2141.0322977480823,1568.411299266912,2205.6581137593193,1978.6217028435613,60780.36060984555,18853.41419842615
2025-09-09,502.8188269630991,2376.832533212869,1471.8566196517856,2141.9347435059253,1605.8725776927176,2228.1038386093205,2013.8650770057275,61665.10750758379,18884.437825357403
2025-09-10,504.3189718204011,2357.496274773103,1424.3752851208824,2150.357876596674,1602.7898578650604,2154.126718408719,1977.7801270897455,64037.68002105216,18929.06813136676
2025-09-11,508.59856733583763,2380.8399644833034,1444.724401083521,2153.10836234489,1610.8315978526693,2150.572779865391,1974.9397486818502,63983.50543336413,20073.117110303956
2025-09-12,508.35303562283264,2422.8063742666577,1470.0980836819035,2191.3133857978564,1613.7132818498567,2133.7385219042735,1987.2748814475938,64218.250958836885,21549.714189615217
2025-09-15,510.74565979437995,2466.000915452781,1486.6159663856981,2214.777893554418,1686.1561241089482,2164.414217430963,2011.2349720587492,64192.968382464926,22317.131221814576
2025-09-16,510.0878549640062,2485.351618047928,1495.7228075541889,2187.6175681178674,1683.1404843956288,2188.917470626519,2048.8453282274954,63156.49296296874,22947.39186588485
2025-09-17,509.5929839680571,2479.7571479327676,1500.9986073180762,2191.8290690880526,1672.2170604108323,2166.1911867026274,2040.2186546815615,61498.847566058444,23178.160611538588
2025-09-18,512.0334855041854,2480.6132950600568,1494.0271038481224,2185.082037840819,1688.9707279917982,2162.5437760365126,2052.133079888755,63647.646134166665,22687.777027024396
2025-09-19,514.5349835567642,2507.1277896148335,1541.8851441805602,2225.822591570834,1706.9976906699203,2164.8818634559584,2047.214704925915,63802.93449557943,23189.591417863725
2025-09-22,516.8041067469197,2510.4020890873394,1608.3337645057543,2210.86725155364,1692.321461507991,2128.8754028198077,2013.803071233448,66309.25999372525,23632.624024941564
2025-09-23,513.9605682779285,2474.2169779505743,1597.970853623668,2188.4341103774705,1686.491217911822,2064.1571601742044,1988.1161359279777,64438.54221277003,23177.61747383613
2025-09-24,512.4975189534989,2488.060573569752,1584.6559774676787,2192.3877697025573,1656.2005582936802,2059.4809853353117,2001.9596474546158,63911.27816036779,24099.60618104616
2025-09-25,509.9303874428605,2457.1699072219817,1613.2954029505622,2178.979479555951,1647.15353689745,2040.2150251264302,1971.0351520321096,64171.30075162479,23043.728216779626
2025-09-26,512.9399133419702,2474.092042552221,1604.4398908373353,2198.0175308711596,1652.1796371717396,2055.459400766989,1957.4547634458704,64351.8716894095,23969.525531793137
2025-09-29,514.2917891639198,2481.843215618023,1597.970853623668,2211.511724516006,1635.493049705112,2077.811510788672,1956.5336725177588,65673.65227653465,24122.464471753297
2025-09-30,516.3956788982024,2479.1929385683093,1599.227019264384,2225.9086262194523,1629.1266764755997,2053.4954872497515,1932.7941361173284,67381.85180501344,24204.649344895945
2025-10-01,518.1513833259727,2482.8146687067447,1604.3770585735192,2233.472330876668,1641.1892353288774,2063.408955075318,1887.9470959040348,67620.20676543031,25006.898611830034
2025-10-02,518.4717846815429,2471.5452310384817,1614.9284662470536,2216.410978073624,1646.4834515479747,2080.0561260853315,1913.5024697393058,68216.08865588479,23730.048312212824
2025-10-03,518.5057512212969,2448.0268295958767,1620.5181395486595,2223.3299474677156,1644.2049772984685,2052.9342263964386,1870.1029269716375,67757.43693094706,23394.234741737735
2025-10-06,520.3965301351253,2488.8286738969205,1612.1649977645984,2271.548433507086,1678.2483398374711,2065.9339867403373,1883.5254096662943,67006.26116849214,24668.90916860198
2025-10-07,518.4130877865408,2458.4858381432573,1610.846191714307,2251.822629604444,1646.9525010669802,2074.1641001225576,1876.7352956915324,66825.69023070742,23571.66636842711
2025-10-08,521.4342248890291,2476.7684005390925,1620.7694686039229,2255.5614646087424,1639.3128327403108,2106.33620584702,1889.2630318794606,68295.54030935708,23876.456311970946
2025-10-09,519.997376169626,2485.2945105413573,1595.5213546060515,2245.0327121832797,1618.6053241517427,2129.904166992585,1930.5044203710245,69545.09362348587,23705.012487781154
2025-10-10,505.89937723612263,2393.586982517702,1540.4406736026372,2195.868763061758,1585.3661049346192,2023.567854116417,1856.2592548082837,66146.74725183655,22504.902396509468
2025-10-13,513.7907355791588,2445.7580935286774,1555.4512534646926,2209.1481323858156,1636.1631350545877,2058.1716620886436,1883.6307873518265,68010.24065231581,23724.605308387272
2025-10-14,512.9869990335935,2422.164198464294,1556.1421205853067,2207.0853992250322,1644.875062647944,2023.754941067521,1865.0761222256658,65016.3714179162,23362.12317843
2025-10-15,515.052285286513,2441.991049077801,1566.0026611382268,2206.4836812862177,1682.2692609594117,2016.0860885386141,1888.4996862062155,64944.14414491985,23683.78527115296
2025-10-16,511.8103468262679,2428.3798981746195,1554.132351487281,2198.6621349839043,1685.1509449565992,2005.798446810839,1874.0770793192978,65659.20351558275,23335.454618947817
2025-10-17,514.5079535800677,2451.292386936073,1584.5303129400468,2207.1284165493416,1697.4816197546847,1992.4245125647315,1886.8415940262419,66168.41488267668,23910.200610329193
2025-10-20,519.9989218168291,2491.931229016375,1647.022227333006,2220.9233380132164,1719.261285353668,2024.5966182891943,1926.9776412767285,65958.9519335759,24352.14528103055
2025-10-21,520.0159239360622,2487.7840109048443,1650.350898408443,2224.6621730175148,1678.4494779242132,2076.5021875420034,1929.8727968046946,65424.4635006977,24089.264972069075
2025-10-22,517.2403185465789,2479.5325144065396,1623.218871694419,2237.0390965837296,1686.692253742292,2038.3445837319798,1930.24113679391,65106.656886808545,23891.69572609956
2025-10-23,520.2544813872976,2496.843158242382,1630.3157519106435,2237.125131232348,1696.0072888270581,2067.710956012001,1931.7940119250675,65785.60537626714,24436.507687897734
2025-10-24,524.3657521524551,2505.8487327458133,1650.665155654643,2250.2325624095474,1741.8454010433466,2096.890384046449,1943.2689350779685,67266.28375974913,23605.95546545938
2025-10-27,530.8102339186247,2565.328208184021,1688.285661851265,2284.226216042708,1804.5039541861224,2122.702817783143,1976.062117414797,69155.05973660036,24623.735724890164
2025-10-28,532.0246979343557,2593.4594444690097,1689.478995228165,2329.5651643609335,1792.4413953328446,2144.0261636320483,1977.6938651733878,72600.35080487408,25066.22353329398
2025-10-29,532.0015132263104,2608.263321866403,1693.8755270071117,2327.3303619029134,1840.0218521652955,2153.846159334828,1978.2991443183346,74770.81149323472,25118.474376853428
2025-10-30,526.7321380202635,2488.738852487579,1704.5524073540366,2259.4723689102784,1886.3290139005899,2084.264654899228,1754.063621978436,73272.0749138567,23953.19818128804
2025-10-31,528.111081517622,2498.301246999041,1698.0834660674898,2225.3069082806383,1884.3855311976856,2284.0308497249216,1706.3741150799424,73127.62036786402,24849.061466718347
2025-11-03,529.0198089768551,2513.335838141141,1689.7930606201246,2221.9549668943655,1901.340234609121,2375.4968181572094,1678.3711196067857,74713.03298119028,25491.84085349024
2025-11-04,522.8107933675147,2460.656388864214,1696.0108647056486,2210.3515682634443,1859.9252174319847,2331.7278901638338,1651.0259314846255,71755.28013858268,24179.61352046427
2025-11-05,524.720911720737,2483.0966133832244,1696.6389954895667,2179.538180170456,1905.2940756167236,2339.957860840523,1673.738999271412,70498.50795456563,25148.953205110654
2025-11-06,518.8554821750121,2428.33068913368,1694.315065072462,2136.3049823373226,1908.242737471977,2272.99500289826,1628.970831685552,67923.56461836759,24269.417270185444
2025-11-07,519.5101957109798,2409.571236874646,1686.150324152728,2135.101677610073,1868.5699626547312,2285.8078189965854,1636.26116839316,67948.84168415185,23377.362592558613
2025-11-10,527.5111819092928,2468.9799897716043,1693.820081131561,2174.5530231145985,1944.0956269977519,2323.123602879405,1662.7114493718755,71885.29143421118,24232.40750172618
2025-11-11,528.6059525135711,2463.4795303072246,1730.4086033676774,2186.070387096901,1952.2043448434272,2329.670361818279,1650.3943079182957,69758.16600753079,23927.07275950832
2025-11-12,528.9387190467654,2429.8571730752333,1719.2183210727483,2196.6424191474307,1921.377555591942,2283.843762773817,1602.8363624900016,69989.2965874717,23436.1443763201
